Date,Close,High,Low,Open,Volume
1998-07-01,10.806849479675293,10.886311608202316,10.56846309409422,10.700899166642023,20818650
1998-07-02,10.886312484741211,10.912800671380221,10.806850349816093,10.833338536455102,3037200
1998-07-06,10.965768814086914,11.018742734327173,10.806844628375508,10.886306721231211,1737750
1998-07-07,10.806849479675293,11.018747680750119,10.806849479675293,11.018747680750119,1077000
1998-07-08,10.886312484741211,10.912800671380221,10.806850349816093,10.859824298102202,1180500
1998-07-09,10.965768814086914,10.992256986702357,10.806844628375508,10.859818548615769,1443900
1998-07-10,10.939287185668945,11.204161795307135,10.939287185668944,11.018749326061194,1117350
1998-07-13,10.912800788879395,10.93928655081167,10.80685046617449,10.912800788879395,790800
1998-07-14,10.83333683013916,10.965772892490909,10.83333683013916,10.912798952548515,1276350
1998-07-15,11.018746376037598,11.018746376037598,10.806848200053302,10.806848200053302,863400
1998-07-16,10.886312484741211,10.99226280630534,10.806850349816093,10.912800671380221,1084500
1998-07-17,11.018746376037598,11.071722738777243,10.753874262305086,10.806848200053302,1201650
1998-07-20,11.601471900939941,11.601471900939941,11.018748759685367,11.018748759685367,995550
1998-07-21,11.257135391235352,11.627960318000037,11.124699303100536,11.601472130376274,784650
1998-07-22,10.859821319580078,11.230646130852486,10.780359206449026,11.124695838347336,1497900
1998-07-23,10.806849479675293,10.939285552223094,10.489000965567195,10.912799792708563,1248300
1998-07-24,11.018746376037598,11.04523455740742,10.859822137801519,10.912798500541165,1009800
1998-07-27,10.965768814086914,11.15118117241376,10.912794893846653,11.018742734327173,843600
1998-07-28,10.59494686126709,11.045231260186672,10.59494686126709,10.992257338252221,2081850
1998-07-29,10.436028480529785,10.700900662655194,10.383052104111059,10.594952759801853,1331400
1998-07-30,10.59494686126709,10.59494686126709,10.383046323547882,10.515484765870063,1982400
1998-07-31,10.59494686126709,10.859818895930042,10.541970514341935,10.59494686126709,1093650
1998-08-03,10.330078125,10.594952731407606,10.303589936861625,10.594952731407606,1009050
1998-08-04,9.747356414794922,10.303590832879548,9.69438185265545,10.303590832879548,1245900
1998-08-05,9.297069549560547,9.800329926690639,9.297069549560547,9.641405660886184,654150
1998-08-06,9.270581245422363,9.40301852740914,9.270581245422363,9.350043372115262,589200
1998-08-07,9.376534461975098,9.588433343778826,9.270584717949163,9.323559893086202,1100250
1998-08-10,9.800328254699707,10.144663701031824,9.323555538626444,9.376530082774186,321750
1998-08-11,9.323558807373047,9.641407396189763,9.323558807373047,9.641407396189763,334050
1998-08-12,9.323558807373047,9.641407396189763,9.297071222888963,9.641407396189763,513600
1998-08-13,9.217611312866211,9.350048054933849,9.217611312866211,9.323561070269252,969000
1998-08-14,9.323558807373047,9.5354576645015,9.297071222888963,9.5354576645015,229350
1998-08-17,9.323558807373047,9.482483101781405,9.323558807373047,9.429507932813237,319950
1998-08-18,9.323558807373047,9.350045785609058,9.27058363840488,9.323558807373047,211950
1998-08-19,9.297069549560547,9.42950623564827,9.297069549560547,9.376531682462774,97800
1998-08-20,9.323558807373047,9.482483101781405,9.297071222888963,9.403020954577226,378750
1998-08-21,8.687856674194336,9.270578350475706,8.528932470436192,9.270578350475706,514050
1998-08-24,8.767325401306152,8.899762135767585,8.740837811914593,8.740837811914593,274050
1998-08-25,8.820295333862305,9.191118359029149,8.793807758404721,8.873269878529607,280950
1998-08-26,8.873269081115723,8.899756654192947,8.740832428225216,8.793806968131857,63600
1998-08-27,7.9991865158081055,8.793807712949567,7.9991865158081055,8.793807712949567,367200
1998-08-28,7.15159273147583,8.370012435958092,7.098618172584611,8.052163870114722,671250
1998-08-31,6.833741664886475,7.522413103451346,6.674817440121672,7.310514339180879,2184900
1998-09-01,6.886719703674316,7.098619181863019,6.727795398156847,6.833745137251198,931500
1998-09-02,6.727790832519531,6.939690166908354,6.621841771572822,6.886715030187298,238800
1998-09-03,6.727790832519531,6.727790832519531,5.7212711160395795,6.701303870406705,2830200
1998-09-04,6.727790832519531,6.860228068074471,6.462917573905056,6.727790832519531,182700
1998-09-08,7.098618984222412,7.204568114118802,6.992669248077927,6.992669248077927,617100
1998-09-09,6.833741664886475,7.098615574910412,6.833741664886475,7.098615574910412,258300
1998-09-10,6.2775092124938965,6.780769646801823,6.251021629767785,6.780769646801823,134400
1998-09-11,6.330480575561523,6.46291781607906,6.251018473750091,6.277506043103143,492150
1998-09-14,6.330480575561523,6.568866880995819,6.330480575561523,6.568866880995819,515850
1998-09-15,5.827224254608154,6.356971693664145,5.827224254608154,6.330484109524523,655950
1998-09-16,6.145069599151611,6.251018667349707,5.668296973516945,5.933170250259931,1600200
1998-09-17,6.436432838439941,6.595357106055743,5.933172455573915,6.039122169400439,260100
1998-09-18,6.46291971206665,6.595356385188607,6.303995461821142,6.436432134943098,454500
1998-09-21,6.489405632019043,6.51589320485308,6.251019295256126,6.251019295256126,898050
1998-09-22,7.310512542724609,7.734310573370907,6.595353707023288,6.595353707023288,436800
1998-09-23,8.449467658996582,9.058676709293456,7.734308971420783,7.734308971420783,828000
1998-09-24,8.264060020446777,8.952731486734733,8.264060020446777,8.475958793247418,578100
1998-09-25,8.343523979187012,8.63488493193311,8.052163026440914,8.158112133122424,540150
1998-09-28,8.42298412322998,9.111655579021523,8.42298412322998,9.058681038190732,432000
1998-09-29,8.158111572265625,8.370010983556835,7.78728851187789,8.317035827610072,791100
1998-09-30,8.264060020446777,8.343522136027996,8.184597904865559,8.264060020446777,294150
1998-10-01,8.42298412322998,8.449471696769285,8.105135665749604,8.158110206580393,135300
1998-10-02,8.052166938781738,8.422990204836438,8.052166938781738,8.422990204836438,1446900
1998-10-05,8.237571716308594,8.264059287903699,7.628362419603414,7.9462108537535565,256800
1998-10-06,8.025670051574707,8.317030808460247,7.654847214970605,8.290543852719097,1069050
1998-10-07,6.46291971206665,8.052162214521736,6.356970009820344,7.919724935151878,492300
1998-10-08,6.145069599151611,6.462918016241389,5.933170250259931,6.3039938076965,1061550
1998-10-09,6.93969202041626,7.045641109660691,6.303995059958217,6.356969604580432,301500
1998-10-12,7.178080081939697,7.469441055792184,7.045642779622015,7.2045670574048275,298200
1998-10-13,6.992667198181152,7.310515707189387,6.780768394258303,7.178079030518595,465450
1998-10-14,6.886719703674316,6.992669442768667,6.886719703674316,6.886719703674316,114900
1998-10-15,6.860228538513184,6.9396906427961635,6.674816759770316,6.886715502442348,529650
1998-10-16,6.780769348144531,6.833743905015472,6.727794185025586,6.780769348144531,977100
1998-10-19,7.098618984222412,7.204568114118802,6.727795210840761,6.754282796438907,1027500
1998-10-20,7.098618984222412,7.2575432853150925,7.072131398624267,7.178081134768753,643350
1998-10-21,7.019157409667969,7.231056293097261,7.019157409667969,7.098619566734972,353700
1998-10-22,7.204564571380615,7.310514255425909,6.992665809537827,7.098615493583121,538800
1998-10-23,7.231051921844482,7.337001602635421,7.151589812813225,7.257539493604162,156150
1998-10-26,7.045642375946045,7.284028778962054,6.9926678218029235,7.284028778962054,353400
1998-10-27,7.072129249572754,7.125103798423246,7.019154700722263,7.072129249572755,396300
1998-10-28,7.204564571380615,7.204564571380616,6.992665809537827,7.072127921009847,378600
1998-10-29,7.9991865158081055,8.37001014530603,7.522413797523227,7.522413797523227,947400
1998-10-30,9.270581245422363,9.3765309497622,8.1051369226758,8.2640611760616,1109400
1998-11-02,9.403018951416016,9.403018951416016,8.60839764865545,9.297069242298626,311250
1998-11-03,9.747356414794922,9.826818561128164,9.350045683128716,9.403020851516253,596550
1998-11-04,10.17115306854248,10.409539468586445,9.694380268454552,9.747354821937222,888450
1998-11-05,9.853304862976074,10.038716715706135,9.694380590992589,9.959254579714393,849150
1998-11-06,9.164628982543945,9.906274838069324,8.95272964703866,9.853300307316855,1016400
1998-11-09,8.74083423614502,9.111657304686709,8.475960269330708,9.058682753823021,533700
1998-11-10,8.317032814025879,8.74083087680187,8.158108616265844,8.68785634629776,935250
1998-11-11,8.39649486541748,8.581906630504779,8.34352033521298,8.42298243364358,783300
1998-11-12,8.343523979187012,8.449473692116486,8.184599712916782,8.449473692116486,640050
1998-11-13,8.502446174621582,8.634882828841492,8.317034373715453,8.37000952040167,1158000
1998-11-16,8.528934478759766,8.634883568714733,8.422984782556929,8.502446903147089,335700
1998-11-17,8.343523979187012,8.50244824545724,8.343523979187012,8.47596066566288,258900
1998-11-18,8.105132102966309,8.343518341288846,7.893233426539903,8.343518341288846,330900
1998-11-19,7.893235206604004,8.158108460308723,7.8402600708649075,8.052159401325913,439650
1998-11-20,7.946209907531738,7.999184438166049,7.893235376897429,7.946209907531738,618150
1998-11-23,7.734314441680908,8.237574210640146,7.734314441680908,7.946213259861221,1323150
1998-11-24,8.025670051574707,8.370005932437659,7.8402583301488775,7.8402583301488775,1233600
1998-11-25,7.681336402893066,8.02567238381938,7.548899766958823,8.02567238381938,342000
1998-11-27,7.946209907531738,7.946209907531738,7.787285709381104,7.787285709381104,82050
1998-11-30,7.893235206604004,7.946209736095409,7.760797973503953,7.893235206604004,402000
1998-12-01,7.866752624511719,7.999189335299594,7.840265039854913,7.893240209168523,486600
1998-12-02,7.893235206604004,8.105133930817317,7.866747638734456,7.972697303964958,671550
1998-12-03,7.787290573120117,7.946214870530732,7.787290573120117,7.946214870530732,549000
1998-12-04,7.654849052429199,7.840260212113291,7.628361484082458,7.840260212113291,214050
1998-12-07,7.681336402893066,7.73431154226495,7.654849439454858,7.707823972579009,401100
1998-12-08,7.46943998336792,7.734313943726018,7.310515728402645,7.681338787905647,655950
1998-12-09,7.257542133331299,7.522415522277229,6.780769305731024,7.495928547131436,2083200
1998-12-10,6.833741664886475,7.416464024440016,6.833741664886475,7.363488878686545,770550
1998-12-11,7.15159273147583,7.231054872936673,6.780769606741241,6.83374416563246,1138500
1998-12-14,7.072129249572754,7.337003206321038,7.045641672023552,7.125103798423246,1167900
1998-12-15,7.337003231048584,7.337003231048584,7.15159140007511,7.15159140007511,292800
1998-12-16,7.628364086151123,7.734313789430303,7.4164652858406725,7.4164652858406725,574500
1998-12-17,7.310512542724609,7.654848480515204,7.20456288350112,7.601873347779632,934650
1998-12-18,7.231051921844482,7.469438248938257,7.231051921844483,7.310514030875741,514500
1998-12-21,7.019157409667969,7.284030862392547,6.833745507762247,7.231056293097261,794400
1998-12-22,6.780769348144531,7.178080040296593,6.6218450712837065,6.992668181876296,1037100
1998-12-23,6.833741664886475,6.8602292377632095,6.568867754862536,6.833741664886475,1295850
1998-12-24,6.93969202041626,6.992666565038475,6.780767780301749,6.833742324923965,427950
1998-12-28,6.913205146789551,6.966179696789588,6.780768468665497,6.913205146789552,419250
1998-12-29,7.257542133331299,7.310516689870885,6.966180556743574,6.966180556743574,693600
1998-12-30,7.840265274047852,7.893240444943859,7.3105178088244305,7.3105178088244305,1011000
1998-12-31,7.8137736320495605,7.866748165085403,7.734311529371929,7.840260595443616,218850
1999-01-04,8.131627082824707,8.264063800623797,7.866753040978422,7.9197276068484355,451500
1999-01-05,8.052166938781738,8.264065861348959,7.999191753453739,8.211091282269217,1211250
1999-01-06,7.9991865158081055,8.158110755236399,7.946211971414628,7.946211971414628,1173450
1999-01-07,7.9991865158081055,7.9991865158081055,7.840262276379812,7.946211971414628,169500
1999-01-08,8.025670051574707,8.052157613563413,7.999182489586,8.052157613563413,459300
1999-01-11,7.9991865158081055,8.10513621084292,7.866749851700482,8.025674091128774,931650
1999-01-12,7.8137736320495605,8.025672370440663,7.760798492765986,7.97269783740482,1659600
1999-01-13,7.707828044891357,7.734315628571607,7.469441610513274,7.628365900098663,666750
1999-01-14,7.734314441680908,7.734314441680908,7.628364729466772,7.734314441680908,112350
1999-01-15,7.707828044891357,7.734315628571607,7.601878316418414,7.734315628571607,577950
1999-01-19,8.025670051574707,8.025670051574707,7.734309294689167,7.89323345412629,449700
1999-01-20,7.919726848602295,8.025676576446651,7.840264704281042,8.025676576446651,422400
1999-01-21,7.919726848602295,7.919726848602296,7.707827999161634,7.893239871327244,1717350
1999-01-22,7.946209907531738,7.999184438166049,7.734311178746793,7.893235376897429,972900
1999-01-25,8.052166938781738,8.052166938781738,7.919729581709999,7.946217174373999,571950
1999-01-26,8.18459701538086,8.264059122326305,7.919723123480121,8.052160372554372,1427550
1999-01-27,8.793811798095703,8.793811798095703,8.422988602580533,8.47596317158323,1247850
1999-01-28,8.899757385253906,9.085169199529316,8.740833146231516,8.820295265742711,1088550
1999-01-29,8.74083423614502,8.89975849498402,8.634884528169707,8.846783944120332,261600
1999-02-01,8.767325401306152,8.846787563232649,8.740837811914593,8.740837811914593,236400
1999-02-02,8.846785545349121,8.846785545349121,8.661373674395586,8.767323401547326,173700
1999-02-03,9.058680534362793,9.058680534362793,8.687857556676152,8.793806632445028,423900
1999-02-04,9.111656188964844,9.403017698657765,8.846782860832194,8.95273194958611,250050
1999-02-05,8.634886741638184,8.979222926139197,8.634886741638184,8.899760776350355,320250
1999-02-08,8.66136646270752,8.740828540347039,8.581904385068,8.66136646270752,117300
1999-02-09,8.555423736572266,8.687861043812774,8.528936760122589,8.60839890196768,268650
1999-02-10,7.8137736320495605,8.475957416864658,7.6283618570525125,8.475957416864658,675450
1999-02-11,8.052166938781738,8.052166938781738,7.787292830886519,7.840267409966259,469950
1999-02-12,7.9991865158081055,8.052161666449443,7.840262276379812,8.052161666449443,714450
1999-02-16,7.734314441680908,8.025675392459833,7.68133928244986,8.025675392459833,369000
1999-02-17,7.60187292098999,7.787284662659666,7.5753859623569095,7.654848050751396,158850
1999-02-18,7.60187292098999,7.813772227540369,7.548898397476207,7.548898397476207,172050
1999-02-19,7.204564571380615,7.60187512874072,6.992665809537827,7.548900589841972,1425150
1999-02-22,6.860228538513184,7.178076955645103,6.833740968336276,7.178076955645103,653400
1999-02-23,6.568869590759277,6.86023115509097,6.54238261672765,6.86023115509097,1666650
1999-02-24,6.992667198181152,7.204566002104002,6.674818689172918,6.674818689172918,1024050
1999-02-25,7.15159273147583,7.178080314045453,7.045643007445364,7.098618172584611,363300
1999-02-26,7.389976978302002,7.416464553066704,7.098616080881671,7.125103049398525,204750
1999-03-01,7.416464805603027,7.416464805603027,7.178078443347014,7.20456541276577,571650
1999-03-02,7.178080081939697,7.257542220831104,7.098617943048291,7.257542220831104,103350
1999-03-03,7.072129249572754,7.0986168271219565,6.674818617574285,6.674818617574285,588450
1999-03-04,6.780769348144531,7.151592458737121,6.780769348144531,7.072130320306709,217350
1999-03-05,6.860228538513184,7.072127281185216,6.860228538513184,6.886715502442348,1198650
1999-03-08,6.966178894042969,7.04564101301018,6.913204350147446,6.966178894042968,1569300
1999-03-09,6.886719703674316,7.045644009191786,6.886719703674316,7.019157029104284,127350
1999-03-10,6.93969202041626,6.992666565038475,6.860229900359005,6.91320444498122,315000
1999-03-11,6.913205146789551,7.045641824913606,6.88671756866557,6.992667274913569,185400
1999-03-12,6.780769348144531,6.913206043445884,6.780769348144531,6.886718461886412,289050
1999-03-15,6.383457183837891,6.807254753565114,6.383457183837891,6.7807677843620775,616050
1999-03-16,6.2510199546813965,6.356969650946461,6.224532985301032,6.356969650946461,849900
1999-03-17,6.489405632019043,6.542380777687117,6.224532328669894,6.251019295256126,1947750
1999-03-18,6.5953521728515625,6.754276321594974,6.462915584314559,6.48940253827345,1065450
1999-03-19,6.515897274017334,6.621847025271076,6.462922701514556,6.542384863392815,342300
1999-03-22,6.383457183837891,6.542381424047565,6.383457183837891,6.515893848596664,773250
1999-03-23,6.2510199546813965,6.436431771583291,6.145070864664201,6.409944195955058,1235100
1999-03-24,6.1980462074279785,6.3039959173299085,6.092096497526048,6.2245337864654475,696450
1999-03-25,6.383457183837891,6.462919303942728,6.277507488282152,6.277507488282152,716100
1999-03-26,6.3039984703063965,6.35697304358689,6.277510880542054,6.35697304358689,628650
1999-03-29,6.2775092124938965,6.356971354424199,6.224534653289705,6.2775092124938965,961650
1999-03-30,6.330480575561523,6.436430246726007,6.277506043103143,6.330480575561523,903300
1999-03-31,6.860228538513184,6.860228538513184,6.330480772461488,6.383455912815304,555750
1999-04-01,6.674819469451904,7.09861773308707,6.674819469451904,6.860231323463788,339450
1999-04-05,6.860228538513184,7.0986148513621234,6.727791293876388,6.727791293876388,340200
1999-04-06,6.807253360748291,6.966177568440841,6.780766396964694,6.913203034625904,582750
1999-04-07,6.754281997680664,7.0986181447431385,6.754281997680665,6.833744138829849,1347450
1999-04-08,6.780769348144531,6.807256323455999,6.674819628154647,6.727794185025586,718500
1999-04-09,6.992667198181152,7.019154776014478,6.674818689172918,6.674818689172918,1087950
1999-04-12,6.833741664886475,6.913203777268875,6.754279552504073,6.8867162043921395,493650
1999-04-13,6.913205146789551,7.01915485303755,6.833743018665533,6.833743018665533,388500
1999-04-14,7.575389862060547,7.62836441284488,6.913205249140673,6.913205249140673,873900
1999-04-15,7.8137736320495605,7.81377363204956,7.416463118661408,7.6283618570525125,740700
1999-04-16,8.502446174621582,8.502446174621582,7.760799577244882,7.8137747239310995,698100
1999-04-19,8.74083423614502,8.952733045847708,8.634884528169707,8.89975849498402,1149750
1999-04-20,8.714346885681152,8.95273328017925,8.714346885681152,8.89975872792899,1355850
1999-04-21,8.264060020446777,8.714345139991076,7.999186099760104,8.714345139991076,734700
1999-04-22,8.264060020446777,8.290547594389794,8.158110330922542,8.264060020446777,383550
1999-04-23,8.025670051574707,8.317030808460247,7.628359652981899,8.237568728741685,1258050
1999-04-26,7.681336402893066,7.972697850695229,7.681336402893067,7.946210281009288,797250
1999-04-27,7.15159273147583,7.628365580240885,7.045643007445364,7.628365580240885,2241600
1999-04-28,8.052166938781738,8.23757826868496,7.310519800424078,7.310519800424078,27162000
1999-04-29,8.475960731506348,8.899758980268455,7.972700955239813,8.264061910249278,11148900
1999-04-30,8.714346885681152,8.714346885681152,8.422985938932793,8.661372333430892,5546550
1999-05-03,9.376534461975098,9.56194636245845,8.767324797884289,8.767324797884289,3499800
1999-05-04,8.581910133361816,9.297069311141968,8.581910133361816,9.270581732104498,3147450
1999-05-05,9.138145446777344,9.217607581097147,8.581910506538723,9.005708758326996,2013150
1999-05-06,8.899757385253906,9.085169199529316,8.820295265742711,9.03219404902328,2134950
1999-05-07,8.846785545349121,8.899760105800969,8.687861257745533,8.899760105800969,1720350
1999-05-10,8.687856674194336,8.899755410455949,8.581907002939666,8.899755410455949,762900
1999-05-11,8.793811798095703,8.846786973346545,8.581912915836769,8.687862660090307,796650
1999-05-12,8.74083423614502,8.89975849498402,8.21108690876433,8.767321814700832,1293750
1999-05-13,8.793811798095703,8.873273954723821,8.555425328211347,8.687862660090307,2071950
1999-05-14,8.528934478759766,8.767320840530244,8.34352266196677,8.767320840530244,2482950
1999-05-17,8.608400344848633,8.687862500012626,8.52893818968464,8.581912757711258,898950
1999-05-18,8.608400344848633,8.767324655176619,8.52893818968464,8.581912757711258,1184850
1999-05-19,8.952736854553223,8.952736854553223,8.634888201654904,8.661375791479163,829050
1999-05-20,8.952736854553223,8.952736854553223,8.793812528104063,8.899762281152901,500550
1999-05-21,8.952736854553223,9.05868660760206,8.84678770775258,9.05868660760206,597600
1999-05-24,9.111656188964844,9.350042548032945,9.005707100210929,9.005707100210929,910350
1999-05-25,8.979223251342773,9.747357191705321,8.926248684980978,9.747357191705321,1430850
1999-05-26,9.138145446777344,9.138145446777344,9.005708758326996,9.0851708926468,1118550
1999-05-27,9.191116333007812,9.270578435616663,8.95273002518126,9.058679697408971,2035650
1999-05-28,9.959254264831543,9.959254264831543,9.08517079655837,9.08517079655837,2052900
1999-06-01,9.800328254699707,10.065201581686281,9.64140401600862,10.065201581686281,1837500
1999-06-02,9.720867156982422,9.74735412871605,9.429505617929136,9.74735412871605,1943700
1999-06-03,9.588427543640137,9.773839331965986,9.588427543640137,9.720864795121933,598650
1999-06-04,9.588427543640137,9.747351760420072,9.561940578341998,9.720864795121933,640650
1999-06-07,9.4295072555542,9.588431538548079,9.297070555141975,9.588431538548079,452100
1999-06-08,9.290446281433105,9.37653044950697,9.138144082146622,9.37653044950697,288000
1999-06-09,9.323558807373047,9.429507932813237,9.297071222888963,9.323558807373047,562050
1999-06-10,9.297069549560547,9.350044102746043,9.164632863472823,9.270581969843818,519900
1999-06-11,9.323558807373047,9.350045785609058,9.27058363840488,9.297071222888963,553350
1999-06-14,9.508964538574219,9.614914208519261,9.323553373980038,9.323553373980038,449700
1999-06-15,9.56194019317627,9.588427157407484,9.297066307129873,9.403015982797982,121050
1999-06-16,9.773843765258789,9.800331348819139,9.535457331959794,9.535457331959794,351150
1999-06-17,9.747356414794922,9.77384399898869,9.641407290515977,9.69438185265545,762300
1999-06-18,9.694381713867188,9.720869297681752,9.588431984856992,9.667894130052625,530700
1999-06-21,9.667893409729004,9.72086857341112,9.482482155585627,9.58843127045384,272850
1999-06-22,9.61491870880127,9.694380846890537,9.37653229453347,9.641406290247026,473850
1999-06-23,9.747356414794922,9.906280707461406,9.508969975795198,9.747356414794922,958950
1999-06-24,9.800328254699707,9.932764918192994,9.720866135354163,9.747353104304105,1149150
1999-06-25,10.197641372680664,10.330077454796138,9.7738425149225,9.7738425149225,1685400
1999-06-28,10.17115306854248,10.277103388003752,10.144665488677163,10.250615201890469,1400400
1999-06-29,10.330078125,10.356566313138375,10.038717149198055,10.171153846153846,1632000
1999-06-30,10.489001274108887,10.80684979756673,10.144665171613571,10.330077012379963,2054700
1999-07-01,10.753874778747559,10.753874778747559,10.250613858500975,10.38304992172732,827250
1999-07-02,10.356562614440918,10.64792287993972,10.303586257083913,10.64792287993972,750900
1999-07-06,10.224127769470215,10.568464514358956,10.19764200639634,10.54197632629304,714300
1999-07-07,9.720867156982422,9.853303834394328,8.634884340961852,9.535455323607415,7948800
1999-07-08,9.297069549560547,9.614918081169455,9.21760741665832,9.535455948267227,1654200
1999-07-09,9.111656188964844,9.376530123345356,8.95273194958611,9.217605883966622,1268850
1999-07-12,9.058680534362793,9.164630216379457,8.979218424412243,9.085168106428906,1513650
1999-07-13,9.535451889038086,9.747350617823031,8.82029299736023,8.82029299736023,1368900
1999-07-14,9.535451889038086,9.641401556554412,9.429502221521762,9.429502221521762,1150350
1999-07-15,9.217611312866211,9.588434554404525,9.217611312866211,9.56194756973993,896700
1999-07-16,9.217611312866211,9.376535645846664,9.1646367372888,9.270585888443621,767700
1999-07-19,9.217611312866211,9.323561070269252,9.191123721953396,9.191123721953396,787950
1999-07-20,9.058680534362793,9.058680534362793,8.846781776577254,9.005705996478355,828900
1999-07-21,8.74083423614502,9.058682753823021,8.608397555861831,8.89975849498402,1019550
1999-07-22,8.767325401306152,8.793812384449529,8.422989164208607,8.793812384449529,2135700
1999-07-23,8.74083423614502,8.952733045847708,8.74083423614502,8.846783944120332,947100
1999-07-26,8.581910133361816,8.873271077782192,8.29054918894144,8.634884685188808,1119000
1999-07-27,8.926249504089355,8.952736486576748,8.58191327551973,8.58191327551973,522900
1999-07-28,8.952736854553223,9.244098523875476,8.899762281152901,8.899762281152901,595650
1999-07-29,8.74083423614502,8.952733045847708,8.634884528169707,8.952733045847708,1521300
1999-07-30,8.555423736572266,8.82029774480525,8.475961594727174,8.71434802026245,588000
1999-08-02,8.42298412322998,8.714345007171051,8.264059894489792,8.555420778430863,837450
1999-08-03,8.42298412322998,8.528933811139378,8.396496549690674,8.47595866406077,361350
1999-08-04,8.42298412322998,8.661370466340262,8.396496549690674,8.42298412322998,984000
1999-08-05,8.475960731506348,8.528935891506592,8.370011624001798,8.422986177754073,210000
1999-08-06,7.946209907531738,8.475957032617954,7.946209907531738,8.475957032617954,438450
1999-08-09,8.052166938781738,8.131629110525479,7.946217174373999,7.946217174373999,1063200
1999-08-10,7.946209907531738,8.078646537241367,7.813773277822111,8.078646537241367,1263900
1999-08-11,7.972701072692871,7.999188046835227,7.840263776989177,7.999188046835227,1335900
1999-08-12,7.972701072692871,7.999188046835227,7.840263776989177,7.999188046835227,697350
1999-08-13,7.972701072692871,8.105137762148587,7.946213492302537,8.025675627225562,708150
1999-08-16,8.025670051574707,8.052157613563413,7.946207971856145,8.025670051574707,1206900
1999-08-17,8.025670051574707,8.052157613563413,7.999182489586,8.025670051574707,356100
1999-08-18,8.07864761352539,8.105135185495225,8.05216064780334,8.05216064780334,465900
1999-08-19,7.919726848602295,8.025676576446651,7.919726848602296,7.99918899292355,885900
1999-08-20,7.787290573120117,7.999189434251576,7.760802988135654,7.972702455515195,543000
1999-08-23,7.654849052429199,7.7607981133207655,7.628361484082458,7.7607981133207655,1347900
1999-08-24,7.363490581512451,7.654852131791224,7.310516029756286,7.654852131791224,2479350
1999-08-25,7.125105857849121,7.416467476361167,7.045643708481852,7.310517741788779,4098300
1999-08-26,6.93969202041626,7.231052925210242,6.93969202041626,7.125103229717947,6454500
1999-08-27,6.992667198181152,7.045641747599885,6.93969264876242,6.992667198181152,1789050
1999-08-30,4.7147536277771,5.059089147960243,4.529341774122183,5.006114592450834,25276500
1999-08-31,4.6088056564331055,4.900166731481194,4.6088056564331055,4.873679746816598,16167000
1999-09-01,4.502853870391846,4.714753289732413,4.3704171879899505,4.661778131773299,9262800
1999-09-02,4.661778926849365,4.741241071092525,4.449880077616955,4.582316782606205,5482350
1999-09-03,4.6088056564331055,4.873679746816598,4.52934348994288,4.741242398500742,4692300
1999-09-07,4.290955066680908,4.608803590138753,4.264467487643438,4.608803590138753,6593250
1999-09-08,4.6088056564331055,4.6352932473459205,4.317444581385017,4.343931566049613,4310250
1999-09-09,4.794214248657227,4.900163326184286,4.661776992376708,4.661776992376708,2504100
1999-09-10,4.9796271324157715,5.059089270732236,4.873678018825821,4.900164994099307,2796150
1999-09-13,4.7147536277771,4.9531400369414245,4.555829355000882,4.9531400369414245,2088900
1999-09-14,4.55582857131958,4.714752816758078,4.502853418674824,4.661777664113322,2040900
1999-09-15,4.635290622711182,4.714752744207671,4.555828501214692,4.608803046796393,2273250
1999-09-16,4.661778926849365,4.714754093843504,4.608804366103275,4.661778926849365,2365650
1999-09-17,4.582314491271973,4.688264166033272,4.449877852506157,4.661776595781011,3090150
1999-09-20,4.661778926849365,4.741241071092525,4.582316782606205,4.714754093843504,1480500
1999-09-21,4.873678684234619,4.873678684234619,4.608804651600189,4.66177921562784,1180950
1999-09-22,4.9796271324157715,5.085576852253725,4.794215880509356,5.085576852253725,1774200
1999-09-23,4.794214248657227,5.085575121228334,4.794214248657227,5.085575121228334,1335150
1999-09-24,4.661778926849365,4.873678382329824,4.608804366103275,4.847190798832754,1362150
1999-09-27,4.449878692626953,4.661777475907522,4.449878692626953,4.635290506902363,1884450
1999-09-28,4.476368427276611,4.476368427276611,4.317444111589254,4.423393251215391,1674450
1999-09-29,4.37041711807251,4.6352910848868225,4.343929539516698,4.44987924749201,1596150
1999-09-30,4.55582857131958,4.608803117716451,4.317442203161832,4.423391295955575,2022600
1999-10-01,4.449878692626953,4.767727170671736,4.449878692626953,4.555828387391168,1468050
1999-10-04,4.502853870391846,4.635291159041687,4.449879318680677,4.60880358006213,928500
1999-10-05,4.476368427276611,4.608805154933358,4.449880839246001,4.55583058512029,2127750
1999-10-06,4.34392786026001,4.476365095594125,4.079054602087182,4.423389958961398,3120450
1999-10-07,4.237980365753174,4.3704170437852365,4.211492787647591,4.3704170437852365,1969350
1999-10-08,4.185006618499756,4.2909563603440475,4.15851963772478,4.237981792545966,2016300
1999-10-11,4.237980365753174,4.396904621890819,4.211492787647591,4.211492787647591,1456350
1999-10-12,4.37041711807251,4.423391668936198,4.2379804377893215,4.2379804377893215,1931700
1999-10-13,4.237980365753174,4.343929465679654,4.185005209542009,4.317442493821996,1639050
1999-10-14,4.290955066680908,4.290955066680908,4.211492935816446,4.211492935816446,1553850
1999-10-15,4.158516883850098,4.211491416567108,4.1320293143677285,4.211491416567108,608700
1999-10-18,4.0790557861328125,4.158517907900024,3.9731060883605713,4.158517907900024,2033400
1999-10-19,3.973104953765869,4.132029151916504,3.787693187174227,4.079054621282194,8843850
1999-10-20,4.132030010223389,4.185004551861591,4.026080320699154,4.026080320699154,3728700
1999-10-21,3.9466171264648438,4.1320288808952625,3.9466171264648438,4.1320288808952625,1331550
1999-10-22,4.237980365753174,4.290954915716414,3.7612075973402392,3.9201318534778844,3937500
1999-10-25,4.237980365753174,4.3704170437852365,4.185005209542009,4.2644673376108315,2920200
1999-10-26,4.132030010223389,4.264466667442811,4.079055468585186,4.2379796997476245,1497600
1999-10-27,4.052566051483154,4.185002648468712,3.999591533938441,4.185002648468712,6127950
1999-10-28,5.032601356506348,5.138550450328955,4.105542844947244,4.105542844947244,7275900
1999-10-29,5.191524505615234,5.191524505615234,4.873676078868337,5.059087256972186,5476050
1999-11-01,5.562351226806641,5.668300976066634,5.191528013768922,5.244502585274833,3188400
1999-11-02,5.535861015319824,5.562348591648397,5.350449799763467,5.509374045239136,1633950
1999-11-03,5.456399917602539,5.641811774237615,5.40342536124166,5.562349636572296,1863150
1999-11-04,5.323963642120361,5.615324634382574,5.27098908159488,5.509375513331613,1053600
1999-11-05,5.08557653427124,5.615323887841839,5.006114400923252,5.588836914224487,2167800
1999-11-08,4.873678684234619,5.085577546593312,4.820703513958882,5.085577546593312,1183050
1999-11-09,5.08557653427124,5.08557653427124,4.820702554361958,4.847190134227276,1167150
1999-11-10,5.032601356506348,5.085575903417651,4.767727409454048,5.059088326838054,2406300
1999-11-11,4.95313835144043,5.00611288892316,4.7942141327444565,5.00611288892316,924300
1999-11-12,5.006114959716797,5.244501386369977,4.90016523467715,4.92665281749907,1018050
1999-11-15,4.9796271324157715,5.059089270732236,4.953140157142285,5.03260229545875,589350
1999-11-16,4.900163650512695,5.085575457828644,4.900163650512695,4.979625767041268,1079850
1999-11-17,5.032601356506348,5.562348644363056,4.9001640798562525,4.953139233015447,4213050
1999-11-18,5.08557653427124,5.429912647528511,5.059088954405922,5.403425067663193,2327400
1999-11-19,5.1650390625,5.27098878381344,5.032602365544209,5.1650390625,1722300
1999-11-22,5.244500637054443,5.297475188881435,5.032601823498529,5.270988216091912,1355550
1999-11-23,5.376936912536621,5.403424489568118,5.165038115028349,5.270987816906435,992100
1999-11-24,5.1650390625,5.350450923236517,5.138551480609637,5.323963341346154,828000
1999-11-26,5.08557653427124,5.165038667619228,5.006114400923252,5.165038667619228,283800
1999-11-29,5.059088706970215,5.1120638641098815,5.032601734648318,5.059088706970215,742200
1999-11-30,5.2709879875183105,5.297474959159239,5.0061140273735765,5.0855761547922045,1113750
1999-12-01,5.323963642120361,5.323963642120361,5.191526937682636,5.244501498208117,671700
1999-12-02,5.244500637054443,5.323962767918904,5.1650385061899815,5.297475188881435,745350
1999-12-03,5.4034247398376465,5.429912318095964,5.2445004827835975,5.2709880610419155,623700
1999-12-06,5.323963642120361,5.456400346558086,5.297476058733598,5.376938202645841,787950
1999-12-07,5.244500637054443,5.482887029647827,5.1120639543629895,5.456399450610357,762000
1999-12-08,5.218013763427734,5.429913211877773,5.191526787057501,5.297475905034492,794700
1999-12-09,4.926652431488037,5.3239631114467505,4.767728159504553,5.244500975455008,2464650
1999-12-10,5.2974724769592285,5.2974724769592285,4.847187501323223,4.979624116216722,2208900
1999-12-13,5.456399917602539,5.562349636572296,5.191526529550143,5.297475642271902,3277950
1999-12-14,5.5888352394104,5.668297348945867,5.482885557947184,5.5358600955549,2314050
1999-12-15,5.456399917602539,5.615324192933176,5.37693777993722,5.615324192933176,1315950
1999-12-16,5.456399917602539,5.509375080211417,5.218013504606583,5.429912942546099,1640400
1999-12-17,5.376936912536621,5.509374191446205,5.297474787690032,5.509374191446205,925950
1999-12-20,5.2974724769592285,5.429909698100364,5.270985517729111,5.429909698100364,776100
1999-12-21,5.4299116134643555,5.4299116134643555,5.244499802212606,5.270987377033671,911550
1999-12-22,5.350450038909912,5.4299121651994255,5.297474883884961,5.4299121651994255,1098600
1999-12-23,5.2974724769592285,5.376934567144855,5.2974724769592285,5.350447607914737,1481550
1999-12-27,5.323963642120361,5.48288792994485,5.323963642120361,5.323963642120361,650400
1999-12-28,5.2709879875183105,5.403424664466717,5.2709879875183105,5.323962537048089,1063050
1999-12-29,5.800735950469971,5.880198086777779,5.350450713475056,5.376937688079,1098900
1999-12-30,5.98615026473999,6.065612433713317,5.72127616607949,5.774250743312296,890550
1999-12-31,6.039120674133301,6.118582788266633,6.012633100672916,6.039120674133301,445350
2000-01-03,5.98615026473999,6.1980491799194475,5.880200504026143,6.1980491799194475,767100
2000-01-04,5.615323066711426,5.906684583880142,5.535860944983208,5.906684583880142,673950
2000-01-05,5.509373188018799,5.694784374726458,5.456398043604219,5.668297408766959,782700
2000-01-06,5.482884407043457,5.535858933531372,5.403422314187754,5.509371973411243,1115550
2000-01-07,5.7742462158203125,5.7742462158203125,5.482885360118808,5.482885360118808,892650
2000-01-10,5.800735950469971,5.827223531321903,5.562349541546547,5.7212738141621635,401550
2000-01-11,5.668299674987793,5.933173077967537,5.615324509393418,5.800736376477666,783450
2000-01-12,5.694786548614502,5.694786548614502,5.615324407907099,5.668299572544049,461550
2000-01-13,5.721270561218262,5.853707177682433,5.615320904298339,5.668296035882122,919800
2000-01-14,5.694786548614502,5.694786548614502,5.615324407907099,5.668299572544049,1282350
2000-01-18,5.615323066711426,5.800734886159892,5.562348520975239,5.721272764431674,1297800
2000-01-19,5.509373188018799,5.615322264352378,5.429911077644719,5.562347726185589,790800
2000-01-20,5.509373188018799,5.562347726185589,5.456398043604219,5.509373188018799,1080300
2000-01-21,5.509373188018799,5.562347726185589,5.403423505437429,5.535860153978299,616500
2000-01-24,5.376936912536621,5.509374191446205,5.323962364721528,5.509374191446205,526350
2000-01-25,5.2974724769592285,5.40342213262261,5.191523427543484,5.40342213262261,529050
2000-01-26,5.032601356506348,5.244500150399453,4.9001640798562525,5.244500150399453,2514750
2000-01-27,5.08557653427124,5.456399621145863,5.059088954405922,5.2445008009672165,3865350
2000-01-28,4.9796271324157715,5.191526572091679,4.873678018825821,5.085576852253725,3408750
2000-01-31,4.9796271324157715,5.085576852253725,4.926652575620796,4.9796271324157715,1712250
2000-02-01,4.7147536277771,5.032602173329534,4.7147536277771,5.032602173329534,2837400
2000-02-02,4.741240978240967,4.873678286884639,4.714754001510662,4.714754001510662,1602600
2000-02-03,4.582314491271973,4.714751736285534,4.5028523867629335,4.688264166033272,4669950
2000-02-04,4.873678684234619,4.900165663124402,4.608804651600189,4.635292236738057,1280550
2000-02-07,4.820702075958252,4.9001642014204645,4.820702075958252,4.873677230431664,739800
2000-02-08,4.794214248657227,4.900163326184286,4.794214248657227,4.87367635992642,980850
2000-02-09,4.661778926849365,4.767728654589594,4.608804366103275,4.767728654589594,918000
2000-02-10,4.396905899047852,4.661779332049026,4.158519445597934,4.635292352497769,5055300
2000-02-11,4.264466762542725,4.476366146316666,4.237979794256865,4.396904028963399,2683200
2000-02-14,4.423392295837402,4.423392295837402,4.264468014475004,4.370417737465943,1523700
2000-02-15,4.635290622711182,4.635290622711182,4.264466984895647,4.370416682306924,1507500
2000-02-16,4.635290622711182,4.714752744207671,4.476366379718202,4.635290622711182,609000
2000-02-17,4.873678684234619,4.873678684234619,4.5028549172967995,4.635292236738057,1972050
2000-02-18,4.6088056564331055,4.926654322394009,4.343931566049613,4.926654322394009,1413450
2000-02-22,4.794214248657227,4.794214248657227,4.476365803580456,4.68826456488237,471900
2000-02-23,4.900163650512695,5.05908788356984,4.7147524494445845,4.74123941745555,1312500
2000-02-24,4.794214248657227,4.953138471195612,4.68826456488237,4.953138471195612,899700
2000-02-25,4.794214248657227,4.926650898689949,4.661776992376708,4.68826456488237,746700
2000-02-28,4.5293402671813965,4.7942141690991615,4.502852695115284,4.767726597033049,900750
2000-02-29,4.55582857131958,4.608803117716451,4.423391295955575,4.529340994997202,773850
2000-03-01,4.502853870391846,4.502853870391846,4.264467478319667,4.449879318680677,2198400
2000-03-02,4.423392295837402,4.449879878147143,4.290955596784745,4.449879878147143,1086450
2000-03-03,4.55582857131958,4.55582857131958,4.396904325881081,4.476366448600331,638250
2000-03-06,4.502853870391846,4.60880358006213,4.449879318680677,4.55582902835096,778650
2000-03-07,4.37041711807251,4.555828955467322,4.211492859233509,4.555828955467322,1148550
2000-03-08,4.396905899047852,4.449880464398467,4.079057294447961,4.317443747897879,2219100
2000-03-09,4.7147536277771,4.741240602407809,4.396905082224666,4.449879637734075,1218000
2000-03-10,4.635290622711182,4.714752744207671,4.555828501214692,4.688265168292883,1098000
2000-03-13,4.7147536277771,4.8207027387959185,4.582316329631593,4.582316329631593,782700
2000-03-14,4.396905899047852,4.741241483198999,4.317443747897879,4.714754503647742,869250
2000-03-15,4.34392786026001,4.423389958961398,4.3174408981913475,4.396902996892736,917100
2000-03-16,4.449878692626953,4.449878692626953,4.290954453604562,4.343928997862739,2507700
2000-03-17,4.423392295837402,4.555829601138082,4.3969053197756836,4.449879878147143,1267650
2000-03-20,4.55582857131958,4.608803117716451,4.343929173236326,4.423391295955575,1592250
2000-03-21,4.396905899047852,4.502855029749081,4.343930727449136,4.502855029749081,806850
2000-03-22,4.476368427276611,4.55583058512029,4.396906269432933,4.423393251215391,1406550
2000-03-23,4.582314491271973,4.688264166033272,4.476365422758418,4.5028523867629335,1690800
2000-03-24,4.37041711807251,4.661778057194699,4.290954988653009,4.6352910848868225,1765350
2000-03-27,4.635290622711182,4.714752744207671,4.317442136725224,4.343929106392136,1579050
2000-03-28,4.6088056564331055,4.714755413836146,4.555831080855694,4.661780232010517,888600
2000-03-29,4.502853870391846,4.55582902835096,4.476366897660234,4.55582902835096,1063200
2000-03-30,4.502853870391846,4.529341449371403,4.396904766969508,4.502853870391846,394500
2000-03-31,4.635290622711182,4.635290622711182,4.476366379718202,4.5028533493851155,770250
2000-04-03,5.059088706970215,5.059088706970215,4.5293413793091055,4.688265638232232,1520100
2000-04-04,4.926652431488037,5.112064284218099,4.608803887521067,5.00611456747978,1512000
2000-04-05,4.95313835144043,5.059087426405891,4.820701098361931,4.8736762420924435,2017650
2000-04-06,5.2709879875183105,5.403424664466717,5.0855761547922045,5.1915258600996825,2514000
2000-04-07,5.482884407043457,5.509371973411243,5.297472654964266,5.297472654964266,1400250
2000-04-10,5.482884407043457,5.509371973411243,5.403422314187754,5.509371973411243,1025400
2000-04-11,5.4034247398376465,5.4828868683646705,5.35045018956894,5.4828868683646705,652650
2000-04-12,5.218013763427734,5.4034256292595115,5.138551621820977,5.4034256292595115,1318800
2000-04-13,5.2974724769592285,5.350447607914737,5.191523427543484,5.270985517729111,554100
2000-04-14,5.1650390625,5.244501201923077,4.900165062340406,5.138551480609637,972000
2000-04-17,5.2709879875183105,5.297474959159239,4.979626449484726,4.979626449484726,805650
2000-04-18,5.323963642120361,5.6418122177693375,5.27098908159488,5.27098908159488,1889100
2000-04-19,5.191524505615234,5.32396114801052,5.191524505615234,5.297473577032358,617250
2000-04-20,5.2709879875183105,5.323962537048089,5.1915258600996825,5.2445004096294605,1010250
2000-04-24,5.350450038909912,5.376937010174475,5.059088505016419,5.244500335107922,763200
2000-04-25,5.376936912536621,5.4299120665996155,5.138550537996851,5.165038115028349,455850
2000-04-26,5.535861015319824,5.8007349598619005,5.297474647106322,5.429911922501302,1917000
2000-04-27,5.615323066711426,5.668298218695488,5.376936701526772,5.4563988232549905,1540650
2000-04-28,5.800735950469971,5.906685667629711,5.668299258706288,5.906685667629711,1324350
2000-05-01,5.933171272277832,6.0656085397100385,5.774247036357463,5.774247036357463,1567050
2000-05-02,5.933171272277832,5.959658847013842,5.880196729053658,5.933171272277832,441150
2000-05-03,5.747760772705078,5.827222900409535,5.694785616736824,5.827222900409535,1849650
2000-05-04,5.800735950469971,5.880198086777779,5.7212738141621635,5.800735950469971,1298400
2000-05-05,5.933171272277832,6.012633390238016,5.774247036357463,5.774247036357463,429000
2000-05-08,5.880199909210205,5.906687498271355,5.774250159213782,5.880199909210205,576750
2000-05-09,5.880199909210205,5.906687498271355,5.774250159213782,5.906687498271355,531150
2000-05-10,5.933171272277832,5.959658847013842,5.800734611093474,5.827222185829484,570000
2000-05-11,6.886719703674316,6.913207290009933,5.880199304146379,5.880199304146379,5536050
2000-05-12,6.913205146789551,6.992667274913569,6.568869056169499,6.992667274913569,2423100
2000-05-15,6.886719703674316,7.045644009191786,6.595358678974994,6.7542829844924634,1209450
2000-05-16,6.727790832519531,6.9661771290211805,6.674816302046176,6.886715030187298,1020150
2000-05-17,6.860228538513184,6.886715502442348,6.727791293876388,6.780766434230204,763350
2000-05-18,6.648332595825195,6.860232053310337,6.489408305835365,6.807256885815025,720450
2000-05-19,6.46291971206665,6.46291971206665,6.1715581824512835,6.356970009820344,758250
2000-05-22,6.330480575561523,6.46291781607906,6.171556371938658,6.46291781607906,430800
2000-05-23,6.171558856964111,6.356970704597529,6.145071883193601,6.145071883193601,836400
2000-05-24,6.224534034729004,6.277508588668868,6.171558874541168,6.171558874541168,303600
2000-05-25,6.648332595825195,6.648332595825195,6.065610603361189,6.065610603361189,1909800
2000-05-26,6.992667198181152,7.019154776014478,6.621844139754185,6.754280816424977,1379850
2000-05-30,7.072129249572754,7.0986168271219565,6.939692574322569,6.939692574322569,695700
2000-05-31,6.992667198181152,7.058885839640507,6.913205070929093,7.045641747599885,823350
2000-06-01,6.807253360748291,6.992665138472179,6.727791256902017,6.992665138472179,959250
2000-06-02,6.807253360748291,6.860228500810968,6.727791256902017,6.83374093077963,1075350
2000-06-05,6.46291971206665,6.886717308556072,6.303995461821142,6.780768212557668,1585350
2000-06-06,6.171558856964111,6.462920418423478,6.065609749386132,6.409945258386519,708750
2000-06-07,6.039120674133301,6.22453247586035,5.986146133460352,6.22453247586035,1326600
2000-06-08,6.145069599151611,6.251018667349707,5.986145390606723,6.092094458804819,337950
2000-06-09,6.2775092124938965,6.2775092124938965,6.0656103694291,6.0656103694291,234300
2000-06-12,6.2510199546813965,6.277507530309629,6.039121168399137,6.198045409672798,390750
2000-06-13,5.906685829162598,6.19804680150988,5.721273970624505,6.19804680150988,1033500
2000-06-14,6.01263427734375,6.171558536711848,5.9331721476597,6.01263427734375,693600
2000-06-15,6.092097759246826,6.11858534377008,5.986148633649956,6.092097759246826,763200
2000-06-16,5.959660053253174,6.145071901437041,5.880197919209799,6.09209674124281,570000
2000-06-19,6.092097759246826,6.145072928293334,5.641812459839944,5.9596610491267015,829800
2000-06-20,6.065610408782959,6.092097385432887,5.800736398547429,6.065610408782959,1345800
2000-06-21,6.092097759246826,6.3304842012118945,6.065610780971645,6.092097759246826,491100
2000-06-22,5.959660053253174,6.09209674124281,5.933172473156058,6.03912218729655,339900
2000-06-23,5.933171272277832,6.039120964974027,5.800734611093474,5.933171272277832,422400
2000-06-26,6.039120674133301,6.118582788266633,5.959658559999967,5.986146133460352,328500
2000-06-27,6.01263427734375,6.118583985671795,5.9331721476597,6.092096407027799,789150
2000-06-28,6.092097759246826,6.145072928293334,5.853711317281758,5.880198901805012,1296750
2000-06-29,6.70130729675293,6.780769436215422,6.092097156708474,6.092097156708474,867000
2000-06-30,6.741040229797363,7.072132366993352,6.674821559858894,6.701309149083918,2494950
2000-07-03,6.833741664886475,6.833741664886475,6.754279552504073,6.780767125380809,446700
2000-07-05,6.780769348144531,6.833743905015472,6.727794185025586,6.833743905015472,425100
2000-07-06,6.807253360748291,6.83374093077963,6.648329153055742,6.727791256902017,1187250
2000-07-07,6.966178894042969,6.966178894042968,6.780767687284711,6.780767687284711,530700
2000-07-10,6.674819469451904,6.966180434686587,6.5158951963697165,6.966180434686587,708150
2000-07-11,6.568869590759277,6.648331725350107,6.54238261672765,6.62184475131848,418650
2000-07-12,6.966178894042969,7.07212858808187,6.568868299206908,6.568868299206908,1112100
2000-07-13,6.886719703674316,7.019157029104284,6.860232723586814,6.992669442768667,478500
2000-07-14,7.019157409667969,7.125106548258541,6.860233095533963,6.886720077057533,312000
2000-07-17,7.098618984222412,7.098618984222413,6.886719511933442,6.966181662479781,625950
2000-07-18,7.231051921844482,7.2840264591160615,7.072127703781967,7.072127703781967,1066350
2000-07-19,6.780769348144531,7.2045670156080615,6.701307209714119,7.2045670156080615,714900
2000-07-20,6.754281997680664,6.9132062799790335,6.7277944152149285,6.807256556364113,716250
2000-07-21,6.913205146789551,6.939692724913533,6.727793312417535,6.780768468665497,456150
2000-07-24,6.727790832519531,6.886715030187298,6.621841771572822,6.860228068074471,101100
2000-07-25,7.098618984222412,7.125105963572461,6.727795210840761,6.780770382037052,726900
2000-07-26,7.257542133331299,7.257542133331299,6.8867184188101955,7.09861785746454,1075800
2000-07-27,6.992667198181152,7.204566002104002,6.93969264876242,7.204566002104002,714750
2000-07-28,7.098618984222412,7.098618984222413,6.939694683129733,6.992669248077927,498300
2000-07-31,7.098618984222412,7.204568114118802,6.992669248077927,7.125105963572461,643950
2000-08-01,7.098618984222412,7.151593549170607,7.045643813026121,7.045643813026121,994950
2000-08-02,7.072129249572754,7.17807895352165,6.99266712317306,7.072129249572755,1583250
2000-08-03,6.621848106384277,7.019158980642369,6.542385931532659,7.019158980642369,844800
2000-08-04,6.568869590759277,6.6748193056297085,6.2510210523959575,6.6748193056297085,1723350
2000-08-07,7.15159273147583,7.2045672903670495,6.701307465280398,6.780769606741241,1520550
2000-08-08,6.992667198181152,7.098616903266537,6.93969264876242,7.098616903266537,1042200
2000-08-09,6.93969202041626,6.992666565038475,6.780767780301749,6.992666565038475,1511250
2000-08-10,6.992667198181152,6.992667198181152,6.860230521510361,6.966179620347827,674850
2000-08-11,7.204564571380615,7.204564571380616,6.913203698065806,6.992665809537827,870450
2000-08-14,7.310512542724609,7.337000109092395,7.072126264157502,7.125100790645418,571800
2000-08-15,7.125105857849121,7.416467476361167,7.125105857849121,7.257543177626629,687450
2000-08-16,7.125105857849121,7.20456800721639,6.833744845585163,7.178081028259359,670050
2000-08-17,7.045642375946045,7.204566644623385,6.9661802416073755,7.045642375946045,188700
2000-08-18,6.568869590759277,7.019155424272629,6.5688695907592765,6.966180263713426,510750
2000-08-21,6.992667198181152,6.992667198181152,6.568868984087533,6.568868984087533,1427850
2000-08-22,6.860228538513184,7.0191527470791435,6.833740968336276,6.992665176902236,765750
2000-08-23,6.727790832519531,6.860228068074471,6.568866634851765,6.833740499713943,633300
2000-08-24,6.727790832519531,6.75427840088006,6.595354203212294,6.727790832519531,167850
2000-08-25,6.674819469451904,6.727794025063304,6.64833188852221,6.727794025063304,432600
2000-08-28,6.568869590759277,6.727793859940936,6.515895036448049,6.6748193056297085,505350
2000-08-29,6.542379856109619,6.568866818964825,6.356968084884579,6.568866818964825,718500
2000-08-30,6.409945487976074,6.515895205596899,6.3569709322896575,6.515895205596899,386700
2000-08-31,6.1980462074279785,6.515894730885823,6.1980462074279785,6.409945020983892,469350
2000-09-01,6.515897274017334,6.515897274017335,6.356972950260814,6.383460539636295,455550
2000-09-05,6.542379856109619,6.568866818964825,6.4629177550485615,6.515892287006693,611400
2000-09-06,6.621848106384277,6.648335093835962,6.3569739881294565,6.489410744132726,888750
2000-09-07,6.833741664886475,6.8867162043921395,6.568867754862536,6.568867754862536,638700
2000-09-08,6.913205146789551,6.913205146789552,6.833743018665533,6.833743018665533,186600
2000-09-11,6.966178894042969,7.07212858808187,6.913204350147446,6.939691925219135,742350
2000-09-12,6.992667198181152,7.125103874851943,6.913205070929093,6.93969264876242,785850
2000-09-13,6.754281997680664,6.93969386244477,6.621845297848033,6.93969386244477,350850
2000-09-14,6.515897274017334,6.833745921530375,6.515897274017335,6.807258332154894,1416150
2000-09-15,6.356968879699707,6.6218427851031265,6.356968879699707,6.6218427851031265,877950
2000-09-18,6.2775092124938965,6.436433496354502,6.251021629767785,6.356971354424199,544350
2000-09-19,6.2510199546813965,6.277507530309629,6.171557834044566,6.224532985301032,864150
2000-09-20,6.3039984703063965,6.35697304358689,6.224536307261561,6.251023290777711,651450
2000-09-21,6.3039984703063965,6.409947616867383,6.251023290777711,6.3039984703063965,1211400
2000-09-22,5.933171272277832,6.224532775630407,5.933171272277832,6.198045200894397,1870200
2000-09-25,5.906685829162598,6.0920970814526845,5.827223690681701,6.039122524548089,1098150
2000-09-26,5.747760772705078,5.933171999850197,5.747760772705078,5.906685028113993,974850
2000-09-27,5.4299116134643555,5.721272511504662,5.4034240386432915,5.721272511504662,1471950
2000-09-28,5.482884407043457,5.562346499899159,5.403422314187754,5.482884407043457,2216250
2000-09-29,5.562351226806641,5.641813387189592,5.482889066423689,5.482889066423689,2287800
2000-10-02,5.641811847686768,5.7477615680358545,5.6153242660374945,5.668299429336041,657000
2000-10-03,5.747760772705078,5.933171999850197,5.615323489032367,5.615323489032367,2211600
2000-10-04,5.747760772705078,5.747760772705078,5.641811067016493,5.694785616736824,1240050
2000-10-05,5.747760772705078,5.906685028113993,5.694785616736824,5.694785616736824,805350
2000-10-06,5.7742462158203125,5.853708322488701,5.721271680123974,5.7742462158203125,428100
2000-10-09,5.509373188018799,5.800734057307828,5.297473822856059,5.800734057307828,2515950
2000-10-10,5.535861015319824,5.615323138057659,5.509374045239136,5.562348591648397,1088400
2000-10-11,5.562351226806641,5.562351226806641,5.218014996397791,5.376939317163695,825600
2000-10-12,5.2974724769592285,5.482884222808236,5.112061337357857,5.482884222808236,1369500
2000-10-13,5.2709879875183105,5.323962537048089,5.2445004096294605,5.297474959159239,640800
2000-10-16,5.1650390625,5.323963341346154,5.138551480609637,5.244501201923077,840750
2000-10-17,5.1650390625,5.191526644390363,5.05908934118656,5.191526644390363,210900
2000-10-18,4.95313835144043,5.059087426405891,4.820701098361931,5.059087426405891,1101150
2000-10-19,4.794214248657227,4.979625437453478,4.608802453613178,4.979625437453478,3244800
2000-10-20,5.059088706970215,5.191525993571444,4.847189897155358,4.847189897155358,1268250
2000-10-23,5.08557653427124,5.1385510877539105,4.847190134227276,5.03260198078857,810750
2000-10-24,5.138549327850342,5.165036898643923,4.873676044905569,4.979625115584375,744300
2000-10-25,5.138549327850342,5.297473540116309,5.085574792510939,5.138549327850342,609000
2000-10-26,4.820702075958252,4.847189653194958,4.5558287285828145,4.794215104969452,5817750
2000-10-27,4.873678684234619,4.873678684234619,4.66177921562784,4.820703513958882,1114050
2000-10-30,5.032601356506348,5.112063479997248,4.714752862542745,4.873677109524546,7222800
2000-10-31,5.694786548614502,5.694786548614502,5.006114864566355,5.006114864566355,1426500
2000-11-01,5.721270561218262,5.853707177682433,5.562346378962199,5.588833944754091,598050
2000-11-02,5.7742462158203125,5.93317042915709,5.509372931090859,5.694784109151924,906900
2000-11-03,5.853711128234863,5.880198711902694,5.800736567147252,5.853711128234863,516600
2000-11-06,5.827224254608154,5.959660962810136,5.721274524297731,5.827224254608154,921000
2000-11-07,6.118584632873535,6.171559189517046,5.880198218605735,5.880198218605735,1049550
2000-11-08,6.2775092124938965,6.330483771698088,6.09209734590718,6.118584928633291,1510650
2000-11-09,6.3039984703063965,6.383460633351232,6.092098964688039,6.224536307261561,1341300
2000-11-10,6.1980462074279785,6.2245337864654475,6.065609524736525,6.2245337864654475,598800
2000-11-13,6.224534034729004,6.277508588668868,5.959660052533736,6.092096740507384,743550
2000-11-14,6.224534034729004,6.25102100857495,6.198046454635086,6.198046454635086,249750
2000-11-15,6.409945487976074,6.462920649910481,6.145072103295999,6.198046658982416,568950
2000-11-16,6.515897274017334,6.621847025271076,6.356972950260814,6.462922701514556,1203300
2000-11-17,6.46291971206665,6.568868808065055,6.46291971206665,6.515894260065853,746850
2000-11-20,6.356968879699707,6.436430990695953,6.224532230121895,6.409943418281273,619050
2000-11-21,6.542379856109619,6.542379856109619,6.40994261684271,6.40994261684271,689850
2000-11-22,6.383457183837891,6.515893848596664,6.35696960838699,6.462919303942728,910050
2000-11-24,6.489405632019043,6.51589320485308,6.409943519764737,6.409943519764737,292950
2000-11-27,6.383457183837891,6.542381424047565,6.303995063733053,6.515893848596664,418650
2000-11-28,6.224534034729004,6.356970722702652,6.092096740507384,6.330483142608734,3177900
2000-11-29,6.118584632873535,6.224534352408559,6.092097051427779,6.224534352408559,813750
2000-11-30,6.171558856964111,6.171558856964111,6.092096723156642,6.118584303175122,837750
2000-12-01,6.3039984703063965,6.409947616867383,6.118586554452381,6.171561127732875,826500
2000-12-04,6.515897274017334,6.568871846520113,6.277510788382554,6.3039983777580355,1238100
2000-12-05,6.648332595825195,6.7277947408201095,6.40994616084045,6.515895889583022,1111800
2000-12-06,6.568869590759277,6.62184475131848,6.462920482136821,6.595357171038878,828900
2000-12-07,6.542379856109619,6.595354388067751,6.4629177550485615,6.568866818964825,2252100
2000-12-08,6.515897274017334,6.621847025271076,6.462922701514556,6.542384863392815,875250
2000-12-11,6.409945487976074,6.515895205596899,6.383458513256861,6.515895205596899,413400
2000-12-12,6.3039984703063965,6.409947616867383,6.198048717497217,6.409947616867383,850350
2000-12-13,6.2775092124938965,6.303996795220008,6.198047070563594,6.251021629767785,637350
2000-12-14,6.171558856964111,6.27750857079006,6.145071883193601,6.22453401700107,553950
2000-12-15,6.1980462074279785,6.2775083382924395,6.171558628390509,6.171558628390509,1132050
2000-12-18,6.46291971206665,6.568868808065055,6.251020307574038,6.251020307574038,1167750
2000-12-19,6.648332595825195,6.7277947408201095,6.489408305835365,6.489408305835365,2199900
2000-12-20,6.46291971206665,6.621843962312159,6.383457586943896,6.621843962312159,971700
2000-12-21,6.780769348144531,6.833743905015472,6.436433212863409,6.462920794422882,1961250
2000-12-22,6.780769348144531,6.860231486574944,6.727794185025586,6.833743905015472,831600
2000-12-26,6.621848106384277,6.807259443539198,6.5953605126843105,6.780772456087514,408300
2000-12-27,6.807253360748291,6.83374093077963,6.648329153055742,6.67481672308708,1269300
2000-12-28,7.045642375946045,7.072129956141593,6.780768998982462,6.860231133321132,1751400
2000-12-29,7.284026145935059,7.3105137165558896,7.098614970332506,7.098614970332506,2110500
2001-01-02,7.019157409667969,7.310518450164264,6.886720077057533,7.310518450164264,2702400
2001-01-03,6.833741664886475,7.045640429156942,6.754279552504073,6.93969135014561,1851150
2001-01-04,6.93969202041626,6.966178989603436,6.780767780301749,6.860229900359005,3143400
2001-01-05,7.125105857849121,7.1515934430542405,6.913206994952432,6.913206994952432,1998750
2001-01-08,7.257542133331299,7.257542133331299,7.09861785746454,7.151592414004126,1961250
2001-01-09,7.019157409667969,7.284030862392547,6.966182234124536,7.284030862392547,3036300
2001-01-10,6.913205146789551,6.966179696789588,6.701306340541479,6.966179696789588,894300
2001-01-11,6.780769348144531,6.939693625005356,6.701307209714119,6.886718461886412,935400
2001-01-12,6.727790832519531,6.780765969240588,6.701303870406705,6.780765969240588,650850
2001-01-16,6.886719703674316,6.886719703674316,6.6748208317337285,6.727795398156847,1454550
2001-01-17,6.674819469451904,6.886718298145492,6.674819469451904,6.886718298145492,1082250
2001-01-18,6.754281997680664,6.754281997680665,6.674819856531481,6.701307438997217,1569450
2001-01-19,6.70130729675293,6.7542818543119205,6.70130729675293,6.7542818543119205,842100
2001-01-22,6.70130729675293,6.7542818543119205,6.674819714849427,6.70130729675293,1001100
2001-01-23,6.648332595825195,6.7277947408201095,6.621845618325593,6.701307763320508,858450
2001-01-24,6.727790832519531,6.75427840088006,6.595354203212294,6.6483287336856485,682350
2001-01-25,6.70130729675293,6.780769436215422,6.70130729675293,6.7542818543119205,801600
2001-01-26,6.674819469451904,6.701307050381599,6.542382777299411,6.674819469451904,1122000
2001-01-29,6.725676536560059,6.776532265641003,6.615489123551346,6.65363122348611,1140000
2001-01-30,6.166262149810791,6.6112500275036865,6.043361122815786,6.568870258497127,2345700
2001-01-31,5.827224254608154,6.229832381040475,5.827224254608154,6.166262421604608,1978800
2001-02-01,5.992507457733154,6.039124916523995,5.911985565846822,5.933175154502229,1890000
2001-02-02,6.2128777503967285,6.251019834317037,6.102690989899485,6.119642892475655,1538250
2001-02-05,6.272210597991943,6.437491966578738,6.251020414680444,6.356970118742117,2181750
2001-02-06,6.568869590759277,6.611249355457854,6.272211237869234,6.272211237869234,2448150
2001-02-07,6.568869590759277,6.602774008766114,6.526490432308674,6.547680011533975,853800
2001-02-08,6.399348735809326,6.56463007486695,6.3781585562836645,6.547678173745543,861150
2001-02-09,6.590061664581299,6.632441441423587,6.39935236566693,6.39935236566693,1318050
2001-02-12,6.7299113273620605,6.814670831878891,6.568867662532287,6.568867662532287,1917450
2001-02-13,6.78500509262085,6.797718715906088,6.738387665577868,6.7595772398025415,774150
2001-02-14,6.776531219482422,6.818911593421986,6.742627405329185,6.785007173020731,1066650
2001-02-15,6.780769348144531,6.82314850864288,6.759579161647353,6.776531068345894,1535100
2001-02-16,6.776531219482422,6.823148660819114,6.742627405329185,6.759579312405804,2718600
2001-02-20,6.852812767028809,6.865526996685987,6.742625403740566,6.797718782260769,1501950
2001-02-21,6.831624507904053,6.8655283185203135,6.759578607220521,6.844338740009128,989700
2001-02-22,6.861289978027344,6.95028778322723,6.8358621202913685,6.874003603771356,809850
2001-02-23,6.852812767028809,6.9036684731618445,6.797718782260769,6.9036684731618445,549600
2001-02-26,6.886719703674316,6.886719703674316,6.69601041580373,6.823149738968083,579450
2001-02-27,6.886719703674316,6.984193487891044,6.844340535534313,6.844340535534313,1283700
2001-02-28,7.051999092102051,7.05199909210205,6.852813906827473,6.907907900759057,801600
2001-03-01,7.162188529968262,7.162188529968261,7.0350486115014155,7.0350486115014155,1104450
2001-03-02,7.251183986663818,7.263898217925963,7.0986168490055706,7.1621867928204646,1662300
2001-03-05,7.3317036628723145,7.412225493677586,7.310514090290581,7.310514090290581,1367250
2001-03-06,7.3232293128967285,7.395274596951428,7.314753361463947,7.374085021493411,632850
2001-03-07,7.4079909324646,7.424943447783022,7.323231993361023,7.323231993361023,892050
2001-03-08,7.793646812438965,7.9080718814341235,7.3740868115446805,7.395276392146444,2308950
2001-03-09,7.802122116088867,8.05216365202795,7.734315094793268,7.793646768893927,1964250
2001-03-12,7.950448513031006,8.052159907041375,7.763977017764266,7.780928916765994,1916550
2001-03-13,7.988590240478516,8.035208267361647,7.76821554634385,8.009780418038416,1590750
2001-03-14,7.819072723388672,7.958926224233244,7.585983757397005,7.628363514282048,2079750
2001-03-15,7.628364086151123,7.861453069616573,7.577508374076615,7.8402628864615735,1322700
2001-03-16,7.734314441680908,7.734314441680908,7.57327073361591,7.5859849658307095,931950
2001-03-19,7.704648017883301,7.806359446832581,7.64531635099622,7.7555037323579405,776400
2001-03-20,7.780930995941162,7.814834803004198,7.628363864157507,7.704647430049334,694050
2001-03-21,7.649557113647461,7.7555068647188286,7.480038603180001,7.670747306361007,778650
2001-03-22,7.221518039703369,7.5859845954254475,7.119806611943142,7.5859845954254475,1038900
2001-03-23,7.416464805603027,7.416464805603027,7.068950189348561,7.179137558375043,1279350
2001-03-26,7.543605327606201,7.734314570262981,7.331705899655125,7.331705899655125,918000
2001-03-27,7.4079909324646,7.543606811275355,7.331707341648101,7.543606811275355,676050
2001-03-28,7.611410140991211,7.628362040470093,7.374083548286855,7.38255889177855,776400
2001-03-29,8.056396484375,8.094537948824305,7.535125357751773,7.5944569961988595,1769250
2001-03-30,7.946209907531738,8.094538714557348,7.865688087469607,8.05639724649991,1022850
2001-04-02,7.734314441680908,7.925023681167169,7.670744493102834,7.925023681167169,647400
2001-04-03,7.539366722106934,7.713124051515604,7.488511007096777,7.713124051515604,1752900
2001-04-04,7.628364086151123,7.6410783172937045,7.526652662002107,7.543604566026943,640500
2001-04-05,7.6707444190979,7.7300760876159735,7.585984892643508,7.628364655870704,744900
2001-04-06,7.691932201385498,7.738549623251243,7.607172701404359,7.670742023266331,794400
2001-04-09,7.802122116088867,7.967403511350425,7.632603653477851,7.649554954115743,1079100
2001-04-10,7.840265274047852,7.891121001609391,7.763981682705541,7.7766953114718795,771450
2001-04-11,7.886882305145264,7.9080718857586145,7.819074677185714,7.840264257799066,437250
2001-04-12,7.992825508117676,8.073347309878676,7.886876470929332,7.886876470929332,767700
2001-04-16,7.980118751525879,8.11573462997237,7.950453213856522,8.052164668005325,357900
2001-04-17,7.7978835105896,8.03097188116956,7.755503145486453,7.9674019397627305,542400
2001-04-18,7.755505561828613,8.11573453370477,7.755505561828612,7.84026510594721,601650
2001-04-19,7.776691913604736,7.840261848405119,7.5944592725894395,7.713122585052181,512250
2001-04-20,7.564794540405273,7.738551868913396,7.395275491250002,7.7343141958084844,602400
2001-04-23,7.628364086151123,7.628364086151123,7.4334165836176,7.5647941429340335,181950
2001-04-24,7.607171535491943,7.628361104115728,7.4927459249309525,7.522411442253786,176250
2001-04-25,7.6707444190979,7.704648229679656,7.518177271479995,7.585984892643508,351900
2001-04-26,7.967406272888184,8.094545618599506,7.772459882379044,7.77669695119709,641100
2001-04-27,8.077593803405762,8.158115080828054,7.94621618465336,7.967405771146738,747900
2001-04-30,7.628364086151123,8.052162293019933,7.628364086151123,8.052162293019933,620850
2001-05-01,8.052166938781738,8.136926507808626,7.585988702885595,7.6283684873990385,1093200
2001-05-02,7.891118049621582,8.052161732903064,7.874166753023805,8.052161732903064,408750
2001-05-03,7.8105950355529785,7.861450732508744,7.585982070874481,7.861450732508744,356700
2001-05-04,7.636839866638184,7.8105971821140745,7.619887962994092,7.8105971821140745,455700
2001-05-07,7.738551616668701,7.789407329757596,7.522414532916933,7.628364238309427,530250
2001-05-08,7.802122116088867,7.861454396437538,7.649554954115743,7.738552768390738,1072500
2001-05-09,7.88264274597168,7.9123088815133675,7.585984421794385,7.819073408200503,570900
2001-05-10,7.903828144073486,7.9250183146663735,7.776688333011259,7.882637973480598,370950
2001-05-11,7.852978229522705,7.903833948797973,7.776694044361807,7.895357995585429,282900
2001-05-14,7.857213497161865,7.857213497161865,7.730074237903158,7.819072022508157,511200
2001-05-15,8.12844181060791,8.306436714171173,7.861449152139212,7.899591220312286,1266600
2001-05-16,8.2598237991333,8.264062078768854,8.073352832624591,8.128446830398882,761400
2001-05-17,8.107256889343262,8.225920235247502,8.073353076227765,8.221682561732065,1149300
2001-05-18,8.052166938781738,8.073356527914331,7.988596958887443,7.988596958887443,455550
2001-05-21,7.946209907531738,8.052159575048064,7.878402314320557,8.052159575048064,596400
2001-05-22,7.823315620422363,7.984358791651739,7.7512690818158365,7.96740627264253,624900
2001-05-23,7.607171535491943,7.840259821591942,7.5012218736300005,7.823308530441516,1287600
2001-05-24,7.607171535491943,7.742786714676719,7.564791185749029,7.564791185749029,798450
2001-05-25,7.509702205657959,7.6241278922453635,7.437656896971728,7.602938309542851,355350
2001-05-29,7.585982322692871,7.670741820432759,7.522412396264082,7.543602573822928,365850
2001-05-30,7.547842979431152,7.602936976041119,7.458845171445198,7.590222743651139,384000
2001-05-31,7.7894062995910645,7.7894062995910645,7.5647932933633895,7.5647932933633895,821550
2001-06-01,7.967406272888184,8.005548379725692,7.738555450607803,7.831790970796106,651450
2001-06-04,8.056396484375,8.094537948824305,7.861449672334573,7.861449672334573,578550
2001-06-05,8.073351860046387,8.221681323206122,7.992830012903009,8.030972100036164,470700
2001-06-06,7.912313461303711,8.077594926422925,7.903837504278322,8.077594926422925,270900
2001-06-07,8.030969619750977,8.18353670866895,7.941971848091631,7.946210125907657,498750
2001-06-08,7.98435640335083,8.09454319708967,7.954690261768803,8.026736172576554,404850
2001-06-11,8.069117546081543,8.098783695790583,7.933502247407542,7.988596265617958,484800
2001-06-12,8.009781837463379,8.047923315083457,7.980115704871891,8.009781837463379,335400
2001-06-13,8.136920928955078,8.242870620721357,8.030971237188798,8.030971237188798,550500
2001-06-14,8.115731239318848,8.242870503887618,8.115731239318848,8.136920813623059,681150
2001-06-15,8.043682098388672,8.11149029008134,8.022492531060916,8.094537787472447,353100
2001-06-18,8.047924041748047,8.052162320892881,8.009782560684092,8.052162320892881,356550
2001-06-19,8.179300308227539,8.21744238950847,8.001305343494767,8.094540194964118,409800
2001-06-20,8.281015396118164,8.285253070227947,8.11573458712305,8.13692417016813,606750
2001-06-21,8.285255432128906,8.348825411882387,8.200495863289769,8.27678008149325,931950
2001-06-22,8.179300308227539,8.247107913840024,8.128444604018176,8.24287024161315,752400
2001-06-25,8.039446830749512,8.141158845570677,7.882641439408357,8.136920567089547,484350
2001-06-26,8.035210609436035,8.454770548685044,7.988592568964845,8.039448282434547,600600
2001-06-27,8.115731239318848,8.136920813623059,7.950449892255532,7.950449892255532,336300
2001-06-28,8.336109161376953,8.39967912578679,8.115734941834353,8.115734941834353,617550
2001-06-29,8.412388801574707,8.412388801574707,8.124206472508497,8.293726095854094,895200
2001-07-02,8.39120101928711,8.403915251408153,8.327631677425755,8.39120101928711,814200
2001-07-03,8.370013236999512,8.475962364921676,8.289491366280352,8.433583198751279,589350
2001-07-05,8.454771995544434,8.471723902935302,8.314918456445747,8.348822271227487,849150
2001-07-06,8.43358039855957,8.49291145399774,8.353058554575982,8.43358039855957,663300
2001-07-09,8.581910133361816,8.624289896072998,8.442056613290939,8.454770845228268,1065300
2001-07-10,8.484436988830566,8.594624371965104,8.399676857094514,8.539530377273861,952350
2001-07-11,8.658197402954102,8.692101227598657,8.497154235892463,8.518343823171207,924000
2001-07-12,8.751429557800293,8.772619135468592,8.552243768981109,8.552243768981109,588750
2001-07-13,8.814998626708984,8.857378386993783,8.730238499891474,8.730238499891474,1085700
2001-07-16,8.560722351074219,8.836190563363091,8.560722351074219,8.815000980686134,454650
2001-07-17,8.509868621826172,8.666673510420685,8.492916102959727,8.564962034711309,357000
2001-07-18,8.497151374816895,8.603100488032904,8.446295654973689,8.518340954960896,374550
2001-07-19,8.475960731506348,8.628527882811438,8.47172305820519,8.60310002426059,297600
2001-07-20,8.475960731506348,8.59038639810915,8.454771152504625,8.454771152504625,463350
2001-07-23,8.43358039855957,8.645479190295479,8.391200033964504,8.645479190295479,199200
2001-07-24,7.886882305145264,8.370012260605067,7.776694303462981,8.370012260605067,748650
2001-07-25,8.005544662475586,8.08182823448129,7.776693340210535,7.967402573348764,772200
2001-07-26,7.988590240478516,8.09453930953477,7.848737372324621,7.920782642283234,578850
2001-07-27,8.056396484375,8.115728729069733,8.047920536025417,8.073348381074169,722550
2001-07-30,8.221680641174316,8.302202481637984,8.05216161519592,8.05216161519592,441450
2001-07-31,8.43358039855957,8.539529491303583,8.094541119286346,8.242871182873309,1162950
2001-08-01,8.454771995544434,8.560721719861382,8.412391620819232,8.433582414429862,1043550
2001-08-02,8.242870330810547,8.518338428468242,8.238632052289995,8.497148854608952,691350
2001-08-03,8.475960731506348,8.679383599913134,8.306441674500693,8.306441674500693,1090200
2001-08-06,8.39120101928711,8.454770967396417,8.264061729316447,8.433581388858618,799050
2001-08-07,8.348822593688965,8.420868506006846,8.28525263539389,8.395440643938427,531300
2001-08-08,8.353059768676758,8.403915486085154,8.24711005428528,8.306441724595075,521400
2001-08-09,8.276776313781738,8.348821611374786,8.107256647023076,8.327632031934941,508350
2001-08-10,8.539530754089355,8.539530754089355,8.2640619809737,8.2640619809737,1649400
2001-08-13,8.624290466308594,8.687860417702568,8.399677405964,8.497151169768632,675750
2001-08-14,8.560722351074219,8.69209933991634,8.459010899229453,8.603101516428131,810900
2001-08-15,8.471721649169922,8.581909017896994,8.3488200501581,8.581909017896994,658200
2001-08-16,8.463245391845703,8.475959622581685,8.403914335904078,8.475959622581685,491700
2001-08-17,8.39120101928711,8.475960545934218,8.306441492640001,8.433581388858618,438450
2001-08-20,8.450532913208008,8.475960771879977,8.41239082207607,8.433581613674667,308100
2001-08-21,8.471721649169922,8.497149503491553,8.442055516004084,8.450531467444629,286650
2001-08-22,8.408151626586914,8.475958626299722,8.34881936512355,8.47172095405109,374400
2001-08-23,8.357295989990234,8.408152304810725,8.264060524273756,8.408152304810725,394050
2001-08-24,8.297966003417969,8.357297675384627,8.009783596722771,8.357297675384627,1124700
2001-08-27,8.475960731506348,8.569196212859458,8.433581573502902,8.433581573502902,1203600
2001-08-28,8.501387596130371,8.569195211005008,8.463245509639439,8.475959740552382,1077600
2001-08-29,8.57767391204834,8.615816010763991,8.475962457137394,8.492914366289218,1180350
2001-08-30,8.43358039855957,8.581909249650764,8.370010457914855,8.581909249650764,1750350
2001-08-31,8.412388801574707,8.509863145777665,8.412388801574707,8.433579588083669,1084950
2001-09-04,8.475960731506348,8.518340495757762,8.382725856401207,8.454771152504625,437100
2001-09-05,8.505622863769531,8.552240279367007,8.471719068335846,8.475956739641214,477450
2001-09-06,8.454771995544434,8.492913484049875,8.412391620819232,8.475961576659007,608850
2001-09-07,8.158111572265625,8.433580928193782,8.0648767042945,8.433580928193782,1178700
2001-09-10,8.0945405960083,8.149634581421985,7.797882913003585,8.03097126572096,1129800
2001-09-17,7.585982322692871,7.840260815912532,7.480033253641887,7.840260815912532,1108950
2001-09-18,7.297800540924072,7.62836323894394,7.056236238522281,7.62836323894394,1080450
2001-09-19,7.140994071960449,7.310513674204855,6.653627261593943,7.255419697382067,1603650
2001-09-20,6.890956878662109,7.081666135935581,6.810435017119439,7.0774278560526955,688650
2001-09-21,6.992667198181152,6.992667198181152,6.611248744872103,6.696008266441243,1001400
2001-09-24,7.179139614105225,7.310517202534252,7.162188312571978,7.310517202534252,991650
2001-09-25,7.2257561683654785,7.416465394564598,7.098616886315372,7.26389825610447,761850
2001-09-26,6.831624507904053,7.263898699509332,6.759578607220521,7.225756609442062,1372200
2001-09-27,7.119806289672852,7.19608985704013,6.806196068274043,6.823147365885536,942600
2001-09-28,6.865527153015137,7.225755382783843,6.865527153015137,7.196089250406819,1361700
2001-10-01,6.814671516418457,6.9502867372680495,6.725673724611982,6.886716799370874,873900
2001-10-02,7.035048007965088,7.035048007965089,6.903670426819188,6.9079087066535765,1477050
2001-10-03,7.204564571380615,7.306275977065154,7.170660769485769,7.28932468236553,782550
2001-10-04,7.242709159851074,7.352896554168202,7.187615765816513,7.204567066386525,1097250
2001-10-05,7.149470329284668,7.289323798262344,7.056234885382127,7.24270577318721,598800
2001-10-08,7.043521404266357,7.246944212513019,6.937571721847326,7.246944212513019,571500
2001-10-09,7.145233631134033,7.204565290371106,7.077426020577377,7.077426020577377,416400
2001-10-10,7.289322376251221,7.289322376251221,7.183372725725093,7.2045622920817545,528150
2001-10-11,7.429178714752197,7.543603751439834,7.310514793144218,7.331704367763178,704700
2001-10-12,7.378321170806885,7.437652818587132,7.340179700357741,7.416463247503772,1251900
2001-10-15,7.162188529968262,7.365611429518316,7.119808152980605,7.365611429518316,600300
2001-10-16,7.535129547119141,7.573271032774278,7.310516487851394,7.310516487851394,833250
2001-10-17,7.480034351348877,7.628363191037298,7.480034351348877,7.564793255279519,745950
2001-10-18,7.505462646484375,7.6071740646894925,7.391036997879681,7.395274670514291,240900
2001-10-19,7.352898120880127,7.607177383578751,7.352898120880127,7.564797001255532,254700
2001-10-22,7.183376789093018,7.458844945037305,7.162187210750203,7.395275603760912,774300
2001-10-23,7.204564571380615,7.246944323749173,7.162185425259857,7.204564571380616,279750
2001-10-24,7.263899803161621,7.3105172467178985,7.204567519320465,7.204567519320465,289800
2001-10-25,7.378321170806885,7.475794895284019,7.20456389918372,7.20456389918372,450450
2001-10-26,7.437658786773682,7.509704113765592,7.378327091384014,7.378327091384014,297150
2001-10-29,7.179139614105225,7.458846092496527,7.119807936870707,7.437656510893935,356100
2001-10-30,7.098618984222412,7.1537123862689915,6.696010229372606,6.696010229372606,924450
2001-10-31,6.94180965423584,7.22575427972187,6.793480833737701,7.140994174261529,1087650
2001-11-01,6.801957607269287,6.971477247577398,6.717198090239175,6.929096882814455,1172700
2001-11-02,6.547677040100098,6.780765943287028,6.462917549168068,6.780765943287028,2370150
2001-11-05,6.700247764587402,6.742627533081919,6.547680598007141,6.547680598007141,1363950
2001-11-06,7.01385498046875,7.11980465843957,6.696006552804057,6.696006552804057,905700
2001-11-07,7.187615394592285,7.3571338477692265,6.9714782907015245,6.9714782907015245,744900
2001-11-08,7.102856159210205,7.348659432789962,7.035048526842838,7.204567607761255,420300
2001-11-09,7.217279434204102,7.229993057907575,7.05623636105704,7.098616117148373,251850
2001-11-12,7.056236267089844,7.140995171895929,6.929096394261105,7.077425841729404,393750
2001-11-13,7.204564571380615,7.28932468236553,7.077425314274942,7.077425314274942,511200
2001-11-14,7.3232293128967285,7.352894839787526,7.18761408997224,7.268135325459721,526800
2001-11-15,7.569034099578857,7.607176195212074,7.204567476020736,7.3105172027814085,418500
2001-11-16,7.759739398956299,7.776690691825681,7.543602382089209,7.5690302307648825,973350
2001-11-19,7.738551616668701,7.920784891694538,7.713123760124253,7.768217752427851,763500
2001-11-20,7.713124752044678,7.755504518402198,7.6919351719899165,7.738552611859189,973350
2001-11-21,7.535129547119141,7.7088868880147166,7.501225734871027,7.7088868880147166,265500
2001-11-23,7.585982322692871,7.649551642873912,7.458842469835292,7.543602573822928,101550
2001-11-26,7.552079677581787,7.5775075307892195,7.471557839300994,7.50122397116692,305700
2001-11-27,7.416464805603027,7.543604077556661,7.395274623820153,7.501224320238783,268500
2001-11-28,7.3317036628723145,7.437653344524338,7.323228318837849,7.416463771942604,342750
2001-11-29,7.200326919555664,7.331703849144468,7.1367575939476104,7.331703849144468,419550
2001-11-30,7.310512542724609,7.424938150436071,7.056234088085424,7.119803398621392,1123500
2001-12-03,7.3317036628723145,7.3317036628723145,7.204564408638557,7.310514090290581,290250
2001-12-04,7.208806037902832,7.331707071001874,7.204567757667658,7.331707071001874,516450
2001-12-05,7.2257561683654785,7.335943546142238,7.204565984899836,7.204565984899836,719700
2001-12-06,7.848742485046387,7.861456114865868,7.246948446555222,7.289328829281878,1741050
2001-12-07,7.9165472984313965,7.925023857595276,7.564794949297333,7.819074143022471,717900
2001-12-10,7.776691913604736,7.895355832315307,7.7173608636211934,7.882641602856099,563400
2001-12-11,7.641078948974609,7.797884377291256,7.641078948974609,7.797884377291256,474150
2001-12-12,7.547842979431152,7.662268645949099,7.480035962927143,7.6283648345731105,752700
2001-12-13,8.073351860046387,8.230157275208168,7.852977107993226,7.946212580015717,31271850
2001-12-14,8.200494766235352,8.208970721985361,8.009786064984251,8.115735814983443,2433150
2001-12-17,8.374250411987305,8.391202319944314,8.0945433244486,8.0945433244486,1290450
2001-12-18,8.412388801574707,8.44205493269073,8.289487817302737,8.433579588083669,1473450
2001-12-19,8.200494766235352,8.475963631234714,8.15811498748531,8.412393659985563,1531650
2001-12-20,8.264060020446777,8.331867627742982,8.098778674538362,8.24287044629063,2292450
2001-12-21,8.624290466308594,8.730239576967902,8.285251735954041,8.327632107715349,2606700
2001-12-24,8.624290466308594,8.65819427871925,8.531054982179288,8.645480652189248,300450
2001-12-26,8.514103889465332,8.581911520765415,8.47172411990278,8.581911520765415,471300
2001-12-27,8.539530754089355,8.687860233362702,8.47172313070679,8.47172313070679,1000800
2001-12-28,8.581910133361816,8.615813943530762,8.518340186171068,8.573434180819579,1461000
2001-12-31,8.463245391845703,8.581909322472619,8.348820346461299,8.539529563765823,934350
2002-01-02,8.471721649169922,8.471721649169922,8.094540900693913,8.22168077854994,1377150
2002-01-03,8.357295989990234,8.475959309993025,8.34458236597101,8.475959309993025,819900
2002-01-04,8.242870330810547,8.357295363395918,8.200489970596324,8.357295363395918,979650
2002-01-07,8.348822593688965,8.442058087939836,8.238635191392483,8.242873471527911,487800
2002-01-08,8.276776313781738,8.353059891011544,8.213206362966242,8.353059891011544,320250
2002-01-09,8.187780380249023,8.348823524639755,8.162352515345225,8.264063974960422,569250
2002-01-10,8.052166938781738,8.187782249224759,7.992834634214658,8.187782249224759,1206900
2002-01-11,8.179300308227539,8.234393684663775,8.030970867826323,8.05216104770413,377400
2002-01-14,8.230156898498535,8.344582548412617,8.179301188814028,8.213204995270367,547950
2002-01-15,8.264060020446777,8.28101192227083,8.073350821802286,8.230156216798676,696300
2002-01-16,8.281015396118164,8.416630667600549,8.221683714844621,8.264063487182867,895500
2002-01-17,8.2598237991333,8.264062078768854,8.136922783422007,8.264062078768854,425100
2002-01-18,8.196256637573242,8.221684503415064,8.132686669844615,8.221684503415064,523500
2002-01-22,8.217447280883789,8.285254320610102,8.158114984407936,8.242875148124224,672450
2002-01-23,8.213203430175781,8.306438880163917,8.213203430175781,8.217441708299125,659700
2002-01-24,8.192015647888184,8.264060935493777,8.158111234238149,8.247109031792709,352500
2002-01-25,8.242870330810547,8.259821626149286,8.158110216629924,8.192014626050867,549300
2002-01-28,8.052166938781738,8.24711394754358,8.052166938781738,8.242876272216366,1328250
2002-01-29,8.052166938781738,8.115736918676033,8.018262504922724,8.052166938781738,1171200
2002-01-30,7.768218517303467,8.05640091984894,7.6707447544949785,8.05640091984894,1816650
2002-01-31,7.374086856842041,7.628365463113276,7.162188018282679,7.204567179746533,3652650
2002-02-01,7.196090221405029,7.3105158813736955,7.09861707240203,7.3105158813736955,3664800
2002-02-04,7.098618984222412,7.204568114118802,6.971479664597888,7.035049021286102,1055400
2002-02-05,7.157948970794678,7.1918521750805,6.971478012858917,6.971478012858917,985500
2002-02-06,7.153712749481201,7.1579510301412546,7.102857019049316,7.1579510301412546,1018200
2002-02-07,7.183376789093018,7.2257565520265965,7.102854936395244,7.153710651915538,1326900
2002-02-08,7.196090221405029,7.225756357785029,7.153710459610696,7.183376595990696,773400
2002-02-11,7.204564571380615,7.255420274222885,7.162185425259857,7.196088620906904,1183050
2002-02-12,7.153712749481201,7.20880676057314,7.119808929193278,7.1833788953571975,677850
2002-02-13,7.1325225830078125,7.183378309290558,7.098618765485983,7.119808348313088,1002000
2002-02-14,7.3317036628723145,7.501223274765109,7.1409944783977854,7.1409944783977854,2053800
2002-02-15,7.416464805603027,7.4715581869923335,7.331704684719402,7.37408504828515,857550
2002-02-19,7.357132434844971,7.395274519014446,7.2808488727538805,7.331704580814607,951300
2002-02-20,7.3952765464782715,7.4588458958582065,7.3528967781423065,7.399514826435882,1056000
2002-02-21,7.374086856842041,7.412228344658717,7.340183042672543,7.374086856842041,1286400
2002-02-22,7.4546074867248535,7.458844553423827,7.310515694068021,7.331705271298314,1149900
2002-02-25,7.361369609832764,7.543602839515824,7.289324337340231,7.501223089153225,598950
2002-02-26,7.369848728179932,7.5181782213392925,7.314755332147962,7.395276589328848,932250
2002-02-27,7.679222583770752,7.755506179553467,7.395277785233253,7.395277785233253,1104450
2002-02-28,7.607171535491943,7.653788950212874,7.577505411921437,7.6495506727395135,777150
2002-03-01,7.687694549560547,7.704646450937805,7.585983141296994,7.602935042674253,685500
2002-03-04,7.878403663635254,7.878403663635254,7.755502076767083,7.755502076767083,831600
2002-03-05,7.819072723388672,7.891118006969313,7.776692360255766,7.819072723388672,727200
2002-03-06,7.88264274597168,7.925023112816352,7.696171799345952,7.734313887006991,681600
2002-03-07,7.861454010009766,8.009783491094323,7.806360012214708,7.865691683398934,645750
2002-03-08,7.6707444190979,7.925023604709029,7.6410788879628395,7.903833419971454,1069800
2002-03-11,7.662271022796631,7.73431694744334,7.628367200903627,7.670746978269881,782850
2002-03-12,7.467319488525391,7.636838494508409,7.3783217072604135,7.636838494508409,1942800
2002-03-13,7.374086856842041,7.501226159977659,7.352896669862096,7.437656205285841,1354800
2002-03-14,7.424942970275879,7.501226556186488,7.162188396583781,7.162188396583781,1134450
2002-03-15,7.361369609832764,7.437653160485442,7.3105139093976454,7.424939538500547,961800
2002-03-18,7.348659038543701,7.458845828981235,7.2681371763033225,7.416466667273274,939900
2002-03-19,7.88264274597168,7.941974410807139,7.3656096666912525,7.395275195985024,1595700
2002-03-20,7.88264274597168,8.030972211184285,7.8445012645585575,7.88264274597168,1166400
2002-03-21,7.7978835105896,7.87840474929064,7.632602147930158,7.861452845748538,283500
2002-03-22,7.920783519744873,8.0097813053592,7.7766917513697145,7.840261684843921,622650
2002-03-25,7.967406272888184,8.149639638198524,7.840266927176861,7.882646709080635,678450
2002-03-26,8.200494766235352,8.255588781734495,7.988595872485141,7.988595872485141,855900
2002-03-27,7.954685211181641,8.264057633226765,7.946209262718043,8.264057633226765,428850
2002-03-28,7.9165472984313965,8.04368659216998,7.916547298431397,7.9885932013405805,605100
2002-04-01,8.0945405960083,8.16234881122816,8.001305739919626,8.001305739919626,793350
2002-04-02,8.052166938781738,8.081832484817019,7.882647194479703,8.052166938781738,462600
2002-04-03,8.081830978393555,8.124210755007566,7.950453974014196,8.00978566127381,523800
2002-04-04,7.98435640335083,8.242873298751764,7.980118123304238,8.052164034111987,1124100
2002-04-05,8.009781837463379,8.136921106610066,7.941973621003957,7.988591656148336,684600
2002-04-08,8.187780380249023,8.247112065024556,7.9250257762430945,7.988595135378533,375450
2002-04-09,7.9758806228637695,8.183541193459359,7.97588062286377,8.179303519568698,353250
2002-04-10,8.170825004577637,8.204728810068739,7.9462119900751595,7.9462119900751595,589050
2002-04-11,8.12844181060791,8.34034050532608,8.119965256571577,8.221677236283906,466050
2002-04-12,8.136920928955078,8.149634552468239,8.086065222406745,8.128444977863689,725100
2002-04-15,8.196256637573242,8.306444056221139,8.166591097215187,8.179304727012028,371100
2002-04-16,8.217447280883789,8.41239365681227,8.196257088392674,8.196257088392674,460350
2002-04-17,8.103017807006836,8.217443459501167,8.098779527980282,8.217443459501167,757500
2002-04-18,8.043682098388672,8.158107701950982,7.997064686519029,8.136918134623228,684150
2002-04-19,8.0945405960083,8.111493104499148,8.009781691041129,8.0945405960083,660600
2002-04-22,8.0945405960083,8.153872860106658,8.052161446648636,8.073351021328468,467550
2002-04-23,8.124208450317383,8.136922682818861,8.009783389043937,8.094542311979247,948900
2002-04-24,8.064876556396484,8.179301605897512,8.039448094009689,8.14539719146442,740700
2002-04-25,8.043682098388672,8.06910994293056,7.96739856476301,8.064872878211697,1010700
2002-04-26,8.052166938781738,8.162354378516692,8.009787154268293,8.030976743400887,330150
2002-04-29,7.967406272888184,8.077594312086218,7.925027097232631,8.052166442943953,240600
2002-04-30,8.39120101928711,8.518340309257772,8.030972727912923,8.094542069774276,1786650
2002-05-01,8.221680641174316,8.348819910658113,8.196252787277558,8.348819910658113,958650
2002-05-02,8.264060020446777,8.370009709971013,8.217442593554551,8.24287044629063,546600
2002-05-03,8.264060020446777,8.29796382409488,8.221680265886649,8.264060020446777,693150
2002-05-06,8.208967208862305,8.365772626254847,8.1877776316797,8.28525077796594,526650
2002-05-07,8.230156898498535,8.25558475334079,8.056399587285862,8.158111006654876,330000
2002-05-08,8.386963844299316,8.391202124313782,8.098781415748773,8.264062817600308,530850
2002-05-09,8.340346336364746,8.497151783208372,8.28101466036273,8.28101466036273,450300
2002-05-10,8.535290718078613,8.645478075574065,8.327629625828664,8.34034324856962,741150
2002-05-13,8.611577987670898,8.670909667298247,8.47596211370318,8.535294399578595,592650
2002-05-14,8.751429557800293,8.802285271701727,8.556482048263527,8.687859612299533,1282050
2002-05-15,8.853142738342285,8.899760182190592,8.709050914179755,8.713289194301264,741450
2002-05-16,8.717527389526367,9.001472168463183,8.687861851893853,8.878571131310055,1971150
2002-05-17,8.836190223693848,8.836190223693848,8.603101185718991,8.751431289996141,1394250
2002-05-20,8.793811798095703,8.83619157454749,8.696338615380665,8.83619157454749,988200
2002-05-21,8.738714218139648,8.8404256330456,8.730237660649632,8.814997779319112,985650
2002-05-22,8.492908477783203,8.772615391103324,8.425100888189881,8.772615391103324,1087050
2002-05-23,8.810759544372559,8.836187398225448,8.497149346853577,8.51833892194039,589800
2002-05-24,8.64548110961914,8.785334040088683,8.594625388312394,8.768382132986435,379800
2002-05-28,8.96332836151123,8.96332836151123,8.751429553688151,8.793808709004837,1577700
2002-05-29,8.916711807250977,9.073516648058426,8.878570318607878,8.942139668429052,769200
2002-05-30,8.950613975524902,9.069277912106871,8.87856868523176,8.899758262524594,644100
2002-05-31,8.90823745727539,9.081994843064475,8.874333636267584,8.984521054542958,770700
2002-06-03,8.912468910217285,9.090463834147048,8.899754683955608,8.92094425272817,878100
2002-06-04,8.704813003540039,8.726003798798995,8.391202692414764,8.581911968520387,1397250
2002-06-05,8.89128303527832,8.89128303527832,8.687860166691703,8.751430116249006,1131150
2002-06-06,8.942138671875,9.060802010814951,8.865855096842173,8.899758907967874,591300
2002-06-07,9.052321434020996,9.052321434020996,8.679379095892847,8.836184445375519,834900
2002-06-10,9.06503963470459,9.14132320422024,8.984517785980778,9.001469690317588,744750
2002-06-11,8.96332836151123,9.226082883211848,8.916710320666187,9.08622936692465,809100
2002-06-12,9.141321182250977,9.154034804567498,8.827711021387417,8.984515798695304,648900
2002-06-13,8.967565536499023,9.1413228523877,8.95061363281466,9.1413228523877,1350750
2002-06-14,8.751429557800293,8.916710324855991,8.518339959713485,8.861616331672138,1275000
2002-06-17,8.96332836151123,8.96332836151123,8.768380852066068,8.793808709004837,572400
2002-06-18,8.950613975524902,9.107419393733142,8.823474693024135,8.984517784191773,487050
2002-06-19,8.79804515838623,9.069276182234558,8.772617306736182,8.950612268286525,503700
2002-06-20,8.687856674194336,8.819233587552674,8.670904775293407,8.798044017050374,1045950
2002-06-21,8.687856674194336,8.840423764302697,8.581907002939666,8.581907002939666,1075500
2002-06-24,8.539530754089355,8.726002324639381,8.45477122486115,8.700574465870918,712950
2002-06-25,8.39120101928711,8.58191025736708,8.39120101928711,8.58191025736708,456300
2002-06-26,8.208967208862305,8.41239005980533,7.984354780736673,8.052162397717682,1007850
2002-06-27,8.149635314941406,8.509864179399905,8.009782411972893,8.251346737554108,1240950
2002-06-28,8.081830978393555,8.62429272530103,7.941977412443249,8.179304767729851,1404450
2002-07-01,8.166592597961426,8.391205151049716,8.073356466492923,8.073356466492923,1670400
2002-07-02,8.039446830749512,8.179300320661776,7.874166094941728,8.166586697714015,1128000
2002-07-03,8.052166938781738,8.2174484015083,8.030976743400887,8.030976743400887,819150
2002-07-05,8.370013236999512,8.391202820084711,8.081830178305744,8.094543806907245,343200
2002-07-08,8.179300308227539,8.433579435522171,8.179300308227539,8.306439568750948,993150
2002-07-09,8.12844181060791,8.327626886766794,8.12844181060791,8.153869653974091,976650
2002-07-10,8.009781837463379,8.132682827847914,7.9758780323575955,8.09454074397998,720000
2002-07-11,7.780930995941162,7.988592117326196,7.54360434649992,7.967401934787853,1041150
2002-07-12,7.721599102020264,7.975878253615418,7.68769529597396,7.780930762601296,583650
2002-07-15,7.819072723388672,7.861452480273715,7.52241381894551,7.734313209618587,731850
2002-07-16,7.992825508117676,8.115727652251094,7.7554989858185115,7.776688550757154,1831050
2002-07-17,8.111495018005371,8.306441939787998,7.925024049343726,7.925024049343726,1935900
2002-07-18,7.929263114929199,8.11149644214924,7.874169713093992,8.052164759885429,1027650
2002-07-19,7.713124752044678,7.984355862980806,7.624126939569885,7.844502330876989,1078200
2002-07-22,7.3952765464782715,7.77669446150196,7.2681372414703755,7.628365575450095,913650
2002-07-23,7.0604753494262695,7.412227693665491,6.9969060065655695,7.331705838960912,699600
2002-07-24,7.280850410461426,7.3105165495529025,6.890956566317371,7.01385758363009,1029000
2002-07-25,7.208806037902832,7.45460931659705,7.149474358346865,7.183378175235989,1494600
2002-07-26,7.208806037902832,7.2681377174588,7.16218859280432,7.204567757667658,1104750
2002-07-29,7.488510608673096,7.496986560723828,7.162186757843853,7.162186757843853,1306200
2002-07-30,7.4588446617126465,7.535128838343379,7.208804373026302,7.3825610913298405,742800
2002-07-31,7.4588446617126465,7.649553890793624,7.3317053777413035,7.4588446617126465,671250
2002-08-01,7.874168395996094,8.13692294492821,7.52241542918272,7.543605615285113,1402350
2002-08-02,7.98435640335083,8.09454319708967,7.891120304806198,8.052164034111987,1424700
2002-08-05,7.7470316886901855,8.103021841768383,7.679223434236619,7.984358457408984,598950
2002-08-06,8.030969619750977,8.149632911131622,7.806356657942321,7.8402604554796484,655800
2002-08-07,8.200494766235352,8.285254323735437,8.0479275627352,8.052165843734292,669000
2002-08-08,8.581910133361816,8.615813943530762,7.9970688016995455,8.009783033636873,1331400
2002-08-09,8.687856674194336,8.730235815198933,8.446291811732232,8.603096573441965,1498500
2002-08-12,8.573434829711914,8.730239660487308,8.471723391506902,8.675146267916924,599100
2002-08-13,8.543771743774414,8.709053193048996,8.492916006497346,8.564961937430631,1045350
2002-08-14,8.573434829711914,8.645480734897793,8.365773673586022,8.560721203060284,1141200
2002-08-15,8.806523323059082,8.878569223971795,8.581910273887873,8.581910273887873,1062300
2002-08-16,8.751429557800293,8.844664427038326,8.641241571432586,8.806522944736216,614550
2002-08-19,8.772621154785156,8.878570886258373,8.64548184076614,8.755668640001218,850650
2002-08-20,8.802284240722656,8.89975737782644,8.73871430266761,8.77685638675021,902400
2002-08-21,8.89128303527832,8.959090658140527,8.810761180005468,8.857379223847218,848250
2002-08-22,8.887044906616211,8.963329089879371,8.857379374234297,8.891283186241044,721050
2002-08-23,8.666667938232422,8.887042660580644,8.611574560769279,8.887042660580644,585150
2002-08-26,8.823476791381836,8.85314293414437,8.391202521829875,8.67514729006529,826500
2002-08-27,8.73023509979248,8.87856511239217,8.645476218481198,8.831947091110907,604050
2002-08-28,8.560722351074219,8.721765483161766,8.437820104056348,8.687861665880177,633900
2002-08-29,8.73023509979248,8.759901223561954,8.200487999425153,8.497146812129182,459150
2002-08-30,8.73023509979248,8.827709419856795,8.687855962260677,8.687855962260677,496200
2002-09-03,8.408151626586914,8.624288067462496,8.327629791384764,8.624288067462496,691650
2002-09-04,8.53105354309082,8.53105354309082,8.26406076227145,8.416627892383122,700650
2002-09-05,8.225919723510742,8.68362177834418,8.103018711736771,8.518340396564334,1263750
2002-09-06,8.412388801574707,8.454769162096976,8.247108063028294,8.306439719012515,457950
2002-09-09,8.45901107788086,8.518342153128618,8.306443290643458,8.412392418761995,417600
2002-09-10,8.514103889465332,8.581911520765415,8.399678208522419,8.497151981640311,433200
2002-09-11,8.454771995544434,8.505627717717042,8.420868180762696,8.454771995544434,1440750
2002-09-12,8.179300308227539,8.454769009152166,8.111492702615054,8.412388649396547,1179600
2002-09-13,8.158111572265625,8.293727413741252,8.136921994885258,8.16658813071528,699300
2002-09-16,8.26830005645752,8.285251355636747,8.08606676999129,8.158112064932851,369150
2002-09-17,8.23863410949707,8.412390841022884,8.183540112459733,8.327631918173394,509100
2002-09-18,8.14539623260498,8.22168039828953,8.136920887804298,8.179300643046913,419100
2002-09-19,8.02673625946045,8.221683200008943,7.975880535839102,8.052164121271122,673950
2002-09-20,8.052166938781738,8.115736918676033,7.980121001984753,8.052166938781738,992250
2002-09-23,8.047924041748047,8.13692184131046,7.984354704558818,8.056399993789805,435150
2002-09-24,7.899596214294434,8.064877603786321,7.882643701752301,8.047925091244188,619200
2002-09-25,8.12844181060791,8.17929749734027,7.933494405219586,7.94620863002648,563550
2002-09-26,8.103017807006836,8.217443459501167,7.9334981646546705,8.128445662422477,351300
2002-09-27,8.001304626464844,8.259820796571832,7.925021076986882,8.073349897847926,585150
2002-09-30,7.967406272888184,8.094545618599506,7.878409034014369,7.946216685060407,752700
2002-10-01,8.425100326538086,8.463241790017825,8.030968435177522,8.030968435177522,624150
2002-10-02,8.323391914367676,8.531053020762545,8.28948810975201,8.370009948838138,1420950
2002-10-03,8.467489242553711,8.620057080537602,8.306446053499464,8.323397968136753,2639700
2002-10-04,8.153876304626465,8.560722736574416,8.111496531116064,8.539532546695165,689700
2002-10-07,7.96316385269165,8.098779073972645,7.950450228820487,8.094540795183685,634200
2002-10-08,8.196256637573242,8.327634247546728,8.009785621399878,8.009785621399878,1096050
2002-10-09,8.111495018005371,8.26406217418308,8.094542505515415,8.094542505515415,1432800
2002-10-10,8.323391914367676,8.463244805283368,8.077589330904107,8.090303560758905,776550
2002-10-11,8.348822593688965,8.475961904031061,8.331870685643352,8.475961904031061,1004850
2002-10-14,8.36153507232666,8.378487584290244,8.268300197138748,8.336107213753237,538800
2002-10-15,8.480196952819824,8.522576706785213,8.319153887751348,8.433579526581807,1014150
2002-10-16,8.225919723510742,8.386962825790818,8.136922522743102,8.348821341532675,521550
2002-10-17,8.2598237991333,8.3912013741157,8.200492127971438,8.327632029566267,796800
2002-10-18,8.331868171691895,8.399675783414942,8.225918475250696,8.25982228111222,1417500
2002-10-21,8.327629089355469,8.370008839508195,8.200489232649524,8.306438911155222,1328550
2002-10-22,8.2598237991333,8.344583935612514,8.200492127971438,8.30644184388447,877350
2002-10-23,8.23863410949707,8.26406196822631,8.00554510135506,8.221682203677577,852600
2002-10-24,8.327629089355469,8.391198411460673,8.136919910544318,8.264059161002496,1096800
2002-10-25,8.370013236999512,8.374250911117317,8.141162465939704,8.306443275247744,1207650
2002-10-28,8.39120101928711,8.552244119916613,8.302203819431623,8.348821255963555,1023900
2002-10-29,8.772621154785156,8.942140240143846,8.675147377579876,8.687861612105811,1752150
2002-10-30,8.73023509979248,9.022655634994724,8.709045531026579,8.751425881053734,1700550
2002-10-31,8.721760749816895,8.942135442548732,8.645477202332797,8.75142687696236,1084950
2002-11-01,8.976043701171875,9.005709843056945,8.700575501514761,8.700575501514761,791100
2002-11-04,9.014184951782227,9.073516017493152,8.954853279823313,9.00570899864524,838050
2002-11-05,8.853142738342285,8.984519722140286,8.815000642240898,8.984519722140286,845850
2002-11-06,9.0692777633667,9.094705619449824,8.848902404398368,8.89975811656462,1100400
2002-11-07,9.090471267700195,9.107423179079404,8.861619857832679,9.026901296904068,1051650
2002-11-08,9.090471267700195,9.090471267700195,8.920951547659916,9.048090883003995,597450
2002-11-11,9.107417106628418,9.128606678600011,8.912470255750033,9.048084850113316,772950
2002-11-12,9.098941802978516,9.10318008170497,8.954851238740336,9.069276883132579,1035600
2002-11-13,9.111656188964844,9.170988454664299,8.9760409673612,9.026896675462567,652500
2002-11-14,9.154037475585938,9.200655518927169,9.090468132959124,9.128609617285619,591900
2002-11-15,9.344745635986328,9.344745635986328,9.120133216749382,9.154036417650303,1373850
2002-11-18,9.370174407958984,9.433744355705509,9.28965255497978,9.344746550109964,999450
2002-11-19,9.052321434020996,9.365931526738686,9.052321434020996,9.365931526738686,1114350
2002-11-20,8.878565788269043,9.090464523297136,8.793805688010085,8.98451485265923,1223700
2002-11-21,8.920948028564453,9.009945831321943,8.781094511730666,8.891282498477246,1116000
2002-11-22,9.005708694458008,9.1116578019677,8.857379216446878,8.912473213100373,834300
2002-11-25,8.980281829833984,9.0608030877036,8.857380196772313,9.048088853896378,614850
2002-11-26,8.73023509979248,8.895516403656286,8.62428604346762,8.87856511239217,1046700
2002-11-27,9.103178977966309,9.132845106710999,8.793806493368345,8.836186244255204,430950
2002-11-29,9.111656188964844,9.154035945715982,9.026896675462567,9.107418516413661,332550
2002-12-02,9.0692777633667,9.175226860589099,8.882806212509202,9.154036677395874,868050
2002-12-03,8.823476791381836,8.984519920847992,8.649719427518002,8.963330338515952,1686450
2002-12-04,8.903997421264648,8.920948721024605,8.713288175551366,8.853141703240837,718650
2002-12-05,8.959088325500488,9.022657652258545,8.768379132730699,8.942136424198631,439800
2002-12-06,9.026896476745605,9.04808605153078,8.86585340463646,8.942136965109214,384000
2002-12-09,8.755667686462402,8.933663312952424,8.709050246189685,8.920949079811136,898800
2002-12-10,8.581910133361816,8.79380894691773,8.539530370650633,8.79380894691773,713850
2002-12-11,8.55648422241211,8.66667163052981,8.442058533935072,8.518342124170402,850800
2002-12-12,8.687856674194336,8.88280351155502,8.535289584085973,8.535289584085973,967050
2002-12-13,8.539530754089355,8.62429028331756,8.433581645678085,8.62429028331756,1070100
2002-12-16,8.687856674194336,8.772616168698981,8.539527255687343,8.581907002939666,822300
2002-12-17,8.899757385253906,9.026896655222249,8.66243074797967,8.687858601973339,885600
2002-12-18,8.899757385253906,8.963327323362007,8.772618115285566,8.899757385253906,454650
2002-12-19,8.692095756530762,8.899756854894592,8.67938152716767,8.89551857635762,732450
2002-12-20,8.823476791381836,8.88280847065884,8.687861524462967,8.77262106628726,1762800
2002-12-23,9.018424034118652,9.175228877984633,8.74719290334736,8.772620765021415,491700
2002-12-24,8.899757385253906,9.009944752559802,8.853139956056111,9.009944752559802,774000
2002-12-26,8.814998626708984,8.942137907563382,8.793808443442629,8.90399642643102,668550
2002-12-27,8.793811798095703,8.83619157454749,8.6751484240307,8.793811798095703,446100
2002-12-30,8.836190223693848,8.844666177688422,8.518341645773233,8.798048733842283,688500
2002-12-31,8.89128303527832,8.899758988136096,8.717525698569935,8.857379223847218,870450
2003-01-02,8.895523071289062,9.022662397924687,8.878571767319109,8.997234532597563,983100
2003-01-03,8.920948028564453,8.963328396542634,8.853141016043988,8.899758450823295,654000
2003-01-06,8.84890079498291,8.950612200816401,8.836186566129824,8.942136250330277,632100
2003-01-07,8.759903907775879,8.836187469953787,8.66243077033915,8.836187469953787,1108950
2003-01-08,8.598862648010254,8.806523803139894,8.590386694867165,8.793809570301269,1062150
2003-01-09,8.793811798095703,8.857381765897454,8.64548288363852,8.64548288363852,1007100
2003-01-10,8.751429557800293,8.899758420222179,8.704810910685413,8.751429557800293,774150
2003-01-13,8.721760749816895,8.806520247021448,8.603096847482776,8.798044297300992,830400
2003-01-14,8.764142990112305,8.793808519444097,8.624289476839813,8.730238575343531,727050
2003-01-15,8.73023509979248,8.80651924484322,8.6666657872471,8.76413950106374,926550
2003-01-16,8.836190223693848,8.87009403967215,8.603101185718991,8.713289193896525,709500
2003-01-17,8.611577987670898,8.827715123723129,8.598863753198147,8.827715123723129,413700
2003-01-21,8.539530754089355,8.62429028331756,8.433581645678085,8.62429028331756,910050
2003-01-22,8.738714218139648,8.831949681803437,8.645478754475858,8.751428448126818,1469400
2003-01-23,8.831949234008789,8.853139414163746,8.72176187344736,8.742951447354491,1015350
2003-01-24,8.802284240722656,8.861615293743839,8.73871430266761,8.793807683150648,895950
2003-01-27,8.57767391204834,8.810762966009971,8.518342230016955,8.772621473542413,715950
2003-01-28,8.497151374816895,8.662432767431312,8.475961188424892,8.624290674424907,760200
2003-01-29,8.522581100463867,8.522581100463867,8.251349929008722,8.475963043944844,905700
2003-01-30,8.64548110961914,8.64548110961914,8.480199712248206,8.560721574107896,680700
2003-01-31,8.679383277893066,8.772619362034925,8.573434174319411,8.624289889534273,1232850
2003-02-03,8.425100326538086,8.645475584272932,8.361530412408342,8.645475584272932,1212900
2003-02-04,8.149635314941406,8.21744353626444,7.734313672606211,7.734313672606211,3102300
2003-02-05,8.12844181060791,8.225914907054465,8.094537413205396,8.149631376955924,1456350
2003-02-06,8.170825004577637,8.221680712814289,8.060637636731558,8.086065490849885,1087200
2003-02-07,8.302202224731445,8.306439897125843,8.132682597750872,8.221680386759477,1181550
2003-02-10,8.192015647888184,8.34034450214859,8.149635282387614,8.30644069474645,1453200
2003-02-11,8.204728126525879,8.33186738652543,8.16658665164992,8.175061996068745,633450
2003-02-12,8.217447280883789,8.331872380341652,8.014023736712145,8.196257088392674,1146600
2003-02-13,8.179300308227539,8.391199075766554,8.086064850510374,8.251345586066897,1523850
2003-02-14,8.264060020446777,8.31915400449886,8.047922969066208,8.175062232746594,913950
2003-02-18,8.399674415588379,8.467482016269447,8.221679463800573,8.306438964651909,371700
2003-02-19,8.454771995544434,8.46748562296357,8.327632690112914,8.395440319676391,1176300
2003-02-20,8.179300308227539,8.454769009152166,8.124206325543488,8.425102878572796,2326200
2003-02-21,8.264060020446777,8.264060020446777,8.098778674538362,8.166586888082398,892800
2003-02-24,8.081830978393555,8.21320858902106,8.05216543788782,8.179304767729851,752100
2003-02-25,8.132684707641602,8.162350847090138,8.030973268814607,8.086067267969893,1194600
2003-02-26,8.014020919799805,8.132684258545234,7.992830734756996,8.12844658528545,497250
2003-02-27,8.111495018005371,8.16658901641576,7.988593394627111,8.07335292583695,659100
2003-02-28,8.081830978393555,8.13692499111584,7.988595469842733,8.090307539964503,836100
2003-03-03,8.009781837463379,8.196252765545186,7.967401474833294,8.052161593845607,474150
2003-03-04,7.967406272888184,8.07335603077173,7.954692641441162,8.005548379725692,599400
2003-03-05,8.136920928955078,8.196252586594799,7.975877858218693,7.975877858218693,468900
2003-03-06,8.213203430175781,8.242869558295888,8.052160380196275,8.15810945205891,604650
2003-03-07,8.115731239318848,8.297963882076832,8.103017009738053,8.128444862651808,501150
2003-03-10,7.988590240478516,8.086063966008108,7.848737372324621,8.086063966008108,1243350
2003-03-11,7.946209907531738,8.115729496807399,7.946209907531738,7.946209907531738,703050
2003-03-12,8.0945405960083,8.119968449372806,7.920783901141437,7.9504500331906165,1141050
2003-03-13,8.344583511352539,8.344583511352539,8.052162843798214,8.11573279136357,415200
2003-03-14,8.412388801574707,8.454769162096976,8.26405996473807,8.412388801574707,589200
2003-03-17,8.370013236999512,8.412392403169909,8.247111593861868,8.412392403169909,1271100
2003-03-18,8.386963844299316,8.43358249946631,8.234396676243147,8.391202124313782,639450
2003-03-19,8.289488792419434,8.450531877606283,8.17082546649228,8.370010638136806,687150
2003-03-20,8.306438446044922,8.336103966366858,8.136919454926057,8.289486546933036,1029450
2003-03-21,8.4166259765625,8.4166259765625,8.179299383743194,8.370008556096867,1163400
2003-03-24,8.255585670471191,8.348821148583847,8.162350192358534,8.348821148583847,968400
2003-03-25,8.327629089355469,8.365770561369038,8.179299660697044,8.213203460819225,823200
2003-03-26,8.340346336364746,8.412391639814606,8.208968750664841,8.327632708916902,583350
2003-03-27,8.446296691894531,8.539532189719921,8.306443142032409,8.344585239721379,454350
2003-03-28,8.603096961975098,8.66666688884839,8.437815637102739,8.446292193183748,669300
2003-03-31,8.408151626586914,8.56495641224695,8.386960840352492,8.56071873999832,545250
2003-04-01,8.497151374816895,8.560721327744902,8.43358202813689,8.475961188424892,650850
2003-04-02,8.641240119934082,8.755665153867984,8.586146742252382,8.603098037790897,750000
2003-04-03,8.471721649169922,8.670906811146638,8.450531467444629,8.662430859706095,1455300
2003-04-04,8.454771995544434,8.53953153249878,8.348822271227487,8.497151764021607,1126650
2003-04-07,8.518340110778809,8.645480004035042,8.475960348442712,8.475960348442712,587700
2003-04-08,8.497151374816895,8.560721327744902,8.43358202813689,8.501389048346494,702300
2003-04-09,8.522581100463867,8.581912786602901,8.475963043944844,8.509867470843854,453900
2003-04-10,8.785332679748535,8.895520058851497,8.522578160349164,8.522578160349164,1128750
2003-04-11,8.772621154785156,8.895522188546172,8.730240777197414,8.83619050867063,1096200
2003-04-14,8.853142738342285,8.891284228195623,8.730240496043153,8.772620872266051,739350
2003-04-15,8.857378959655762,8.895520443254112,8.78109477996316,8.865854912260723,1365150
2003-04-16,8.857378959655762,9.001470153940101,8.836188775019384,8.87856914429214,1186500
2003-04-17,8.793811798095703,8.887047306289634,8.789574123574596,8.83619157454749,1564500
2003-04-21,8.814998626708984,8.895519868126147,8.772618866424185,8.789570770538106,351000
2003-04-22,8.73023509979248,8.831947091110907,8.73023509979248,8.814995193599115,967650
2003-04-23,8.662436485290527,8.815003710300966,8.645484571400479,8.772623925575843,482400
2003-04-24,8.39120101928711,8.531054541378815,8.264061729316447,8.264061729316447,842100
2003-04-25,8.382723808288574,8.437816578982893,8.29796369424683,8.391199152820146,550350
2003-04-28,8.721760749816895,8.772616448139626,8.264058858664566,8.340342406148663,633600
2003-04-29,8.560722351074219,8.687861665880177,8.509866625151835,8.62429170535316,901650
2003-04-30,9.094705581665039,9.209130630439759,8.560719999889988,8.560719999889988,3452400
2003-05-01,8.967565536499023,9.065039285808064,8.870091787189983,9.052325054920843,958350
2003-05-02,8.988754272460938,9.009943845531918,8.933660291230352,8.967564093142158,768600
2003-05-05,8.99722957611084,9.031133984117528,8.942136201376542,9.031133984117528,600150
2003-05-06,9.098941802978516,9.14979811645673,9.01418289717576,9.039610750790942,638550
2003-05-07,9.16675090789795,9.213368340923017,8.988755915328955,9.04808697327071,801750
2003-05-08,9.230323791503906,9.230323791503906,9.073517719680904,9.090470235383153,550350
2003-05-09,9.213370323181152,9.276940280185407,9.213370323181152,9.238798184733247,1157250
2003-05-12,9.217611312866211,9.23456322555084,9.196421725134535,9.217611312866211,767400
2003-05-13,9.217611312866211,9.226087269208525,9.175231531154639,9.217611312866211,1014000
2003-05-14,9.217611312866211,9.238800900597889,9.187945162544,9.226087269208525,1563900
2003-05-15,9.25998592376709,9.272700154304998,9.179464080354691,9.23032039625844,1809600
2003-05-16,9.416790008544922,9.46764632057714,9.238795038299575,9.259985218833652,1676100
2003-05-19,9.26422119140625,9.429502508003846,9.26422119140625,9.416788280766621,564750
2003-05-20,9.32779598236084,9.365937471479382,9.281178539410616,9.281178539410616,568200
2003-05-21,9.374412536621094,9.399840394061153,9.259986875016853,9.302366637416954,466500
2003-05-22,9.4591703414917,9.4591703414917,9.323555126469847,9.323555126469847,725550
2003-05-23,9.552411079406738,9.620218724380539,9.467651523189486,9.493079390054662,748050
2003-05-27,9.726166725158691,9.726166725158691,9.493077684319083,9.535457454812825,781050
2003-05-28,9.662596702575684,9.844830017621096,9.632930560301663,9.683786284558794,1448550
2003-05-29,9.683781623840332,9.726161979905372,9.539691080709353,9.704972408120614,1022250
2003-05-30,10.133009910583496,10.16691371824135,9.620214516634508,9.662594276206825,3157800
2003-06-02,10.086394309997559,10.234723798563174,10.065204123239036,10.149964264025112,1157700
2003-06-03,10.056727409362793,10.107583126240261,9.976205554516152,10.107583126240261,773400
2003-06-04,10.1796293258667,10.183868212021471,9.921113045243445,10.022825094277273,980850
2003-06-05,10.086394309997559,10.12877407726659,10.035538589274722,10.12877407726659,1763550
2003-06-06,10.035537719726562,10.145725105078649,9.980443723926541,10.094869388762302,767250
2003-06-09,10.018585205078125,10.086392822710014,9.8405896025465,9.980443117036227,465450
2003-06-10,9.857544898986816,10.044015900172012,9.81092684556647,10.01858803637403,871650
2003-06-11,9.874495506286621,9.938065464427165,9.747356196253584,9.83211634252366,981000
2003-06-12,9.967723846435547,9.99315168864594,9.8024425689442,9.874487818749857,1074300
2003-06-13,9.959254264831543,10.052489139616346,9.955015985296978,9.984682123295025,449250
2003-06-16,10.247434616088867,10.255909960469573,9.959251688471506,9.959251688471506,1022850
2003-06-17,10.251677513122559,10.344912411306284,10.166917357390947,10.277105984215726,620550
2003-06-18,10.213536262512207,10.230486960316844,10.065206138007108,10.213536262512207,609600
2003-06-19,9.980441093444824,10.255909787345479,9.89991926070926,10.192339855580789,1003350
2003-06-20,9.91263484954834,10.02705989367667,9.806685757068324,10.022822827224337,956400
2003-06-23,9.62021541595459,9.836352513102357,9.493076125352363,9.832114839872927,977700
2003-06-24,9.649879455566406,9.704973439306668,9.463408536557226,9.53545381577777,640350
2003-06-25,9.704975128173828,9.798209997655395,9.620214998535443,9.620214998535443,554550
2003-06-26,9.726166725158691,9.82363989417027,9.641407184171207,9.70497714303585,598050
2003-06-27,9.628692626953125,9.704976817531351,9.493077365921682,9.671072396025453,1039500
2003-06-30,9.607498168945312,9.683781719368932,9.408313645963075,9.632926019086518,1902750
2003-07-01,9.69649600982666,9.709209631855016,9.514263385768407,9.577832708405733,915150
2003-07-02,9.874495506286621,9.874495506286621,9.704977032490623,9.777022338385319,902100
2003-07-03,9.959254264831543,10.005871702223944,9.747354838054553,9.747354838054553,359700
2003-07-07,9.938065528869629,10.086395027994026,9.912637666698137,9.96349339104112,473100
2003-07-08,10.15843677520752,10.20505480931268,9.963489900195073,9.963489900195073,725550
2003-07-09,10.0821533203125,10.192340685596333,10.052487188073696,10.116057125015217,614250
2003-07-10,10.069437980651855,10.149959806222308,9.916870885489917,9.980440205350185,655050
2003-07-11,10.209290504455566,10.29828888300936,10.141482908888172,10.141482908888172,766050
2003-07-14,10.260150909423828,10.311006629436616,10.19658216877985,10.277104028590765,556650
2003-07-15,10.340668678283691,10.366097134478142,10.2559091784614,10.366097134478142,516000
2003-07-16,10.200820922851562,10.383053029495088,10.17963012789625,10.383053029495088,403800
2003-07-17,9.849065780639648,10.234722524137961,9.82787620276766,10.20081871454443,904050
2003-07-18,10.031301498413086,10.073681876953387,9.874496037807841,9.874496037807841,536250
2003-07-21,10.010108947753906,10.11182037110145,9.895683293363968,10.031298524494026,327600
2003-07-22,10.17115306854248,10.230484131944536,9.933826389942396,10.044013776435293,464100
2003-07-23,10.073681831359863,10.149965421140594,9.904162136710157,10.128775231966351,600150
2003-07-24,10.056727409362793,10.17115307546108,10.04401378326741,10.107583126240261,662400
2003-07-25,10.166912078857422,10.183864586200711,10.044011099039066,10.086390851777775,315150
2003-07-28,10.15843677520752,10.234720941242841,10.065201313245046,10.171151004962688,400950
2003-07-29,10.145721435546875,10.255908781046106,10.056723661058241,10.192338855518832,377550
2003-07-30,10.166912078857422,10.183864586200711,10.111818703421001,10.171150357255195,493950
2003-07-31,10.255911827087402,10.268626058468124,10.00163265570426,10.213532672479452,1143600
2003-08-01,10.234725952148438,10.340675089490766,10.171155984744528,10.192345569713739,952350
2003-08-04,10.154197692871094,10.336430919073019,10.065199915685843,10.255909091798376,977850
2003-08-05,10.340668678283691,10.488998106096581,10.086390178816819,10.17114967863911,1259400
2003-08-06,10.217768669128418,10.383048799978809,10.07791517812425,10.383048799978809,1028400
2003-08-07,10.230483055114746,10.243197286111187,10.137248190297727,10.234721940444095,614850
2003-08-08,10.315241813659668,10.340669058293019,10.183864280983242,10.238957654768475,260250
2003-08-11,10.29405403137207,10.378814771529822,10.154201113854041,10.340672074710056,648600
2003-08-12,10.433910369873047,10.433910369873047,10.332197702653984,10.340674263462315,363450
2003-08-13,10.22200870513916,10.43390812990229,10.22200870513916,10.43390812990229,447000
2003-08-14,10.272862434387207,10.298290893938075,10.171151021175111,10.171151021175111,267300
2003-08-15,10.327957153320312,10.366098630621437,10.196579606510106,10.277101446086913,418650
2003-08-18,10.391526222229004,10.391526222229004,10.294052477012062,10.340670513310913,540900
2003-08-19,10.251677513122559,10.383053905449797,10.060968223660637,10.128775863247434,1300500
2003-08-20,10.29405403137207,10.319482495918582,10.171153019386406,10.209294503710245,763200
2003-08-21,10.357620239257812,10.40847593748675,10.234719271661747,10.27286074220958,287850
2003-08-22,10.243194580078125,10.416952457804213,10.171149310957459,10.383047446605417,429300
2003-08-25,10.149965286254883,10.230485942803472,10.1202991430548,10.19234445154402,444600
2003-08-26,9.993158340454102,10.090631497351819,9.747355095890509,10.090631497351819,1019250
2003-08-27,10.073681831359863,10.107585042792106,9.92111404555032,9.980445726490888,567900
2003-08-28,10.22624397277832,10.255910103515806,10.044011334847402,10.107580662324015,560550
2003-08-29,10.433910369873047,10.46357530146175,10.192344755534068,10.230486247931102,1840800
2003-09-02,9.59902572631836,9.891446394446213,9.429506067894247,9.573597868491936,5273550
2003-09-03,9.632925987243652,9.662592115434213,9.535452865148454,9.577832615243707,1940550
2003-09-04,9.721924781799316,9.849064045374929,9.645641223653948,9.662593125464031,1241550
2003-09-05,9.71768856048584,9.768544273509702,9.594786950887546,9.726164512656483,981450
2003-09-08,9.806689262390137,9.827878845961031,9.721929109362257,9.726167389825296,633750
2003-09-09,9.658357620239258,9.802449433248064,9.599026553115166,9.764307340099144,840450
2003-09-10,9.480362892150879,9.624454709598211,9.480362892150879,9.62021642967422,1030950
2003-09-11,9.450693130493164,9.53545262858085,9.404075103421063,9.53545262858085,1396650
2003-09-12,9.399839401245117,9.450695110753829,9.226082090633078,9.450695110753829,1744200
2003-09-15,9.365937232971191,9.450697375377574,9.281178303060853,9.442221421761738,1092150
2003-09-16,9.518505096435547,9.5354570038313,9.370175603598698,9.370175603598698,998550
2003-09-17,9.48884105682373,9.569362326517702,9.471888540508651,9.471888540508651,712500
2003-09-18,9.802450180053711,9.85330590396141,9.51426774457675,9.51426774457675,1259250
2003-09-19,9.734639167785645,9.916873035894609,9.726163822464352,9.853303096001898,1385550
2003-09-22,9.781257629394531,9.81092315621254,9.671069654790884,9.709211133020876,832650
2003-09-23,9.777020454406738,9.895683787571794,9.662594794302182,9.747354317991507,672000
2003-09-24,9.69649600982666,9.760065938711756,9.645640309217692,9.671068159522175,745650
2003-09-25,9.662596702575684,9.83211638968084,9.662596702575684,9.760070477192544,677850
2003-09-26,9.526620864868164,9.666843375596608,9.488378748754256,9.666843375596608,670200
2003-09-29,9.730581283569336,9.773072254577782,9.539368874793876,9.5606143602981,583350
2003-09-30,9.620102882385254,9.798567519362397,9.620102882385254,9.781571495116847,825150
2003-10-01,9.560612678527832,9.645595821290652,9.522369960360873,9.560612678527832,1106400
2003-10-02,9.513877868652344,9.603109917290894,9.467136808624348,9.603109917290894,1656300
2003-10-03,9.577611923217773,9.624352968428393,9.411895053488188,9.475632124046474,1448550
2003-10-06,9.768821716308594,9.815562141067552,9.518121140359773,9.539367230048306,809400
2003-10-07,9.86230754852295,9.900549675939907,9.734832169539349,9.768826049689924,569700
2003-10-08,9.900551795959473,9.985535602762132,9.900551795959473,9.943044003284696,1415250
2003-10-09,9.964288711547852,10.070518005769246,9.900551013445467,9.900551013445467,455250
2003-10-10,9.951537132263184,10.0450192159092,9.943039424129006,10.006776490067875,357750
2003-10-13,9.930293083190918,10.006777938093766,9.84530991107664,10.006777938093766,439050
2003-10-14,10.04502010345459,10.079012762537296,9.870804306513197,9.9005481111534,372750
2003-10-15,10.053519248962402,10.155499672173509,9.994031631181365,10.113008082438734,518850
2003-10-16,10.083259582519531,10.100256819378115,10.0110242131457,10.091757897025122,364050
2003-10-17,10.062021255493164,10.091765073490487,9.930296983060902,10.049274078593692,406350
2003-10-20,9.981283187866211,10.079013533845878,9.96428655310039,10.040771409546583,487350
2003-10-21,9.955789566040039,10.006779477150927,9.943042392186161,9.981284521595484,359700
2003-10-22,9.841059684753418,9.943040091223144,9.807067026393574,9.92179399591975,363000
2003-10-23,9.887795448303223,9.900542612398526,9.709330288191198,9.84105442831026,730200
2003-10-24,9.921791076660156,9.95153487191642,9.777319737786117,9.8877978204545,365100
2003-10-27,9.887795448303223,9.960031404334016,9.845303888240176,9.921788696353662,289950
2003-10-28,9.853805541992188,9.938788690938777,9.815562821042509,9.879300486676165,427050
2003-10-29,9.934539794921875,9.998277460282903,9.739077945333346,9.75182572154452,530400
2003-10-30,9.883551597595215,9.985531393351376,9.879302135514942,9.900547622373711,450300
2003-10-31,9.879302978515625,9.90054846718727,9.777323174057528,9.841060247920048,1012350
2003-11-03,9.985532760620117,10.083263107677732,9.917546220806955,9.94304117323689,521700
2003-11-04,10.07051944732666,10.113011049528186,9.77307762406816,10.07051944732666,2436450
2003-11-05,10.079010963439941,10.091758740187101,9.985530103915545,10.006775588030877,972300
2003-11-06,10.108757972717285,10.113007435342677,9.896300037637854,10.062017530923614,861450
2003-11-07,10.09176254272461,10.134254134813391,9.985533866426497,10.06626758747134,955200
2003-11-10,10.155501365661621,10.18524517951209,10.05352092544469,10.130006407569326,488400
2003-11-11,10.12575626373291,10.197991665214944,10.104510164101466,10.168247247300457,471900
2003-11-12,10.151250839233398,10.151250839233398,10.006778825972857,10.049271023647826,710550
2003-11-13,10.295719146728516,10.350957892959215,10.117253915305191,10.12575283856103,485400
2003-11-14,10.380703926086426,10.452939314443542,10.316966246620678,10.316966246620678,434550
2003-11-17,10.393449783325195,10.393449783325195,10.223483479974115,10.2872199319596,442650
2003-11-18,10.389204978942871,10.486935956820925,10.359460556859027,10.359460556859027,531450
2003-11-19,10.491185188293457,10.512431899511565,10.34671435990543,10.40195313454229,820200
2003-11-20,10.4529390335083,10.51242785692953,10.316965969339876,10.495431223908477,251850
2003-11-21,10.520926475524902,10.601660793281214,10.431694448370658,10.516677620825936,410550
2003-11-24,10.65689754486084,10.678143030050538,10.48268237805438,10.48268237805438,501450
2003-11-25,10.716384887695312,10.775873696875008,10.588909562707277,10.622904036306243,568800
2003-11-26,10.852359771728516,10.869356403581797,10.741881056834675,10.792870952394523,606900
2003-11-28,10.814119338989258,10.882105876995743,10.805620413890852,10.818368193690866,209550
2003-12-01,11.005334854125977,11.039328134498836,10.801375171888818,10.835368452261678,820050
2003-12-02,11.013829231262207,11.0690679851201,10.937343774178503,10.941593844240723,593400
2003-12-03,10.941593170166016,11.086063935308625,10.937343100365627,10.996830704925811,834150
2003-12-04,10.907601356506348,10.984086827574249,10.865110373676096,10.984086827574249,794100
2003-12-05,10.877856254577637,10.984084908791766,10.877856254577637,10.962839421087962,466650
2003-12-08,11.02657699584961,11.0563214110507,10.83536515584803,10.83536515584803,684750
2003-12-09,10.856608390808105,10.979834880848777,10.831114051427436,10.920346062802249,692850
2003-12-10,10.822617530822754,10.903351852228074,10.780126550522215,10.877857507186802,410250
2003-12-11,10.856608390808105,10.88635279983137,10.792870718813964,10.865107314398315,422100
2003-12-12,10.852359771728516,10.87785532735594,10.758877688687958,10.87785532735594,517200
2003-12-15,10.856608390808105,10.86935616834593,10.792870718813964,10.835362905375051,762900
2003-12-16,10.771623611450195,10.92034441847799,9.943037647375101,10.07051236432147,2745000
2003-12-17,10.618658065795898,10.77587785605613,10.571917014213254,10.771627785406606,1024950
2003-12-18,10.920348167419434,10.984085851697381,10.610159886953065,10.622907666947699,736650
2003-12-19,10.907601356506348,11.005332318989375,10.835365956277727,10.835365956277727,868800
2003-12-22,10.962841033935547,11.043575357921727,10.924597691608229,10.941595543106118,886500
2003-12-23,10.920348167419434,11.009580195991433,10.835364993613908,10.911850457886487,564450
2003-12-24,10.886354446411133,10.984085396158129,10.852361178298713,10.920347714523553,143850
2003-12-26,10.818367958068848,10.916098908248404,10.818367958068848,10.85661008094079,129750
2003-12-29,10.99682903289795,11.030823507657207,10.80986610804365,10.856607143180936,447450
2003-12-30,10.924432754516602,11.056463111726199,10.890360482883192,11.052203163881611,520350
2003-12-31,10.915911674499512,11.064978134712787,10.894616814046268,10.988316149672995,556650
2004-01-02,11.094788551330566,11.150155660351505,10.915908605659922,10.915908605659922,591150
2004-01-05,11.073493957519531,11.171453225598603,11.018128059622866,11.116084890661732,464850
2004-01-06,10.937204360961914,11.094788229068877,10.881836035029277,11.030902449005007,762900
2004-01-07,11.064976692199707,11.086271549876795,10.88183799172846,10.88183799172846,663150
2004-01-08,11.15015983581543,11.222564317747233,11.094792706060847,11.11608756850178,784350
2004-01-09,10.992569923400879,11.137376371438963,10.992569923400879,11.116081520583904,571200
2004-01-12,11.060723304748535,11.082018172707292,10.945729068138114,11.035168488381458,541950
2004-01-13,11.018131256103516,11.043684848586132,10.975540310605217,11.039426119592438,606000
2004-01-14,10.924432754516602,11.02664956941683,10.847769534081156,10.988318568459382,701700
2004-01-15,10.860543251037598,10.954242575458279,10.796657458798055,10.932946499031672,741900
2004-01-16,10.771100044250488,10.869056843207952,10.71999167233019,10.860539390481087,766800
2004-01-20,10.775362014770508,10.805175545329952,10.732771082754148,10.775362014770508,593400
2004-01-21,10.775362014770508,10.796656871518651,10.737031028919834,10.775362014770508,760350
2004-01-22,10.90313720703125,10.937209476532335,10.83073272045109,10.83073272045109,793350
2004-01-23,10.864802360534668,10.92442942699131,10.852026176454114,10.860543632507817,473550
2004-01-26,10.881836891174316,10.924427820741105,10.80091619648142,10.83924718012753,374400
2004-01-27,10.617780685424805,10.890358816790943,10.477231672548866,10.775364612990762,1234350
2004-01-28,10.673147201538086,10.690183333771312,10.613520129461651,10.647593612448397,634950
2004-01-29,10.575188636779785,10.715736416431481,10.498525436093255,10.690182828549462,997950
2004-01-30,10.626294136047363,10.626294136047363,10.434636795806085,10.575185755687002,505950
2004-02-02,10.677403450012207,10.71147570656497,10.515559622126577,10.541114423801156,714450
2004-02-03,10.76258659362793,10.779622725865105,10.660369800204878,10.690183336250008,1052100
2004-02-04,10.834990501403809,10.834990501403809,10.707220111215397,10.796659506199322,668700
2004-02-05,11.141639709472656,11.184229424152939,10.988314543287448,10.988314543287448,1111800
2004-02-06,11.11608600616455,11.17997180302876,11.030905349852347,11.073495068748336,678300
2004-02-09,11.158677101135254,11.201266820632586,11.073495225100102,11.073495225100102,400950
2004-02-10,11.226821899414062,11.226821899414062,11.073495493648595,11.073495493648595,940350
2004-02-11,11.243854522705078,11.243854522705078,10.975535224124483,11.15867388970488,1007700
2004-02-12,11.23108196258545,11.28219036440812,11.17997356076278,11.243859367671222,809100
2004-02-13,11.090531349182129,11.252373971310341,11.073494001042203,11.248115243535413,379950
2004-02-17,11.34607219696045,11.414216708854026,11.158674789253112,11.243855429120083,507300
2004-02-18,11.418478965759277,11.499400903276507,11.282189899844099,11.320520895002652,657000
2004-02-19,11.350335121154785,11.495142871731865,11.32904025794418,11.456810655728248,598200
2004-02-20,11.380142211914062,11.448286710388532,11.201262294158706,11.307738986914876,617100
2004-02-23,11.312000274658203,11.392920971028568,11.158675118375369,11.392920971028568,546600
2004-02-24,11.128860473632812,11.307740413962994,11.120343019508466,11.307740413962994,590100
2004-02-25,11.158677101135254,11.201266820632586,11.035164233848453,11.128863566374974,746100
2004-02-26,11.17145824432373,11.17145824432373,11.077758880428952,11.15868083678887,592500
2004-02-27,11.175713539123535,11.226821935034089,11.090532879272612,11.171454810761057,739500
2004-03-01,11.329036712646484,11.371626425739711,11.082012233737574,11.201265136326688,319500
2004-03-02,11.320525169372559,11.371633588388114,11.26089928978149,11.329043848468897,703950
2004-03-03,11.333296775817871,11.333296775817871,11.22256253391002,11.294965785812861,579150
2004-03-04,11.401442527770996,11.418478660555035,11.316261863850801,11.35033412941888,563400
2004-03-05,11.401442527770996,11.439774740425333,11.303484459632688,11.35033412941888,504600
2004-03-08,11.375886917114258,11.44403143614565,11.333295983459578,11.435512762006669,538500
2004-03-09,11.490878105163574,11.495136831863952,11.316256906730267,11.388661353235698,612900
2004-03-10,11.312000274658203,11.490880232914854,11.312000274658203,11.456806757443088,468000
2004-03-11,11.252371788024902,11.3758846176936,11.222559480864753,11.24385433412768,445500
2004-03-12,11.324775695800781,11.329034422545215,11.128859643319117,11.294962171550127,584250
2004-03-15,11.158677101135254,11.303483609650478,11.12460483812929,11.303483609650478,516600
2004-03-16,11.294968605041504,11.324782146273627,11.222565335066777,11.222565335066777,551250
2004-03-17,11.503655433654785,11.524951506322227,11.294963182265265,11.294963182265265,515550
2004-03-18,11.512173652648926,11.537727232914717,11.456805328119945,11.512173652648926,498750
2004-03-19,11.282187461853027,11.478103561030368,11.269410060054483,11.478103561030368,561000
2004-03-22,11.047938346862793,11.188486085275093,11.030902220433427,11.188486085275093,735750
2004-03-23,11.064976692199707,11.099048951891097,11.026645704676925,11.073494147862494,1166700
2004-03-24,10.90313720703125,11.073497336016198,10.90313720703125,11.064979877901164,834450
2004-03-25,11.19274616241455,11.201263616469472,10.907390736736527,10.971275297708111,1423200
2004-03-26,11.158677101135254,11.22682162714718,11.077755171866029,11.158677101135254,289500
2004-03-29,11.320525169372559,11.341820039332166,11.137386363269945,11.137386363269945,304800
2004-03-30,11.499797821044922,11.572366066803035,11.30770813571489,11.320514440410609,971400
2004-03-31,11.555294036865234,11.708966064438933,11.521144697404413,11.525413059517836,1213950
2004-04-01,11.772994995117188,11.772994995117188,11.546754731868804,11.585172428919824,522900
2004-04-02,11.926675796508789,11.994974517736408,11.802883448325629,11.939482112058336,1241250
2004-04-05,11.905324935913086,11.952281807344917,11.824221165336052,11.909594519583031,531900
2004-04-06,11.930946350097656,11.952290620355175,11.802885613663328,11.824229883920847,997800
2004-04-07,11.909599304199219,11.99924105685243,11.65347913856341,11.845568957470945,962550
2004-04-08,12.033388137817383,12.105956420322558,11.918133779746391,11.969357803191604,983550
2004-04-12,11.973628997802734,12.04619606878858,11.90106070553967,12.04619606878858,727500
2004-04-13,11.905324935913086,12.029117215528801,11.862638869427995,12.016310907072555,643500
2004-04-14,11.824226379394531,11.952287077873557,11.781539072809078,11.845569422048593,997200
2004-04-15,11.84129524230957,11.939474900088795,11.819950988860707,11.888250890109642,356550
2004-04-16,11.930946350097656,11.930946350097656,11.773005833602653,11.866915981880492,497850
2004-04-19,12.054731369018555,12.101685803881926,11.888253001697294,11.93093907362344,685950
2004-04-20,12.00350570678711,12.123027180329865,11.956548835797742,12.123027180329865,633150
2004-04-21,11.96081829071045,12.033385335036467,11.892519608691426,11.990699269412962,507900
2004-04-22,12.080343246459961,12.080343246459961,11.858372488330957,11.918133235650266,636000
2004-04-23,12.118759155273438,12.204132511092126,12.00350604087582,12.058997195561947,693150
2004-04-26,12.054731369018555,12.208403426251191,11.879715054545896,12.101685803881926,704400
2004-04-27,12.101678848266602,12.306574806809861,12.033380195418847,12.046186498146863,594000
2004-04-28,12.00350570678711,12.140101851018372,11.930937440403376,12.037653826887338,976350
2004-04-29,12.592581748962402,12.921268835937422,12.272431386213812,12.421833830390003,3701250
2004-04-30,12.302319526672363,12.502947338047676,12.26817016393944,12.485872656681213,1829100
2004-05-03,12.319390296936035,12.507211732338437,12.293778893656103,12.357808012494509,1402500
2004-05-04,12.370614051818848,12.485868417228373,12.293778622397252,12.362077324672951,1501950
2004-05-05,12.45598316192627,12.485864139253186,12.353535143614021,12.379146537553726,1243500
2004-05-06,12.340734481811523,12.443182546993095,12.144376300852148,12.443182546993095,1260000
2004-05-07,12.216943740844727,12.39622847091938,12.208407012462619,12.23401841888625,742050
2004-05-10,12.046192169189453,12.21693888169207,11.956549229167962,12.21693888169207,1081200
2004-05-11,12.007769584655762,12.080337831318493,11.82421784059357,11.952278446594256,1190400
2004-05-12,11.973628997802734,12.131569452676992,11.90959865456712,11.952285957149934,1303200
2004-05-13,11.858369827270508,11.999235548383895,11.747383862473153,11.973624154216335,1361400
2004-05-14,11.95228385925293,11.986431985537306,11.781535900169029,11.888253527256092,1059000
2004-05-17,11.95228385925293,11.994969933066153,11.632133420545744,11.866909269072478,1247700
2004-05-18,11.905324935913086,11.948012223674972,11.772997152787866,11.909594519583031,819150
2004-05-19,12.289506912231445,12.37488149658874,11.926670424459083,11.926670424459083,1466400
2004-05-20,12.114492416381836,12.2468214409547,12.007774791348604,12.229746767502618,667650
2004-05-21,12.080343246459961,12.221208999184118,12.024850862246959,12.080343246459961,424050
2004-05-24,12.037652969360352,12.22974391687963,11.952280843276265,12.144370569518848,632100
2004-05-25,12.14009952545166,12.165712137216438,11.977890795622079,12.037651520945646,1967850
2004-05-26,12.208404541015625,12.251090616839491,12.123029946813775,12.152910932656717,1685550
2004-05-27,12.251087188720703,12.349266845430689,12.208401124841322,12.229744156781011,920100
2004-05-28,12.315120697021484,12.409030794656985,12.251090363333574,12.272434622080901,1205550
2004-06-01,12.22547721862793,12.323658117858274,12.187059508568607,12.315120170468989,1033950
2004-06-02,12.251087188720703,12.349266845430689,12.234012518913607,12.293774473876805,999150
2004-06-03,12.050468444824219,12.28951399930114,12.050468444824219,12.272440538116127,838050
2004-06-04,12.127298355102539,12.25108942851682,12.127298355102539,12.1443730280313,817800
2004-06-07,12.272432327270508,12.276699468434215,12.16144635487949,12.165714717320004,732750
2004-06-08,12.272432327270508,12.280969052151535,12.208402005555568,12.229745039034945,1095900
2004-06-09,12.238280296325684,12.315116917424879,12.234011934397023,12.285235941370933,1195200
2004-06-10,12.25963020324707,12.319390961642807,12.216942900441067,12.216942900441067,533400
2004-06-14,12.152912139892578,12.268166510109355,12.123031151081344,12.212674117515048,548400
2004-06-15,12.302319526672363,12.336468889405287,12.212677754817825,12.229752436184288,737550
2004-06-16,12.272432327270508,12.323656340387098,12.255356434954837,12.276699468434215,577500
2004-06-17,12.251087188720703,12.332192175623593,12.11448983026393,12.212669486973915,922350
2004-06-18,12.157179832458496,12.255358289833913,12.101686227225489,12.131567211385264,1336650
2004-06-21,12.058996200561523,12.187056834361547,12.058996200561522,12.187056834361547,745800
2004-06-22,12.12303352355957,12.152914518218518,11.994974037028605,12.037660125446452,1269750
2004-06-23,12.187063217163086,12.27243783192799,12.033391108885498,12.165720174110538,778950
2004-06-24,12.14009952545166,12.268160141722452,12.13583116391638,12.255353835840065,935550
2004-06-25,11.896788597106934,12.18705801096418,11.81568360262173,12.140102359285711,1550550
2004-06-28,12.076074600219727,12.152910019439796,11.879715246609384,11.930939266515086,1421700
2004-06-29,12.24718189239502,12.29423734201921,12.046127790805519,12.063238752134998,1047150
2004-06-30,12.379792213439941,12.422570228923707,12.195849072217497,12.277126444925901,968100
2004-07-01,12.469626426696777,12.469626426696777,12.277128386262087,12.29851800932248,2412600
2004-07-02,12.384071350097656,12.516681625291227,12.319906153860835,12.478182262774599,614400
2004-07-06,12.371240615844727,12.52951674485346,12.371240615844725,12.448239350653852,823200
2004-07-07,12.414016723632812,12.469627053866878,12.311350933720957,12.362683828676886,697800
2004-07-08,12.324182510375977,12.41829219094494,12.255738661281255,12.362681869523618,549000
2004-07-09,12.315628051757812,12.452516991986883,12.242906758411683,12.384071909935987,340950
2004-07-12,12.418289184570312,12.426845275572068,12.260013127824353,12.298513701523856,515850
2004-07-13,12.426851272583008,12.46962807661843,12.362684842657018,12.426851272583008,725700
2004-07-14,12.405460357666016,12.448238381129316,12.31135066424312,12.38407195787073,548250
2004-07-15,12.405460357666016,12.491016404592617,12.319906758484873,12.38407195787073,873000
2004-07-16,12.289962768554688,12.448238891728302,12.289962768554688,12.448238891728302,538200
2004-07-19,12.34129524230957,12.396905571705044,12.247184324373166,12.311350748068648,553800
2004-07-20,12.512401580810547,12.572289329582977,12.298515190215907,12.375513899190805,1195050
2004-07-21,12.465348243713379,12.666402366083526,12.465348243713379,12.542348189590879,1077000
2004-07-22,12.371240615844727,12.512405778910006,12.371240615844725,12.448239350653852,552000
2004-07-23,12.27712631225586,12.405457909575372,12.27712631225586,12.37551464532006,379950
2004-07-26,12.43112850189209,12.431128501892092,12.28996333749612,12.341296235810367,578400
2004-07-27,12.328466415405273,12.431132242930131,12.225800587880418,12.431132242930131,610950
2004-07-28,12.148799896240234,12.242910844581871,11.870746935557166,12.084633451813946,1304400
2004-07-29,12.135964393615723,12.255741153892059,11.956298641264814,12.255741153892059,613800
2004-07-30,12.23435115814209,12.371238866331355,12.037574465683695,12.157351210349303,702300
2004-08-02,12.264291763305664,12.319903300586414,12.046126719783752,12.170182096297072,894750
2004-08-03,11.934913635253906,12.212966601884123,11.934913635253906,12.191578194575603,1327500
2004-08-04,11.810857772827148,11.92635589066372,11.695358431117587,11.870745549793558,1146300
2004-08-05,11.579854011535645,11.806573935566762,11.571297919222088,11.763795921743888,640650
2004-08-06,11.48146915435791,11.60124591587284,11.336026555883336,11.507134991317557,1192650
2004-08-09,11.669689178466797,11.678245272927818,11.400191172972377,11.554189858415937,965550
2004-08-10,11.768077850341797,11.806577216771151,11.648301091771634,11.721022389221034,454800
2004-08-11,11.836525917053223,11.845080790910773,11.65258266651039,11.699638144346599,624000
2004-08-12,11.755239486694336,11.83223941176483,11.648296302198037,11.763794353995342,457800
2004-08-13,11.763795852661133,11.810852524300671,11.678242273262702,11.721019062961918,426300
2004-08-16,11.917799949645996,11.92635482107126,11.721023220390364,11.768078684847957,640650
2004-08-17,11.892127990722656,11.947739527578852,11.810851850158752,11.879294464996427,964650
2004-08-18,12.020464897155762,12.071797793684006,11.733855918904856,11.806577216351673,554100
2004-08-19,11.947738647460938,12.029016005910004,11.845071673086345,11.977683130658848,801900
2004-08-20,12.09746265411377,12.09746265411377,11.870742685371633,11.87502012043573,519300
2004-08-23,12.063240051269531,12.217239943692148,11.999074857278172,12.076073579616855,720750
2004-08-24,12.153074264526367,12.187296192950916,12.054685914337616,12.127407206271606,484950
2004-08-25,12.187294960021973,12.187294960021973,12.093184054438856,12.183017525369808,363600
2004-08-26,12.033291816711426,12.255735492630285,12.033291816711426,12.187291661231326,440100
2004-08-27,12.041851997375488,12.127406815681375,11.973408142730781,12.054685526089537,457350
2004-08-30,12.05896282196045,12.144517639279629,11.956297041177432,12.063240256858245,310350
2004-08-31,11.956303596496582,12.106024914861475,11.913526776319937,12.058969433568512,1212750
2004-09-01,12.093182563781738,12.127404484525881,11.93490648630818,11.977684499174572,475650
2004-09-02,12.281404495239258,12.307071550591251,12.046128457960426,12.170183852374121,248250
2004-09-03,12.45679759979248,12.456797599792482,12.285687910766903,12.38835372418225,652500
2004-09-07,12.36268138885498,12.576569020896187,12.34984908555307,12.563735493721762,571800
2004-09-08,12.242910385131836,12.473909086848332,12.157355537065188,12.384075578473537,802950
2004-09-09,12.315628051757812,12.431127368401661,12.191573864778054,12.31990671079849,625350
2004-09-10,12.36268138885498,12.44823619689696,12.221516261553843,12.315625938463764,512400
2004-09-13,12.452510833740234,12.469620565950633,12.319900618132706,12.405454174673169,819150
2004-09-14,12.106019973754883,12.409739923763505,12.033297450939184,12.405461264393534,1418400
2004-09-15,11.986245155334473,12.041855497428685,11.900690312161448,11.999078687778681,1013550
2004-09-16,12.21296501159668,12.22579854385996,12.04185532766293,12.04185532766293,574950
2004-09-17,12.221517562866211,12.443960087460406,12.084628631550986,12.170184672575243,981750
2004-09-20,12.349851608276367,12.405460715022372,12.242907158473798,12.251462029089257,668850
2004-09-21,12.469626426696777,12.478182520695473,12.315627749574485,12.349850901696577,578400
2004-09-22,12.27712631225586,12.43540239770317,12.251459258468465,12.43540239770317,443700
2004-09-23,12.21296501159668,12.242909512253338,12.131688829632898,12.212965011596681,468300
2004-09-24,12.349851608276367,12.362683914199554,12.225796193370119,12.25574068826975,279600
2004-09-27,12.375516891479492,12.4182936903925,12.21296211831556,12.277128540557781,454050
2004-09-28,12.418289184570312,12.53378845792429,12.354122785610075,12.379789834743075,468000
2004-09-29,12.405405044555664,12.491316204145248,12.263653966242765,12.41829184138936,1091100
2004-09-30,12.783411979675293,12.929459499213854,12.452659001919754,12.456952962936489,1479600
2004-10-01,12.757638931274414,12.834958498818848,12.671730212373898,12.757638931274416,964950
2004-10-04,12.770526885986328,12.80918605877946,12.671731358731988,12.753344894861277,805800
2004-10-05,12.774824142456055,12.860732874756891,12.697504562851066,12.787709714929365,572250
2004-10-06,12.96381950378418,13.015365454479147,12.809180422746879,12.856431184788699,1608150
2004-10-07,13.015368461608887,13.02395884089994,12.886502940621597,12.907980117801914,1319250
2004-10-08,13.049732208251953,13.118461392613298,12.972413872893714,13.006777850597995,754800
2004-10-11,12.993890762329102,12.998184722849407,12.86932043599262,12.993890762329102,994950
2004-10-12,12.895092010498047,12.993889964981662,12.860728038917904,12.950934386030202,1052700
2004-10-13,12.693204879760742,12.950934672308898,12.693204879760742,12.890797106238034,684600
2004-10-14,12.487018585205078,12.671726454504702,12.439769049612467,12.671726454504702,1137300
2004-10-15,12.491318702697754,12.624478200105637,12.491318702697754,12.521386262720469,838650
2004-10-18,12.701796531677246,12.796298079561293,12.435475104870124,12.491317487234658,516900
2004-10-19,12.482723236083984,12.766226590762672,12.46124606300373,12.671726291838079,212550
2004-10-20,12.693204879760742,12.787705189218771,12.435473858259996,12.435473858259996,508350
2004-10-21,12.8005952835083,12.877914855666507,12.637365758370366,12.671730968515163,388650
2004-10-22,12.7103853225708,12.890795540971885,12.7103853225708,12.822067604637674,322050
2004-10-25,12.731870651245117,12.852144616875332,12.645960675794962,12.710393464620886,315750
2004-10-26,12.813474655151367,12.88220257769051,12.663132017358945,12.770519089088307,492900
2004-10-27,12.929462432861328,12.985303601993529,12.693209725594166,12.856438042046692,356250
2004-10-28,13.165714263916016,13.410558588584353,12.895097563939643,12.895097563939643,617550
2004-10-29,13.230143547058105,13.26450752435039,13.015369303457696,13.1227564252579,483150
2004-11-01,13.174298286437988,13.273094997609096,13.032547231511327,13.273094997609096,546450
2004-11-02,13.036845207214355,13.268801416778983,12.985299246316366,13.187187900404986,762450
2004-11-03,13.294573783874512,13.31605218731284,13.01536682870159,13.122753930083093,572850
2004-11-04,13.4620943069458,13.548004207411328,13.27309252592164,13.401956762143854,905700
2004-11-05,13.470694541931152,13.590967250687573,13.31176020252907,13.423442530211295,1023150
2004-11-08,13.466390609741211,13.535118535804271,13.397662683678153,13.466390609741211,606600
2004-11-09,13.444917678833008,13.5050540186211,13.384780110092269,13.470691273708365,428850
2004-11-10,13.341826438903809,13.479282341388295,13.277393677376029,13.4535087451961,603600
2004-11-11,13.487870216369629,13.500757012072887,13.36330113511141,13.423437466805815,310650
2004-11-12,13.363301277160645,13.397665246766296,13.264504557306275,13.38907486884113,623850
2004-11-15,13.264510154724121,13.359011725494106,13.21296417856404,13.33753454266566,1154100
2004-11-16,13.165714263916016,13.268806223054339,13.118464704359104,13.268806223054339,852750
2004-11-17,13.762782096862793,13.917419946058148,13.170003060471075,13.170003060471075,1732800
2004-11-18,13.62962532043457,13.788558403691228,13.59526134411136,13.74560281881085,567150
2004-11-19,13.500761032104492,13.672580929468003,13.406260703030986,13.629626569603548,512100
2004-11-22,13.522238731384277,13.633921044333395,13.46639634595694,13.608148675557745,542400
2004-11-23,13.530828475952148,13.556602072470316,13.380485773470093,13.44921372558158,747450
2004-11-24,13.52653694152832,13.608151713954065,13.487876536303668,13.595264912212514,566850
2004-11-26,13.646811485290527,13.711244267854793,13.52653753134868,13.535127913582258,161100
2004-11-29,13.56089973449707,13.848698393670038,13.479284969247493,13.72412803604328,1047150
2004-11-30,13.52653694152832,13.530832132457817,13.337535022146787,13.509354948857272,1237500
2004-12-01,13.702648162841797,13.754194126197929,13.53941866440436,13.53941866440436,606750
2004-12-02,13.728422164916992,13.956083202566525,13.642510994497185,13.767081331338984,694950
2004-12-03,13.685470581054688,13.70265257437176,13.573788238970277,13.638221021147569,440100
2004-12-06,13.784260749816895,13.844398312108696,13.539416540567792,13.638214491026828,592350
2004-12-07,14.07205867767334,14.286832867214148,13.857283259180072,13.90882921214416,1361700
2004-12-08,14.462949752807617,14.540269300069038,14.076354474405532,14.153674021666953,1385100
2004-12-09,14.35986328125,14.475842031593025,14.304022115882239,14.475842031593025,935700
2004-12-10,14.419998168945312,14.450066958371167,14.076358372515115,14.325497839403434,517350
2004-12-13,14.299726486206055,14.54027561044231,14.14508855352399,14.471546411408347,672000
2004-12-14,14.437174797058105,14.467242343805085,14.196625820416244,14.304014129491877,565800
2004-12-15,14.596114158630371,14.596114158630371,14.372748295965572,14.437181063587854,677250
2004-12-16,14.080655097961426,14.304022218947866,13.926017172707494,14.304022218947866,1476600
2004-12-17,13.90024185180664,14.050584554491802,13.848695887653388,13.994742171611238,678150
2004-12-20,13.90453815460205,13.968970922189465,13.711241080792632,13.90453815460205,709650
2004-12-21,14.07205867767334,14.132195008321881,13.857283259180072,13.913124400986387,483450
2004-12-22,14.097834587097168,14.162267351753517,13.917424320802708,14.003334264026918,447600
2004-12-23,14.153675079345703,14.209516227736437,14.033401174914259,14.067763918656354,337650
2004-12-27,14.127903938293457,14.205223504757374,14.046289181735107,14.175154716190693,383550
2004-12-28,14.38563060760498,14.38563060760498,14.149376790372996,14.149376790372996,539400
2004-12-29,14.411406517028809,14.450065683478194,14.325496575500878,14.389928109932269,406500
2004-12-30,14.46313190460205,14.532106536038166,14.355359351324045,14.484686168584913,279000
2004-12-31,14.458827018737793,14.532112285291154,14.37691930316182,14.42002784818232,394200
2005-01-03,14.320879936218262,14.50624843544504,14.299324426979855,14.50624843544504,1231800
2005-01-04,14.273454666137695,14.415714565013912,14.234655502782761,14.34673991909042,1263900
2005-01-05,14.16568374633789,14.256212671355255,14.135507026877404,14.226035951894767,891000
2005-01-06,14.131196022033691,14.17861640779658,14.053600148389124,14.118262965304872,826800
2005-01-07,14.079468727111816,14.204486252725134,14.066535666985526,14.161376463425663,426300
2005-01-10,14.195858001708984,14.247588987714618,13.988934057686448,14.083774815378774,720150
2005-01-11,14.178620338439941,14.273461136257794,14.11826687921685,14.16137666914256,524400
2005-01-12,13.988938331604004,14.200172947322669,13.889786936459352,14.161375004305848,1378500
2005-01-13,14.023421287536621,14.174303637381023,13.954446639992206,13.993244570894943,627450
2005-01-14,13.988938331604004,14.088089726748656,13.941517938269904,14.070846059478471,505500
2005-01-18,14.169990539550781,14.178611752296465,13.794939417746853,13.859603446794557,961200
2005-01-19,14.096700668334961,14.195851991206235,14.070835802965286,14.118254928370268,580050
2005-01-20,14.05790901184082,14.144127323727833,13.97600130720715,14.032044134956726,479100
2005-01-21,14.066532135009766,14.157062299798019,13.902717936878798,14.014801140858273,657450
2005-01-24,14.096700668334961,14.182918941839661,13.950130220058707,14.066523964267448,438150
2005-01-25,14.070844650268555,14.20879397461426,14.05360098472534,14.118263805489205,431100
2005-01-26,14.204484939575195,14.247593491524949,14.092400484449946,14.118265368946922,609000
2005-01-27,14.234659194946289,14.260525310558691,14.169996372643839,14.221727370504365,629100
2005-01-28,14.24759292602539,14.260525984442747,14.144130925415222,14.182928867302952,527550
2005-01-31,14.213103294372559,14.226036350698768,14.057910318550451,14.221725743044745,977400
2005-02-01,14.333812713623047,14.342433930457616,14.204484594189664,14.26052620370743,961950
2005-02-02,14.454516410827637,14.510559250845816,14.269147924713682,14.269147924713682,788850
2005-02-03,14.381230354309082,14.424340134022676,14.29932263620821,14.355365473172306,674850
2005-02-04,14.329498291015625,14.432960274582484,14.243279971376573,14.295010963160005,967050
2005-02-07,14.126887321472168,14.260526047862374,14.06653387083233,14.256215439492196,1211550
2005-02-08,14.213103294372559,14.286388557947522,14.182926574066116,14.182926574066116,847050
2005-02-09,13.312124252319336,13.751838410356752,13.277636915742457,13.600956004491799,5445900
2005-02-10,13.178485870361328,13.320747062603168,12.980184296375377,13.316435220391371,3253650
2005-02-11,13.08364200592041,13.187103984416135,13.018977961019562,13.17848153619279,2671500
2005-02-14,13.191411972045898,13.221588684788442,13.062085141292442,13.083639407524048,2106450
2005-02-15,13.182796478271484,13.299191539802415,13.152619752436731,13.169863419575966,1742250
2005-02-16,13.3207368850708,13.33366993509591,13.08363631251909,13.126744834784747,1450350
2005-02-17,13.372469902038574,13.514729774035084,13.230208796678339,13.256074900694282,2264250
2005-02-18,13.437139511108398,13.488870507267947,13.329365677419494,13.406962788340936,1159800
2005-02-22,13.34229564666748,13.536286529024688,13.34229564666748,13.437136401024128,1680750
2005-02-23,13.402647972106934,13.514731145244754,13.277630512285102,13.385404312134666,657900
2005-02-24,13.45869255065918,13.484557429685644,13.29918896879764,13.428515830658204,797100
2005-02-25,13.562154769897461,13.596642098109982,13.355230800622333,13.406961792941114,967350
2005-02-28,13.669925689697266,13.730279123366971,13.497489069732378,13.540598841405597,737550
2005-03-01,13.81650161743164,13.850988951868494,13.656998004002281,13.656998004002281,849900
2005-03-02,13.855298042297363,13.881164156973206,13.579399397030945,13.773390323642838,571350
2005-03-03,13.747522354125977,13.838051268426797,13.656993439825154,13.838051268426797,924600
2005-03-04,13.79925537109375,13.885473691071441,13.751834986764987,13.838053306742676,925800
2005-03-07,13.976005554199219,14.010494122798342,13.730283598992889,13.730283598992889,1099200
2005-03-08,13.976005554199219,14.135510404683128,13.898409666603282,13.967384337072735,1266150
2005-03-09,13.838053703308105,13.988936075934022,13.79494392540177,13.976003019225706,1247100
2005-03-10,13.93720531463623,14.006179973744036,13.825120876903947,13.881163712452185,787050
2005-03-11,13.85960578918457,14.075152177984815,13.842363360779087,13.967379600266682,1057950
2005-03-14,14.001869201660156,14.001869201660156,13.85098682829051,13.902717822014601,1335150
2005-03-15,14.070844650268555,14.152752369939877,14.001869988095702,14.04497853527161,1045800
2005-03-16,14.023421287536621,14.195857906397656,14.02342128753662,14.07515227319493,808350
2005-03-17,14.113954544067383,14.161373699668552,13.988937042852688,14.053601097499701,1162350
2005-03-18,13.93289852142334,14.139822555399778,13.889788730995983,14.092402155939045,1327200
2005-03-21,14.006178855895996,14.023422519296712,13.825119773506424,13.932893594783973,1033950
2005-03-22,14.062213897705078,14.126876674617034,13.954440136124994,14.023414751521809,832800
2005-03-23,14.113954544067383,14.139819425907634,13.984626434773356,14.036357431818114,696000
2005-03-24,14.144123077392578,14.269140517119146,14.053594185430716,14.113947602314392,645300
2005-03-28,14.264832496643066,14.316563482093585,14.157059918628816,14.157059918628816,641700
2005-03-29,14.303633689880371,14.476070332510782,14.247590856002372,14.26914636135429,759150
2005-03-30,14.260368347167969,14.342573371399897,14.169509576144812,14.234408344635337,840000
2005-03-31,14.485343933105469,14.545916423123728,14.238730195952414,14.243056448713558,1257150
2005-04-01,14.52861499786377,14.584860015954153,14.459389979339921,14.494001250760874,1359300
2005-04-04,14.481023788452148,14.563228814790836,14.424778765311398,14.472370041439142,1402950
2005-04-05,14.580537796020508,14.64543657830359,14.424781461245898,14.450740231454342,1311150
2005-04-06,14.693031311035156,14.740623845066391,14.50266241275182,14.515642419822449,1296150
2005-04-07,14.731962203979492,14.796859723437409,14.693022206895737,14.697349698465603,781800
2005-04-08,14.809835433959961,14.905020415480728,14.68869169974111,14.731957938025225,873150
2005-04-11,14.77955436706543,14.879065635913468,14.688696844041138,14.796860620872007,743850
2005-04-12,14.853106498718262,14.922331512194932,14.671390219421564,14.77955399351864,690000
2005-04-13,14.697358131408691,14.922339546337176,14.688704381144513,14.896379533386192,600150
2005-04-14,14.459383010864258,14.749262945689969,14.455055520911355,14.641097977994159,824100
2005-04-15,14.338251113891602,14.584866276625078,14.299312333717397,14.459396186151803,649500
2005-04-18,14.429098129272461,14.51995562139402,14.238729402148941,14.286320655549451,924600
2005-04-19,14.381510734558105,14.485348258878018,14.286325718344386,14.43342949671806,911400
2005-04-20,14.212775230407715,14.372859017593282,14.139223956092776,14.31228650615204,951300
2005-04-21,14.256044387817383,14.346901935626924,14.147879343638998,14.256044387817383,761100
2005-04-22,14.147873878479004,14.390161404272416,14.061343857107845,14.277671386217289,957150
2005-04-25,14.364203453063965,14.364203453063965,14.165182164606833,14.19114092490957,630600
2005-04-26,14.186816215515137,14.411797526606877,14.186816215515137,14.277673743226558,774600
2005-04-27,14.48967170715332,14.563222956893815,14.191137979664393,14.191137979664393,927450
2005-04-28,14.355548858642578,14.558896371281769,14.260363863074733,14.446406363255038,859950
2005-04-29,14.969917297363281,15.640534623791078,14.723302369194908,15.142978515514622,4617300
2005-05-02,15.151639938354492,15.31172248184051,14.654084815682916,15.034823649720371,3611100
2005-05-03,15.346334457397461,15.467476986184145,15.078086926659026,15.13865942889318,2271150
2005-05-04,15.532381057739258,15.575647322405182,15.359319712599266,15.402584739423956,1606650
2005-05-05,15.497771263122559,15.94340903987117,15.467484996321152,15.523731274049895,1031100
2005-05-06,15.532381057739258,15.57132106729096,15.432871000905978,15.562667319221282,920400
2005-05-09,15.424219131469727,15.532382949546781,15.406912871063742,15.454505396640545,1700100
2005-05-10,15.134328842163086,15.42420881962459,15.026165096398834,15.359311314870375,1783200
2005-05-11,15.194904327392578,15.212210579640075,15.034821803563425,15.186250582348428,1058100
2005-05-12,15.147316932678223,15.268460739266406,15.052131894295469,15.268460739266406,1462050
2005-05-13,15.216544151306152,15.307401709841272,15.121359099247345,15.194911635053296,789000
2005-05-16,15.445849418640137,15.480461934457427,15.173275547118665,15.220868065827743,995250
2005-05-17,15.450179100036621,15.51075039237628,15.333361533145597,15.406912830215678,798150
2005-05-18,15.506420135498047,15.575645159075748,15.480460132735876,15.480460132735876,1034550
2005-05-19,15.515069961547852,15.53237497522806,15.41555746800141,15.53237497522806,783450
2005-05-20,15.493435859680176,15.532374615239673,15.480455861880102,15.489109606360392,829800
2005-05-23,15.484783172607422,15.528048180982568,15.34200567415175,15.515069421174449,929100
2005-05-24,15.372297286987305,15.454502316994938,15.303072259157961,15.44152231481665,966900
2005-05-25,15.125679016113281,15.251149032939898,14.796858992141548,15.246822779424685,2428650
2005-05-26,15.510738372802734,15.510738372802736,15.125674687644201,15.164613433819689,1165050
2005-05-27,15.445849418640137,15.51074819525786,15.350665619063188,15.480461934457427,508950
2005-05-31,15.350667953491211,15.510750554030185,15.29874917186981,15.372300469706447,1506900
2005-06-01,15.605937004089355,15.649202040396023,15.359323078753429,15.402588115060098,1253550
2005-06-02,15.575637817382812,15.64053655585667,15.489106578697829,15.579964069856942,1073850
2005-06-03,15.614583969116211,15.740054015241988,15.554012692236586,15.554012692236586,438150
2005-06-06,15.735727310180664,15.744379818303205,15.532377277368827,15.58429603962687,744900
2005-06-07,15.61025333404541,15.843888342632527,15.610253334045408,15.748703342736821,592650
2005-06-08,15.701117515563965,15.770342549329428,15.597279964915767,15.662178743531202,836400
2005-06-09,15.70544719696045,15.79630475697745,15.579975877396373,15.72275345781328,711300
2005-06-10,15.562662124633789,15.744378395030477,15.398253344599471,15.705439636317195,857550
2005-06-13,15.679488182067871,15.744386973846002,15.562670604435535,15.562670604435535,887850
2005-06-14,15.649191856384277,15.705438099957732,15.532374353831093,15.618906845814763,668850
2005-06-15,15.679488182067871,15.74005947997703,15.644875658165068,15.714100705970674,615000
2005-06-16,15.804946899414062,15.869845644494747,15.683804390763008,15.683804390763008,720300
2005-06-17,15.56698989868164,15.913114955394729,15.528049901420786,15.856868705298218,1849650
2005-06-20,15.41556167602539,15.467480444760659,15.272785371463677,15.44584793391457,739800
2005-06-21,15.372297286987305,15.502094833087897,15.290092256979674,15.402583546122928,746550
2005-06-22,15.2814359664917,15.510743504980894,15.264129713816274,15.398253481511038,585300
2005-06-23,15.225191116333008,15.372294896515532,15.20355860796059,15.272783625025085,447600
2005-06-24,15.181922912597656,15.194902910032724,14.943961656931066,15.164616661964462,997500
2005-06-27,15.17760944366455,15.220874487769809,14.943974244402623,15.034833065138779,605850
2005-06-28,15.445849418640137,15.51074819525786,15.18625555001045,15.225194320844603,730950
2005-06-29,15.671586990356445,15.671586990356445,15.506622459188998,15.554375480528602,913350
2005-06-30,15.632506370544434,15.741034883817882,15.59343630448839,15.719329429566194,955350
2005-07-01,15.71500015258789,15.771434871981468,15.645541654252433,15.649882499894419,706950
2005-07-05,15.710658073425293,15.749728165167422,15.60212824678541,15.628175802624046,602550
2005-07-06,15.558717727661133,15.758411521068519,15.550034794809749,15.636857913244295,1161000
2005-07-07,15.589098930358887,15.623828161694274,15.367699770091976,15.497933766592034,733200
2005-07-08,15.788799285888672,15.823527289845233,15.606470123525844,15.623834746512028,783600
2005-07-11,15.819181442260742,15.927709991101535,15.767087589775311,15.80615766863553,477900
2005-07-12,15.767094612121582,15.901670768150307,15.70197695700885,15.745389141089328,490800
2005-07-13,15.771432876586914,15.82786883085616,15.641198829693046,15.758410341308561,562350
2005-07-14,15.693290710449219,15.932054548551099,15.584760902756614,15.862596067795323,803550
2005-07-15,15.997180938720703,16.036251045021817,15.649887102880523,15.649887102880523,966600
2005-07-18,16.00151824951172,16.261987637319287,15.966788997804043,16.036247501219396,1504650
2005-07-19,16.00585174560547,16.24895639592587,15.992827971691588,16.11003945288564,864450
2005-07-20,16.22725486755371,16.275007888802943,15.958102604163246,16.010196470430845,614400
2005-07-21,16.15345573425293,16.48338355803416,16.127408179788638,16.275008090382855,1229100
2005-07-22,16.30539894104004,16.322763565954663,16.018882008940757,16.11004597923855,668250
2005-07-25,16.110048294067383,16.46602377697475,15.99717883691225,16.30974213028725,924600
2005-07-26,15.914689064025879,16.218570521836217,15.906006133395179,16.170816266390673,838950
2005-07-27,15.845231056213379,15.940737093387442,15.701973242467956,15.845231056213379,901650
2005-07-28,15.866934776306152,15.94507617764468,15.684605667859879,15.884299394157443,977550
2005-07-29,15.736706733703613,15.927716360518609,15.66724699393101,15.866940795989459,1197450
2005-08-01,15.927721977233887,16.053616480324976,15.701981779920132,15.701981779920132,634650
2005-08-02,16.16647720336914,16.231593596201574,15.892984130619947,15.936395059174902,1008450
2005-08-03,15.866934776306152,16.513767722778315,15.866934776306152,16.513767722778315,712500
2005-08-04,15.697628021240234,15.845226638611974,15.580416550846879,15.736699339381572,763200
2005-08-05,15.641201972961426,15.72802510234397,15.541355063667497,15.662907444803059,660900
2005-08-08,15.71500015258789,15.780117805281359,15.589106934858856,15.715000152587889,680400
2005-08-09,15.693290710449219,15.780113811393937,15.649878538969055,15.758408346661659,501600
2005-08-10,15.706319808959961,15.88430691571249,15.649883842708064,15.78011915926964,428250
2005-08-11,15.662896156311035,15.827860604253441,15.584754775176444,15.69328454019755,583800
2005-08-12,15.66724681854248,15.732364469964393,15.437165857803077,15.61949503338125,735300
2005-08-15,15.693290710449219,15.780113811393937,15.476232337079617,15.610808454047833,472200
2005-08-16,15.497943878173828,15.671591390161785,15.489262185683282,15.671591390161785,430050
2005-08-17,15.510968208312988,15.615155973986361,15.49360358070076,15.541356617138424,606150
2005-08-18,15.38940715789795,15.467547317188085,15.345996234295749,15.45452478531669,540750
2005-08-19,15.50228500366211,15.519648387564846,15.34600337039334,15.411121028092666,284700
2005-08-22,15.5934476852417,15.610812309719485,15.445847756172572,15.506624562852776,547200
2005-08-23,15.528322219848633,15.649874530033909,15.458863756885618,15.628169070861787,369900
2005-08-24,15.332980155944824,15.532672740367314,15.324297221657206,15.519648959943916,517500
2005-08-25,15.537009239196777,15.550031772919352,15.363361794057322,15.367703880647129,368550
2005-08-26,15.398086547851562,15.567391843411306,15.328628092443992,15.537003458666705,324150
2005-08-29,15.519645690917969,15.519645690917969,15.250494656952192,15.346000703918493,499950
2005-08-30,15.302586555480957,15.497938227468076,15.2027396761483,15.497938227468076,573750
2005-08-31,15.728019714355469,15.76708979868927,15.285221285187093,15.367703540348353,1058850
2005-09-01,15.688953399658203,15.806164932117044,15.602130272284244,15.693295487538888,664500
2005-09-02,15.619489669799805,15.793134610603751,15.597782965435776,15.688946900912102,284550
2005-09-06,15.636855125427246,15.745384935633084,15.510961936645987,15.671585608624998,493050
2005-09-07,15.810504913330078,15.840893314365864,15.680269618614325,15.680269618614325,495600
2005-09-08,15.701972961425781,15.884302100942083,15.65856203040778,15.788797307493088,438900
2005-09-09,15.684615135192871,15.845237636766212,15.654227967122806,15.723686480453567,597600
2005-09-12,15.558717727661133,15.732363964530226,15.42414158358362,15.64554084609568,352950
2005-09-13,15.610812187194824,15.771434651849678,15.476236038044261,15.558718314170338,285000
2005-09-14,15.66724681854248,15.688952288344487,15.528329824584215,15.584764542875787,450300
2005-09-15,15.597795486450195,15.715007064447892,15.550042437337584,15.671596104902948,392100
2005-09-16,15.571743965148926,15.64554331696933,15.523990931964406,15.545696404496987,914100
2005-09-19,15.224447250366211,15.528328775120391,15.172353381152565,15.528328775120391,702600
2005-09-20,15.029092788696289,15.280880397953645,14.959634309179169,15.215762762902449,797400
2005-09-21,14.781645774841309,14.91622187583444,14.694822684203073,14.898856015691333,903900
2005-09-22,14.855445861816406,14.898856788379183,14.577611957364967,14.716528909590687,820950
2005-09-23,14.794672966003418,14.95095457836781,14.703509002628152,14.846766836791549,563550
2005-09-26,15.137629508972168,15.393756837672898,14.868475914876818,14.868475914876818,825300
2005-09-27,15.020407676696777,15.163665447549292,14.894513279750944,15.150641675103982,969750
2005-09-28,14.942269325256348,15.13328013927477,14.907540086343907,15.068162505810056,440250
2005-09-29,15.151498794555664,15.155858615106778,14.937913729816607,14.937913729816607,800100
2005-09-30,15.38252067565918,15.413033184131898,15.016374315251342,15.147141496083986,618900
2005-10-03,15.500214576721191,15.613544996456756,15.34329467064141,15.382524335389215,825450
2005-10-04,15.277908325195312,15.59174808108043,15.273549751468993,15.408675513691612,1251000
2005-10-05,15.081751823425293,15.212517704433774,15.051239327257804,15.212517704433774,1244850
2005-10-06,15.03816032409668,15.068672816123106,14.88124053993053,15.059954426792304,829350
2005-10-07,14.99458122253418,15.09919448419391,14.98150550014305,15.020735161493338,466800
2005-10-10,15.099185943603516,15.286618243164842,14.93354899654281,15.00329113153421,557700
2005-10-11,15.077391624450684,15.25610553106073,15.059956090950003,15.125339653349487,871950
2005-10-12,14.88125228881836,15.256115890074241,14.820228503674246,15.038172196874243,672150
2005-10-13,14.715612411499023,14.97714681072359,14.715612411499022,14.876890876877525,1017900
2005-10-14,14.80715274810791,14.820229719957926,14.597926186862349,14.759204682716966,1049400
2005-10-17,14.715612411499023,14.772277616023073,14.589205033072004,14.733047954974765,519750
2005-10-18,14.563054084777832,14.741769377418972,14.410493983353826,14.449723652457788,1069200
2005-10-19,14.754833221435547,14.780985895206063,14.384327240833802,14.471504898548167,805650
2005-10-20,14.571773529052734,14.781000108761555,14.536902432434598,14.73305203913942,616950
2005-10-21,14.763559341430664,14.881249562684753,14.576126951594647,14.602279641268698,528300
2005-10-24,15.177650451660156,15.282263681597989,14.807145574069013,14.807145574069013,907200
2005-10-25,15.077391624450684,15.260465349751694,15.029444842639606,15.138416615246928,419550
2005-10-26,14.87252426147461,15.247387588544012,14.850728910425536,14.96841906715742,486750
2005-10-27,14.828949928283691,15.038176532682435,14.711259651537166,14.798437403369975,634650
2005-10-28,15.151498794555664,15.186371123523289,14.75484117349406,14.75484117349406,807300
2005-10-31,15.408668518066406,15.426102805056424,15.134058544569374,15.212517824375515,666000
2005-11-01,15.391236305236816,15.45661863682142,15.330211299252209,15.330211299252209,733200
2005-11-02,15.652766227722168,15.892505136625644,15.456615531116896,15.478409637265997,1196250
2005-11-03,15.53943920135498,15.70071762963303,15.177651445686802,15.69635905653885,934200
2005-11-04,15.500214576721191,15.692005573040927,15.421754000137023,15.539444241468997,471750
2005-11-07,15.491486549377441,15.604818145741977,15.417385840458968,15.539434580419659,919950
2005-11-08,15.295339584350586,15.426105489142873,15.260468510127579,15.40431137952549,916800
2005-11-09,15.430472373962402,15.583032458225501,15.343294648488392,15.343294648488392,895200
2005-11-10,15.495851516723633,15.583027970000519,15.40867381635855,15.430467929677773,745050
2005-11-11,15.526366233825684,15.604825551778964,15.443547094917374,15.495853722582352,502200
2005-11-14,15.561235427856445,15.626619021503906,15.513288623130741,15.539441312336733,659850
2005-11-15,15.561235427856445,15.622260447817629,15.430469487649843,15.561235427856445,800850
2005-11-16,15.556873321533203,15.617898327636897,15.517643673088278,15.56123189422974,541800
2005-11-17,15.713787078857422,15.757376530211404,15.574302829864768,15.600456750094668,717600
2005-11-18,15.744303703308105,15.757380666856037,15.683279951897578,15.72686816760683,636000
2005-11-21,15.949175834655762,15.962252801708898,15.644053254553096,15.753025070123384,585000
2005-11-22,15.909942626953125,15.984044598119151,15.779176716644207,15.888148516416313,597900
2005-11-23,15.648407936096191,15.944813295839195,15.61353686401912,15.896865259961245,650700
2005-11-25,15.80533504486084,15.835847558762968,15.639697999699333,15.670210513601461,177450
2005-11-28,15.622258186340332,15.888149849037672,15.617899613285001,15.888149849037672,455700
2005-11-29,15.761735916137695,15.814042512214309,15.670199684775527,15.674558256010005,692250
2005-11-30,15.626606941223145,15.905576641986539,15.604812842551544,15.74865563970641,946200
2005-12-01,15.866360664367676,15.901231753816697,15.692005217122562,15.692005217122562,730650
2005-12-02,15.79662036895752,15.866362556171177,15.661494569458888,15.866362556171177,731100
2005-12-05,15.888158798217773,15.927389719077429,15.70508615589476,15.735598678644877,823200
2005-12-06,15.89686393737793,16.066860711382276,15.866351440077088,15.931735006553804,679350
2005-12-07,15.753028869628906,15.88815465189673,15.674569542562763,15.844566413990766,592500
2005-12-08,15.722516059875488,15.883794519651094,15.644055493416188,15.800976626334785,366000
2005-12-09,15.652766227722168,15.71378997435721,15.212518050401156,15.691995868208108,573900
2005-12-12,15.587392807006836,15.805336504518797,15.504573653233308,15.713800201447317,859350
2005-12-13,16.149682998657227,16.302243021084767,15.831483494333153,15.953532260528014,4728300
2005-12-14,16.411222457885742,16.55070681640904,16.171483404901686,16.21507164339595,1480500
2005-12-15,16.454805374145508,16.56377592687638,16.245577672802902,16.5507002088015,1108350
2005-12-16,16.454805374145508,16.541981816330207,16.28916714098329,16.520187705784032,1335900
2005-12-19,16.28481101989746,16.555061273783895,16.127891155582947,16.463524998039155,2029200
2005-12-20,16.46352195739746,16.563775361322023,16.206347471051856,16.371985698558515,1155750
2005-12-21,16.433008193969727,16.55941676471158,16.389419977711633,16.48531480173218,925500
2005-12-22,16.572486877441406,16.642228997541764,16.36761908787473,16.520180287366134,1046250
2005-12-23,16.59865379333496,16.698908481253937,16.4896807100329,16.650960424368105,552750
2005-12-27,16.507118225097656,16.711984936983605,16.437374800238143,16.563782185675965,783600
2005-12-28,16.63836669921875,16.64711744412249,16.43273984042789,16.50274079279476,1001400
2005-12-29,16.349611282348633,16.647115291436748,16.349611282348633,16.6164895658076,726600
2005-12-30,16.428356170654297,16.50273308659952,16.37148073634398,16.445856400574023,705150
2006-01-03,16.734617233276367,16.75649221613033,16.32773579292809,16.362736266180697,1099050
2006-01-04,16.822118759155273,16.843994994170618,16.59461567837801,16.7083665929088,1373250
2006-01-05,16.85274314880371,16.896494363645154,16.756491227181893,16.822117423586263,1032000
2006-01-06,16.77399253845215,17.053997577619146,16.58586468082937,16.94024541310921,1703100
2006-01-09,17.04962158203125,17.058372326248158,16.620866408294436,16.62523990282939,1114050
2006-01-10,16.948993682861328,16.97961815385606,16.699614407283793,16.95774317408397,802800
2006-01-11,16.80462074279785,16.9971233750474,16.68211906772996,16.922747670970857,604950
2006-01-12,16.63836669921875,16.80461958694795,16.598991476441327,16.791494095450222,654150
2006-01-13,16.79149055480957,16.839616512342936,16.647113933924985,16.66023942265508,702450
2006-01-17,16.633981704711914,16.89648636607879,16.50710536964225,16.791483750503044,860250
2006-01-18,16.498361587524414,16.63398871930089,16.428360648764365,16.60336299566449,831000
2006-01-19,16.498361587524414,16.555238289053595,16.39773617684348,16.537738054363583,540450
2006-01-20,16.349611282348633,16.47211293314962,16.244608615660756,16.450237951292632,754200
2006-01-23,16.17460823059082,16.262109405982855,16.056481330882686,16.262109405982855,864150
2006-01-24,16.36273193359375,16.393357652509497,16.235855564576784,16.24023156136141,712500
2006-01-25,16.266483306884766,16.397735689012876,16.209607858763142,16.36273396895863,555450
2006-01-26,16.24898910522461,16.288364333795077,16.187738888750097,16.275238840366274,561750
2006-01-27,16.31898307800293,16.419609731662586,16.253356890684426,16.292733354104776,456150
2006-01-30,16.388978958129883,16.406479185905315,16.218351424390665,16.318978047028153,1013100
2006-01-31,16.559612274169922,16.607738230285783,16.288358023076402,16.332109233649582,931800
2006-02-01,16.49397850036621,16.524604208514432,16.458978048686784,16.51585472145202,661350
2006-02-02,16.507118225097656,16.65149489991548,16.42836651501414,16.485243236852888,675000
2006-02-03,16.520235061645508,16.629612457271712,16.41085891773471,16.485235847172227,483900
2006-02-06,16.769617080688477,17.0627463461684,16.73899135480648,16.843994022361265,1301700
2006-02-07,17.06711769104004,17.088993920433673,16.800239458562107,16.843990665634013,3298950
2006-02-08,16.988367080688477,17.062742754991888,16.874614944946185,16.953365364393246,1414050
2006-02-09,16.843994140625,17.062746465968022,16.830868650624044,16.93149406938971,870750
2006-02-10,17.080245971679688,17.09337146111937,16.874617893415056,16.931493345366263,1151400
2006-02-13,16.992746353149414,17.15024848572162,16.756492528433267,17.08024753791175,759300
2006-02-14,17.16337013244629,17.207120089171347,17.0146175258072,17.040868501214558,823050
2006-02-15,17.21150016784668,17.27275037213006,16.983995832749283,17.17212494711339,979800
2006-02-16,17.15462303161621,17.277125940567984,17.045246864870037,17.2596244521043,528000
2006-02-17,17.159000396728516,17.23775084251117,17.02774798480307,17.172125888264212,550200
2006-02-21,17.062747955322266,17.19400036335719,17.049622464175627,17.163374634586944,514800
2006-02-22,17.097759246826172,17.16776024160411,16.992757754659262,17.05838400019271,564900
2006-02-23,17.05837059020996,17.172122743159154,17.01461937700934,17.04087035527282,435000
2006-02-24,17.189620971679688,17.20712120584849,17.023369372933796,17.062744586884733,660000
2006-02-27,17.115249633789062,17.23775130406553,17.093374648454358,17.23337655734175,305550
2006-02-28,17.00587272644043,17.128374391465847,16.957746759394368,17.106499407068817,952650
2006-03-01,17.176490783691406,17.259617186178975,16.852737166004232,16.988364256634195,455550
2006-03-02,17.088987350463867,17.21586367427787,17.014610452207833,17.106487576221483,617250
2006-03-03,17.1196231842041,17.194000131889965,16.988372029651824,17.045247488233954,764700
2006-03-06,17.093368530273438,17.141494482156844,16.957741416654457,17.141494482156844,702600
2006-03-07,17.185243606567383,17.189618351513882,16.94899110715759,16.96649008694359,659550
2006-03-08,17.45650291442871,17.570253826521498,17.17212438248109,17.176497876988464,1582050
2006-03-09,17.233379364013672,17.491508238493275,17.185253387066762,17.47838274446848,900750
2006-03-10,17.622753143310547,17.6621296113522,17.193998006169615,17.23774796837293,1111950
2006-03-13,17.824005126953125,17.832754618046202,17.644628042390444,17.719003723543437,624750
2006-03-14,17.91588592529297,18.025263355777373,17.79776025304647,17.8677612077329,1577550
2006-03-15,17.889633178710938,17.929008396158316,17.72775505948844,17.929008396158316,1126500
2006-03-16,17.964008331298828,18.01650903689982,17.79338072516672,17.85025742835446,1045800
2006-03-17,18.086511611938477,18.108386594986552,17.937758973437095,18.00776117227914,1031400
2006-03-20,17.93775749206543,18.090886115902986,17.898382275487524,18.090886115902986,590700
2006-03-21,17.81962776184082,17.93337989133697,17.762752322950384,17.915878408292688,2012700
2006-03-22,17.959630966186523,17.972756453601434,17.775877897523916,17.82837984718355,714450
2006-03-23,18.095266342163086,18.143392316842444,17.959639164301233,17.959639164301233,520800
2006-03-24,18.21776008605957,18.23088557374494,18.042757755972694,18.112758688007446,498750
2006-03-27,18.261510848999023,18.292135317230677,18.112758246195895,18.191508666956388,522750
2006-03-28,18.305267333984375,18.349017305186607,18.169640170168982,18.26151736278214,703350
2006-03-29,18.34026527404785,18.484643163156854,18.287764564839755,18.33151452998868,1053300
2006-03-30,18.401721954345703,18.735340640472135,18.274419145338616,18.735340640472135,625200
2006-03-31,18.660715103149414,18.757289558096062,18.436839099327635,18.436839099327635,1579500
2006-04-03,18.862646102905273,18.90215327047393,18.520247301549674,18.656327684942852,809400
2006-04-04,18.86703109741211,18.9767737620684,18.8319133442493,18.840692154585042,1005450
2006-04-05,18.99432945251465,19.086514481036215,18.792403033654885,18.919704553538846,822600
2006-04-06,18.910930633544922,19.01189450373612,18.766070192955016,18.994335624394612,896400
2006-04-07,18.818742752075195,19.011890382967625,18.68266115269625,18.910926534660028,790350
2006-04-10,18.788009643554688,18.85385572410037,18.62559039999693,18.81434857813677,924450
2006-04-11,18.836299896240234,18.92848492626157,18.77045380505635,18.78801267897807,916500
2006-04-12,19.00749969482422,19.047006848134814,18.744116579570647,18.840689760542077,884100
2006-04-13,19.108469009399414,19.13041729464624,18.94604843320658,19.007505138989842,865950
2006-04-17,19.00749969482422,19.18747784293672,18.928485388203026,19.09090466196529,1061250
2006-04-18,19.262109756469727,19.371853703038482,18.99872654534311,19.007506613669104,1120950
2006-04-19,18.99872589111328,19.2533302810567,18.87581498606357,19.2533302810567,1252350
2006-04-20,19.161136627197266,19.29721819230374,18.994326723664905,18.994326723664905,966900
2006-04-21,19.257719039916992,19.27966732394186,19.077739594364935,19.248938972761017,1815000
2006-04-24,19.047008514404297,19.226987934171508,18.967994200870777,19.226987934171508,852600
2006-04-25,18.981164932250977,19.13919482572222,18.880199819312462,19.0206720916413,1369050
2006-04-26,19.077741622924805,19.134807669821384,18.78801947053184,18.97238834131103,897000
2006-04-27,19.292831420898438,19.34989870545066,18.972382272471915,19.007500021776462,662400
2006-04-28,19.319171905517578,19.39818621981559,19.143583144955464,19.29283296347832,1216350
2006-05-01,19.020668029785156,19.406963242443897,18.994329091876306,19.314778215672614,1693800
2006-05-02,19.060184478759766,19.09969164898591,18.946051118660545,18.976779475907676,1284600
2006-05-03,18.976774215698242,19.016281374973317,18.608037798674314,18.98116487688099,1992600
2006-05-04,19.169923782348633,19.270887649192993,18.897761789532186,18.928490141338745,929400
2006-05-05,19.23137092590332,19.284047535995732,19.068950436186288,19.205033248811837,1168650
2006-05-08,19.20064353942871,19.270879023027213,19.15235633047736,19.191864731933652,877350
2006-05-09,19.095293045043945,19.205036945794337,19.020668147025045,19.139190856526042,692100
2006-05-10,19.01628303527832,19.143585846583807,18.985554683865956,19.038232575378615,690450
2006-05-11,18.458789825439453,19.00311636007201,18.283201025851582,18.91971136629023,1513500
2006-05-12,18.212961196899414,18.379771144996372,18.10760794207287,18.37099107913923,1308000
2006-05-15,17.932018280029297,18.147114183812484,17.75203887017478,18.147114183812484,1504200
2006-05-16,18.199792861938477,18.230521210491474,17.953968585334366,17.962748651739485,1122150
2006-05-17,18.090045928955078,18.370987893102768,18.08126586462064,18.138333143020372,1232100
2006-05-18,18.08565902709961,18.26563718380634,18.08565902709961,18.12955558711645,1074000
2006-05-19,18.125165939331055,18.379770254109193,18.03298215980354,18.129555344091937,1075950
2006-05-22,17.98908233642578,18.059317828399017,17.826663075215087,18.01981067814149,970500
2006-05-23,17.659860610961914,18.07688433462488,17.659860610961914,18.063714860341474,665850
2006-05-24,17.615966796875,17.778387419597443,17.33063523919524,17.580850283966107,913800
2006-05-25,17.756433486938477,17.804720717702132,17.51938799476058,17.659859025411162,882000
2006-05-26,17.90129280090332,17.932021150908977,17.747652306785028,17.765211184515405,317250
2006-05-30,17.686199188232422,17.940803576755666,17.664250902160983,17.857398582592,734550
2006-05-31,17.910070419311523,17.96713645015648,17.730091005246912,17.730091005246912,841800
2006-06-01,18.18222999572754,18.18222999572754,17.89689862267899,17.91006809144222,984450
2006-06-02,18.261249542236328,18.335874455016402,18.05932183011384,18.261249542236328,708600
2006-06-05,18.00225257873535,18.34026058440391,17.980304300527976,18.239298002286098,1517850
2006-06-06,17.809112548828125,17.997869580038813,17.659861430480564,17.997869580038813,1215300
2006-06-07,17.95396614074707,18.10321720203272,17.809105740021128,17.809105740021128,1775850
2006-06-08,17.853002548217773,17.99347480216966,17.580840617466098,17.95396639203798,905400
2006-06-09,17.83544158935547,17.993472699596367,17.795934439750063,17.896898271772447,523800
2006-06-12,17.585233688354492,17.870565148636082,17.567674809938545,17.86617574300961,827100
2006-06-13,17.374528884887695,17.567676566778655,17.23405658760228,17.536948212500278,1276650
2006-06-14,17.28234100341797,17.37452478860936,17.168207681253968,17.33501763151446,945900
2006-06-15,17.163814544677734,17.295505458333402,16.953108078100982,17.29111605425712,2898300
2006-06-16,17.335023880004883,17.44915598739846,17.212110447565134,17.273567163785007,1273800
2006-06-19,17.076025009155273,17.40525429441067,17.032128440939918,17.392086077492095,949200
2006-06-20,17.058467864990234,17.256004939319244,17.01457003963374,17.097975028674018,910050
2006-06-21,17.378910064697266,17.40524774453317,17.076018583172058,17.076018583172058,1031250
2006-06-22,17.1506404876709,17.361346897870515,17.071624955891405,17.29550083070582,785400
2006-06-23,17.255998611450195,17.32623410153678,16.97505665110386,17.097968758755382,497100
2006-06-26,17.295509338378906,17.38769438011908,17.137479452994185,17.251612775949205,806700
2006-06-27,17.335023880004883,17.409648816063015,17.185772751978284,17.295515452759105,1023000
2006-06-28,17.462322235107422,17.51060821074235,17.251615685721948,17.299901661356877,1021800
2006-06-29,17.779495239257812,17.779495239257812,17.453508151704714,17.537207692334686,924150
2006-06-30,17.77068328857422,17.86759880670577,17.673769030788044,17.779494363106803,2055000
2006-07-03,17.90724754333496,17.916057358531738,17.61209730836909,17.801522198900518,289200
2006-07-05,17.585662841796875,17.8499761653035,17.444695735926675,17.836761444387175,1052100
2006-07-06,17.541606903076172,17.695789951988306,17.466717201387688,17.581253576687995,843450
2006-07-07,17.46672248840332,17.620906844330666,17.444696691990305,17.53280113798778,900900
2006-07-10,17.5944766998291,17.66055535624685,17.444698495971906,17.510777152389654,507300
2006-07-11,17.929269790649414,17.95570049135047,17.568040971869646,17.594472932915973,1091100
2006-07-12,17.71782684326172,17.907251778594198,17.678178884462486,17.863198911154768,1021050
2006-07-13,17.391834259033203,17.783899994270566,17.27289294024557,17.656147600591602,1243500
2006-07-14,17.087879180908203,17.228846337237783,16.90285915805273,17.224441428688934,899850
2006-07-17,17.47994041442871,17.68698620063582,17.352189268610825,17.40064577403949,2335950
2006-07-18,17.46672248840332,17.616500676771732,17.281703781981328,17.479938470389293,1281300
2006-07-19,17.532806396484375,17.660558826755697,17.440297015527662,17.47113389596183,1381350
2006-07-20,17.347789764404297,17.66496718745365,17.347789764404297,17.541620901957916,620850
2006-07-21,17.29051399230957,17.435886005851135,17.255270955327152,17.338970489926524,674700
2006-07-24,17.810331344604492,17.880814904911304,17.37421400011974,17.387429982763635,1486800
2006-07-25,17.735431671142578,17.832347135503383,17.50195534022926,17.678162869318157,1022700
2006-07-26,17.475534439086914,17.801521535789444,17.46672336387283,17.656148247348135,1245450
2006-07-27,17.709012985229492,17.841170306452575,17.431483618937516,17.686987185140854,1599450
2006-07-28,17.801517486572266,17.995347233392444,17.713413056199457,17.797111319794734,656250
2006-07-31,17.69139289855957,17.81914531765048,17.64734129637667,17.713419959996703,728250
2006-08-01,17.739852905273438,17.805931577222417,17.66496441591571,17.731041827518847,587850
2006-08-02,17.929269790649414,18.02618530069226,17.797112506108316,17.797112506108316,520350
2006-08-03,17.94249725341797,18.092274260712255,17.845581681354307,17.863202579879875,511800
2006-08-04,18.06142807006836,18.193585371111155,17.885220435920345,18.08345512713911,804150
2006-08-07,17.739852905273438,17.99095160661039,17.709016023651134,17.97333071144705,533100
2006-08-08,17.686983108520508,17.95129769004559,17.64733642542988,17.761871567768438,463800
2006-08-09,17.427080154418945,17.819145982267543,17.427080154418945,17.79711892000885,394950
2006-08-10,17.47994041442871,17.52399327249951,17.334568377451614,17.35659417631424,529800
2006-08-11,17.299331665039062,17.479945537266993,17.18920011775864,17.479945537266993,498750
2006-08-14,17.435888290405273,17.506371852914583,17.259679384131996,17.378619450607324,543300
2006-08-15,17.629716873168945,17.73544220965174,17.497559572392742,17.598880001608443,726750
2006-08-16,17.77508544921875,17.77508544921875,17.594471682834055,17.731032604053233,779250
2006-08-17,17.810331344604492,17.8631940148346,17.66055440912526,17.731036709086595,1034400
2006-08-18,17.52840232849121,17.78390594094026,17.39184007460199,17.78390594094026,862950
2006-08-21,17.299331665039062,17.48875661560163,17.21122718342228,17.418273030308203,643350
2006-08-22,17.220035552978516,17.286114223719494,17.083473302872708,17.21563064435467,861900
2006-08-23,17.061445236206055,17.211223452661134,16.946910065104216,17.162765683189285,1623000
2006-08-24,16.894041061401367,17.15394818324753,16.84558331007515,17.136327297342103,489000
2006-08-25,16.849992752075195,16.955718095966457,16.695809643814062,16.872018550299497,759000
2006-08-28,17.017391204833984,17.092280938085704,16.933692916454426,16.933692916454426,836100
2006-08-29,16.946910858154297,17.09668782127271,16.8852371013321,17.048230049533224,797250
2006-08-30,16.982149124145508,17.101089184194684,16.82355985672238,16.894044675769017,1033050
2006-08-31,17.083478927612305,17.14955762010971,17.0041855048924,17.026211315609462,537900
2006-09-01,17.30372428894043,17.36099184624672,17.09227368318334,17.162757218435704,559500
2006-09-05,17.19800567626953,17.40505145670262,17.175979878021153,17.325756818524738,685800
2006-09-06,16.95131492614746,17.105498050214614,16.91166697286461,17.092282065786996,604050
2006-09-07,16.80594253540039,16.99096254644846,16.726649145198156,16.951315851347346,512550
2006-09-08,16.761890411376953,16.880831753331485,16.7442695185076,16.78391621237722,478800
2006-09-11,16.739864349365234,16.788323383080943,16.669382034025862,16.68259801955326,1646100
2006-09-12,16.69581413269043,16.814755491633335,16.66057234191815,16.71783993683664,1057500
2006-09-13,16.735458374023438,16.77069889661957,16.572464182658848,16.66056864001312,850500
2006-09-14,16.722240447998047,16.788319098424925,16.594488054413972,16.67378268699531,634950
2006-09-15,16.691410064697266,16.89405100201807,16.68260024673336,16.832377234887073,1551600
2006-09-18,16.81475067138672,16.85880226705097,16.54603240886741,16.647351583033384,1835400
2006-09-19,17.035009384155273,17.043819197574354,16.722238321563083,16.84998943855663,998550
2006-09-20,17.193599700927734,17.277299241488258,17.074658381220193,17.127521049940718,989100
2006-09-21,17.18478775024414,17.391833507268323,17.1715730289965,17.19359882475461,1045500
2006-09-22,17.189191818237305,17.28610733139465,17.118709527321023,17.18038200450226,547800
2006-09-25,17.330158233642578,17.365400005313106,17.09227564469392,17.21562184554077,649950
2006-09-26,17.35219383239746,17.48434992067703,17.18919960104662,17.259684444567174,680850
2006-09-27,17.532806396484375,17.576859262868297,17.383029423539774,17.383029423539774,941100
2006-09-28,17.811458587646484,17.837997251384643,17.56377029811164,17.57703962998072,761250
2006-09-29,17.7849178314209,18.063567420894834,17.745111108762593,17.807032536738525,1088100
2006-10-02,17.674339294433594,17.793760711087774,17.630109890003286,17.75837668137044,531600
2006-10-03,17.736265182495117,17.820302584609927,17.692035770076554,17.692035770076554,565500
2006-10-04,17.939720153808594,17.966257542449874,17.634531959121457,17.692031954470806,537000
2006-10-05,18.178560256958008,18.187406896084813,17.891065364974256,17.975101476799765,554100
2006-10-06,18.112213134765625,18.32894121986475,18.05471441503553,18.112213134765625,607500
2006-10-09,18.222787857055664,18.30682395474815,17.99279172906243,18.081250512858233,447900
2006-10-10,18.178560256958008,18.29798165985817,18.03702415438969,18.200674956626163,708750
2006-10-11,18.293560028076172,18.43067345170527,18.134330638070825,18.134330638070825,1752450
2006-10-12,18.514711380004883,18.519134067237545,18.35548325073486,18.37759795233086,455550
2006-10-13,18.59432601928711,18.62971005031133,18.43952056719795,18.48375123869461,679950
2006-10-16,18.439516067504883,18.5810521570635,18.3554799634038,18.55451477298749,845100
2006-10-17,18.253753662109375,18.466057846981197,18.178562912992128,18.37759903538403,695550
2006-10-18,18.156448364257812,18.386444566488503,17.9662588806704,18.253753817100566,1067550
2006-10-19,18.085683822631836,18.125490549023976,17.96626237802241,18.085683822631836,416400
2006-10-20,18.222787857055664,18.244902553004614,18.03702112096033,18.04586775859933,347850
2006-10-23,18.417402267456055,18.421824954112193,18.174136785313333,18.20509812277132,328800
2006-10-24,18.271442413330078,18.439515885303972,18.08567566490373,18.35105583020391,729750
2006-10-25,18.262598037719727,18.34221272988974,18.134329992858735,18.21836737197358,456150
2006-10-26,18.51028823852539,18.541249581376235,18.284714729149265,18.33779077456525,420900
2006-10-27,18.3156795501709,18.457215698158087,18.28914215513979,18.457215698158087,582600
2006-10-30,18.22721290588379,18.824318631932577,18.13432889307974,18.79777998100784,1506750
2006-10-31,18.13875389099121,18.271444622400214,18.045871138264467,18.16971523037766,827550
2006-11-01,18.364328384399414,18.47932584353686,18.085678845472472,18.134330935259186,1105200
2006-11-02,18.48817253112793,18.510287232491137,18.143177621958124,18.297983062365926,752250
2006-11-03,18.501445770263672,18.523560476303054,18.36433231504023,18.48817644046687,466650
2006-11-06,18.642976760864258,18.70047548684771,18.514709982768064,18.53240073036366,597450
2006-11-07,18.55893898010254,18.74912843238871,18.523554954813605,18.642976356521903,518700
2006-11-08,18.700469970703125,18.744699357510793,18.435089853560473,18.49258856258333,432450
2006-11-09,18.749135971069336,18.837596069859845,18.656253183697572,18.735866639892492,618150
2006-11-10,18.939329147338867,18.94817452620491,18.598756752330022,18.731447558787142,995850
2006-11-13,18.912782669067383,19.014512076613418,18.797783933269084,18.948166700784892,966600
2006-11-14,18.83757972717285,18.970269127526368,18.740274335637867,18.952578388549075,686400
2006-11-15,18.926048278808594,18.939317604453755,18.788934866484524,18.806626878867224,541200
2006-11-16,19.01451873779297,19.01451873779297,18.806637162269187,19.01451873779297,829650
2006-11-17,19.07201385498047,19.116243266033695,18.890669726450092,19.01893780245685,776400
2006-11-20,18.784515380859375,19.12508762633848,18.766823365461736,19.080856955128006,665400
2006-11-21,18.620866775512695,18.79778568515566,18.558944081519687,18.771248291610732,1201050
2006-11-22,18.49701499938965,18.629705717586884,18.439516278706,18.616436392680665,752550
2006-11-24,18.598752975463867,18.65625298814981,18.42183277973726,18.43067942224012,112200
2006-11-27,18.275863647460938,18.532397154149816,18.262594323892245,18.532397154149816,666600
2006-11-28,18.443937301635742,18.452783939252786,18.18298110613456,18.27586384123553,913800
2006-11-29,18.629711151123047,18.629711151123047,18.448368297766727,18.50586703522044,478800
2006-11-30,18.346635818481445,18.66066937622633,18.320097165366253,18.603170648386918,957150
2006-12-01,18.30681800842285,18.470469995412646,18.006053938739697,18.37316334015212,880650
2006-12-04,18.563365936279297,18.57663526517259,18.25375501107766,18.280293668864246,452700
2006-12-05,18.49701499938965,18.585475056376982,18.364325546624887,18.567784310411987,549600
2006-12-06,18.567787170410156,18.598747246050152,18.452788445897124,18.452788445897124,435150
2006-12-07,18.585477828979492,18.625285809636747,18.474903057607776,18.625285809636747,463050
2006-12-08,18.505859375,18.550088765369278,18.26701661762247,18.523551384234175,1006350
2006-12-11,18.390865325927734,18.61643881697852,18.328943910689212,18.532401435538794,596700
2006-12-12,18.620866775512695,18.961437796175524,18.554521393501016,18.943745778667935,1361700
2006-12-13,18.351058959960938,18.527979100334633,18.006064053515892,18.006064053515892,1360500
2006-12-14,18.293560028076172,18.488172180331695,18.160869291549265,18.187407945027704,1208400
2006-12-15,18.178560256958008,18.426248436452564,18.143176231315927,18.1829842092377,1700100
2006-12-18,18.11664390563965,18.386446860171137,18.081258604680198,18.182989288610106,883500
2006-12-19,18.12548065185547,18.178556679874557,17.917599225755954,18.05028992851984,1094550
2006-12-20,17.961837768554688,18.182988615120582,17.913184405149586,18.085681888310383,923550
2006-12-21,17.98837661743164,18.200680839910458,17.94414720379838,18.006068635971545,1207050
2006-12-22,17.833574295043945,18.085686552931225,17.824728916925025,17.992803755516547,879300
2006-12-26,18.0104923248291,18.06799106787999,17.762802803479882,17.860109536734893,406350
2006-12-27,18.222787857055664,18.36874662192405,18.00605978737238,18.134326542395133,828150
2006-12-28,18.116228103637695,18.200593126143886,18.009662160587634,18.19171199570659,736500
2006-12-29,18.058504104614258,18.196152099963406,18.036303183857825,18.107347146571417,655350
2007-01-03,18.205028533935547,18.320475586801145,18.08514282219353,18.08514282219353,887250
2007-01-04,18.37375831604004,18.418161418999986,18.08514259308141,18.160626470710714,1243200
2007-01-05,18.32935333251953,18.431478038076143,18.28939016561569,18.338233189365415,1060950
2007-01-08,18.302719116210938,18.33824109964862,18.178392174179052,18.27163706311138,1162200
2007-01-09,18.41372299194336,18.70233873844629,18.32047684923057,18.373759814909544,991050
2007-01-10,18.48476791381836,18.5469320164866,18.33380012796622,18.3604422492144,665250
2007-01-11,18.640178680419922,18.71566257541097,18.50697061126744,18.595775567246996,507000
2007-01-12,18.591333389282227,18.626855367379317,18.449245476893864,18.595773318952826,1005300
2007-01-16,18.83997917175293,18.893262116091492,18.626847394398684,18.626847394398684,701100
2007-01-17,18.986513137817383,19.048677228317906,18.791142278248042,18.808903265481618,835650
2007-01-18,18.760072708129883,18.995405611939766,18.73787050805277,18.99096440970428,597750
2007-01-19,18.791141510009766,18.817782354587965,18.649053617950134,18.76006073639619,425850
2007-01-22,18.86663055419922,18.91103239446044,18.69346058237476,18.81334758366602,504150
2007-01-23,19.0042781829834,19.048681295731622,18.848869193914037,18.871070115105006,529650
2007-01-24,18.96875,19.04867506867259,18.86218408868046,18.999832041726332,411000
2007-01-25,18.83997917175293,18.990946878862722,18.728973355305662,18.96874596964639,916350
2007-01-26,18.87551498413086,18.946558962042534,18.791149942769117,18.853314058625095,716100
2007-01-29,18.982074737548828,19.12416264686219,18.831105698720325,18.835546898660954,689250
2007-01-30,19.221847534179688,19.270689297219224,18.9598726499491,19.02647667092343,651450
2007-01-31,19.204084396362305,19.29289060050322,19.066437701785638,19.230726511677776,652200
2007-02-01,19.204084396362305,19.31509151635546,19.093079817101106,19.248487498432763,758850
2007-02-02,19.523775100708008,19.648101954962932,19.368366215297996,19.581497965449294,1011450
2007-02-05,19.448305130004883,19.510467966292747,19.186330182642504,19.48826704407325,1452300
2007-02-06,19.501585006713867,19.581508822150557,19.41721999124592,19.43942090993765,1177050
2007-02-07,19.683635711669922,19.759120871201635,19.49714468332231,19.55930878289358,1373100
2007-02-08,19.301774978637695,19.670315857697222,19.12860499963347,19.66587592756026,1945050
2007-02-09,19.11528968811035,19.346182624094226,18.933238535809675,19.257377648715813,1191150
2007-02-12,19.039806365966797,19.20409526887205,18.968762378724882,19.159693412029203,677550
2007-02-13,19.257375717163086,19.337299551803852,19.093086846783162,19.093086846783162,576300
2007-02-14,19.355052947998047,19.634788800173805,19.177443084769937,19.261808087394776,1480650
2007-02-15,19.288454055786133,19.426103324312685,19.23961228319776,19.35505808978191,1142250
2007-02-16,19.412782669067383,19.492706495239286,19.29289565944322,19.29289565944322,1493700
2007-02-20,19.297332763671875,19.448301803750095,19.297332763671875,19.42165968535024,1139250
2007-02-21,19.31509017944336,19.40833503586152,19.257367294076488,19.297329193917715,1126650
2007-02-22,19.035356521606445,19.359495497375843,18.973193700324696,19.297331405728055,952500
2007-02-23,19.128599166870117,19.164121137866864,19.013153396313637,19.057555224876626,1061400
2007-02-26,19.141925811767578,19.31065585844313,19.097522699875917,19.199649984263367,711150
2007-02-27,18.569128036499023,18.959870999360692,18.422600219404604,18.924349027315625,1189350
2007-02-28,18.689014434814453,18.79558034767138,18.382637752942262,18.560247607703804,864000
2007-03-01,18.56468963623047,18.715658665035996,18.284953765750192,18.51584660305521,632700
2007-03-02,18.458120346069336,18.649051244314432,18.43147823451616,18.542485338833327,692100
2007-03-05,18.271635055541992,18.49364806281731,18.227233216306644,18.347120214827992,1030050
2007-03-06,18.378210067749023,18.467016330797115,18.16951928772316,18.32936827454944,1081650
2007-03-07,18.387081146240234,18.524729127207735,18.316037190949412,18.347119238980678,1003200
2007-03-08,18.200592041015625,18.582452678995164,18.07182391473267,18.49364773174804,1440900
2007-03-09,18.227231979370117,18.453684901128184,18.147308166023805,18.298275933618445,952950
2007-03-12,18.205028533935547,18.355997561472712,18.15618677153666,18.258312766308915,854550
2007-03-13,17.783205032348633,18.213908633305767,17.774323903999708,18.133984829995185,1437750
2007-03-14,17.72104263305664,18.022979429460555,17.46350767152909,17.836489690394114,2041500
2007-03-15,17.938613891601562,18.040739887328563,17.73880309979754,17.73880309979754,2879250
2007-03-16,17.974140167236328,17.98302002730128,17.74768722081879,17.92529712578034,1084950
2007-03-19,18.249433517456055,18.25609404718887,17.903093593546455,18.009660798905383,1028800
2007-03-20,18.082921981811523,18.302714355963438,18.036299549471117,18.19614843336651,1313800
2007-03-21,18.43592643737793,18.455906758267773,18.062945626494262,18.122887859530067,1423800
2007-03-22,18.549150466918945,19.002056312717386,18.36931998043437,18.995395783177276,1154500
2007-03-23,18.83554458618164,18.87550648817829,18.489204714568142,18.582449576015637,1159900
2007-03-26,18.7423038482666,18.895493512344878,18.615757577130466,18.895493512344878,952400
2007-03-27,18.389307022094727,18.722325975654623,18.38264649057955,18.655721930869344,895500
2007-03-28,18.55581283569336,18.642397187564693,18.349340210582984,18.36266127098357,1296300
2007-03-29,18.4830265045166,18.763477099041648,18.33612302371998,18.67667026518695,947300
2007-03-30,18.576507568359375,18.629926662697834,18.3962176473627,18.469669379682458,824200
2007-04-02,18.609891891479492,18.770149145157127,18.556472806920283,18.62992325218205,1218300
2007-04-03,18.776838302612305,18.897030361995675,18.656644969616703,18.72341918501562,911700
2007-04-04,18.623254776000977,18.776835833304983,18.54312674694955,18.710061626687423,965900
2007-04-05,18.60322380065918,18.676674283247664,18.569836059835247,18.643287816035816,530100
2007-04-09,18.35615348815918,18.696700689261267,18.336120850349058,18.636604049442564,927700
2007-04-10,18.155841827392578,18.296066545549795,18.142486728440748,18.296066545549795,879300
2007-04-11,18.19589614868164,18.25599278830934,18.095735507172698,18.155832146800396,1337100
2007-04-12,18.33612060546875,18.33612060546875,18.06234759377833,18.129121778641967,812700
2007-04-13,18.362836837768555,18.65664258378423,18.23596597209623,18.362836837768555,1231200
2007-04-16,18.843603134155273,18.843603134155273,18.43628301539478,18.43628301539478,1427200
2007-04-17,18.99718475341797,19.05060384973248,18.7100566331231,18.823572371992892,1110400
2007-04-18,18.756803512573242,19.003866425621503,18.756803512573242,18.930415943326874,1099100
2007-04-19,18.44296646118164,19.34441381180934,18.369514704998434,19.34441381180934,854000
2007-04-20,18.44964599609375,18.696710227344507,18.282711083349604,18.529775314600357,807800
2007-04-23,18.42292594909668,18.483022583288925,18.162508050004636,18.449634856731265,890800
2007-04-24,18.489704132080078,18.69670298711179,18.369510837670756,18.46299394505053,883100
2007-04-25,18.6165714263916,18.690023158141948,18.369508594595878,18.529765876368913,730400
2007-04-26,18.589859008789062,18.66331072668089,18.356150039360777,18.576503919424837,498100
2007-04-27,19.070636749267578,19.26428178499568,18.58986484375408,18.863637893595186,1761100
2007-04-30,18.649953842163086,19.130725550495722,18.649953842163086,19.130725550495722,1416700
2007-05-01,18.60322380065918,18.77015868394259,18.569836059835247,18.68335183141245,1501400
2007-05-02,18.98383140563965,19.204185357390017,18.59654260336288,18.66999307153845,1863600
2007-05-03,19.057283401489258,19.17079787869316,18.957121470948643,18.983831658722632,963900
2007-05-04,19.08399200439453,19.14408865229399,18.977153802264784,19.063959363890767,850500
2007-05-07,19.277637481689453,19.424539694567294,19.170798003509734,19.170798003509734,697300
2007-05-08,19.217544555664062,19.264286120016823,18.97715791200746,19.264286120016823,459800
2007-05-09,19.177471160888672,19.237567796403816,19.03056898163586,19.14408470720762,535400
2007-05-10,19.10402488708496,19.230894457715,19.017218050746674,19.05060578534288,1303700
2007-05-11,19.13072967529297,19.26427803765219,18.96379485914973,19.12405212981385,1145000
2007-05-14,19.110698699951172,19.217536882560143,18.983827880498666,19.09734360872215,749400
2007-05-15,18.943763732910156,19.11737482308915,18.836924277521533,19.04392436912468,529600
2007-05-16,19.404508590698242,19.55808963634055,18.977155738574847,19.04392994012212,993700
2007-05-17,19.170785903930664,19.337720652409104,19.01052869822469,19.337720652409104,814500
2007-05-18,19.37779998779297,19.41118645230084,19.197510022781707,19.24425158253752,558200
2007-05-21,19.578123092651367,19.6983164135288,19.351091547352237,19.42454330424669,581900
2007-05-22,19.591474533081055,19.6448936353232,19.34441038920373,19.538055430838913,583100
2007-05-23,19.551410675048828,19.684957794874524,19.49131402536311,19.631538692221874,560700
2007-05-24,19.164125442504883,19.71834921366632,19.124060152821812,19.604833440121826,696900
2007-05-25,19.638216018676758,19.718345308561652,19.224218296171728,19.230894569517936,950800
2007-05-29,20.085603713989258,20.139022821994068,19.70499241025347,19.70499241025347,1217500
2007-05-30,20.31930923461914,20.359373240211276,19.831859800144194,20.032181101716652,1608100
2007-05-31,20.21915626525879,20.3927687202639,20.065575183853948,20.339348327697166,1338800
2007-06-01,20.31930923461914,20.366050786745262,20.165729485172808,20.21914858383291,762500
2007-06-04,20.69992446899414,20.69992446899414,20.239183858072906,20.29928051487185,977900
2007-06-05,20.492921829223633,20.699920679406397,20.459534096218807,20.699920679406397,778100
2007-06-06,20.46621322631836,20.65985827189356,20.399439028754088,20.45285813208313,892400
2007-06-07,20.11231231689453,20.579729156630236,20.11231231689453,20.399439203743714,1056600
2007-06-08,20.172405242919922,20.27924471112338,19.95205130737304,20.05221322921305,754400
2007-06-11,20.21915626525879,20.3927687202639,20.078930281995632,20.11231802734984,658000
2007-06-12,20.045534133911133,20.28591941636181,20.025501496368726,20.112308318774183,675900
2007-06-13,20.426145553588867,20.47288710141672,20.06556571558257,20.08559835334236,785200
2007-06-14,20.359376907348633,20.573053340476523,20.312635346803404,20.479570219386073,611200
2007-06-15,20.36606216430664,20.4862555218412,20.292610385010523,20.42615884307392,990100
2007-06-18,20.51295280456543,20.553018083407824,20.30595395832678,20.466211252861065,861600
2007-06-19,20.63982391357422,20.760017204469,20.43950261115743,20.43950261115743,660800
2007-06-20,20.50628089904785,20.726636172462012,20.452861786174996,20.653184414657293,551300
2007-06-21,20.53299331665039,20.566379788208174,20.232509978181337,20.466219099922576,583700
2007-06-22,20.2925968170166,20.5062731881602,20.23250017843101,20.466209186973682,1135600
2007-06-25,20.2258358001709,20.499608970894094,20.118996278159823,20.31264139939019,558900
2007-06-26,20.032184600830078,20.352699248776478,19.905313741746795,20.299280140785413,1041200
2007-06-27,20.118986129760742,20.192437866089037,19.851890643492055,19.88527837528298,994500
2007-06-28,20.37162208557129,20.519049117899165,20.130380058568065,20.137080125354917,766800
2007-06-29,20.532451629638672,20.57265970141905,20.33141638334049,20.411829970599392,1000400
2007-07-02,20.92781639099121,20.92781639099121,20.472135259350768,20.606159572709927,903600
2007-07-03,21.081947326660156,21.155660840354333,20.90101613200752,20.941222922135793,557800
2007-07-05,21.06185531616211,21.102062126803386,20.840715940407893,21.04175127176574,703800
2007-07-06,20.89431381225586,20.99483142196127,20.532448883535483,20.974727388759888,1116600
2007-07-09,20.653078079223633,20.90102280011047,20.639675385521375,20.87421741270596,813400
2007-07-10,20.43193244934082,20.639669025103814,20.37162162441756,20.53915140961532,762000
2007-07-11,20.74688720703125,20.74688720703125,20.344816760161493,20.438633027344334,1040000
2007-07-12,20.94792366027832,20.94792366027832,20.7200830592308,20.854107393311967,538000
2007-07-13,21.59794044494629,21.685056652417927,21.04844293252843,21.04844293252843,1145000
2007-07-16,21.26958465576172,21.577840172706626,21.222676513175784,21.577840172706626,675600
2007-07-17,21.26288604736328,21.477324028592413,21.22267924542062,21.32319688935287,616700
2007-07-18,20.733484268188477,21.041738425159046,20.271101754581935,21.008232983105962,1582400
2007-07-19,20.887617111206055,21.088652375307333,20.8139035845651,20.840708968125824,706800
2007-07-20,20.452035903930664,20.96802793446878,20.391725080717077,20.847406288041604,1612500
2007-07-23,20.653078079223633,20.847413303452672,20.472145548696847,20.49895093610136,860100
2007-07-24,20.411832809448242,20.7334910376724,20.378327356455628,20.512351724728287,812000
2007-07-25,20.358224868774414,20.726791270528153,20.17729361941839,20.47884655377923,874500
2007-07-26,19.889137268066406,20.539152406033683,19.33963975046404,19.33963975046404,1233500
2007-07-27,20.968029022216797,21.175765602867582,19.909239527830103,20.606164064162986,2618500
2007-07-30,21.363399505615234,21.43711302652693,20.907719523859228,21.195869705834795,1881300
2007-07-31,21.410314559936523,22.288169305867385,21.363405130001272,21.363405130001272,2782400
2007-08-01,22.006717681884766,22.234558343731102,21.705163488808402,21.906198765425234,3169100
2007-08-02,21.979909896850586,22.24795860727516,21.67835573669843,22.154142325517146,1122400
2007-08-03,21.276287078857422,22.093833416124703,21.262884386539678,22.040222646853717,1479700
2007-08-06,21.390214920043945,21.510835358815363,21.008247001888943,21.356709455632696,1595100
2007-08-07,21.195873260498047,21.443817968141186,20.894320337211752,21.256184100785536,1566000
2007-08-08,20.291221618652344,21.276296954522397,19.641204799190014,21.21598608924957,2533500
2007-08-09,18.95096778869629,20.170584293456074,18.71642585820771,20.070066688432593,3586400
2007-08-10,20.09017562866211,20.532454249471268,18.930869585576016,19.017984529247055,2883400
2007-08-13,20.653078079223633,20.84071195660154,19.92934923526772,20.09017772524112,1986300
2007-08-14,20.20409393310547,21.014938842134356,20.13708175645128,21.00823749665384,1532500
2007-08-15,19.694814682006836,20.385038331789147,19.634503815610724,20.204105732600816,1103400
2007-08-16,19.299442291259766,20.271116138063963,18.9509811009428,19.527283037708315,2855700
2007-08-17,19.97625160217285,20.204092216548997,19.346340518333722,19.869032639895945,2009000
2007-08-20,20.09017562866211,20.257705448003488,19.86903631825753,20.063371522206054,1146400
2007-08-21,20.083467483520508,20.23759583653131,19.84892683836405,20.17058367585061,991200
2007-08-22,20.331424713134766,20.431942377465994,20.08347994817639,20.318022017050215,822200
2007-08-23,20.445343017578125,20.679885062866536,20.09017927596132,20.4051362115191,850900
2007-08-24,20.338115692138672,20.599461741787366,20.090171053590606,20.385023826367842,904800
2007-08-27,20.277807235717773,20.371623515127435,20.103576089563443,20.197392368973105,638300
2007-08-28,19.982954025268555,20.264404135968853,19.97625267999582,20.170587858452393,771600
2007-08-29,20.53915786743164,20.56596325500369,20.07007508828181,20.18399542916057,618100
2007-08-30,20.51905059814453,20.666476362956853,20.049966643872047,20.331416760805347,911100
2007-08-31,20.834003448486328,20.880911582169286,20.545852023690127,20.740187181120415,657900
2007-09-04,20.98813247680664,21.135559514168314,20.679878268052057,20.813901336929785,705700
2007-09-05,20.961334228515625,20.988138338516844,20.632975892555322,20.85411523220823,707500
2007-09-06,21.162363052368164,21.162363052368164,20.766992645142643,20.974729227161706,813200
2007-09-07,20.974729537963867,21.142259330689303,20.840706470674053,20.86080922778454,1023500
2007-09-10,20.99483299255371,21.262880397870617,20.813900514658233,21.07524785322421,702000
2007-09-11,20.90772819519043,21.148970337785084,20.7804051366687,21.128867571490552,900200
2007-09-12,21.041746139526367,21.2159773140109,20.8943203510323,20.8943203510323,946100
2007-09-13,20.921117782592773,21.215970543639617,20.787094729862932,21.215970543639617,562200
2007-09-14,20.921117782592773,21.00823398111038,20.67987577641876,20.82730151786681,582700
2007-09-17,21.021636962890625,21.122154573377003,20.90771666349919,20.90771666349919,864600
2007-09-18,21.383499145507812,21.450510029122526,20.981427453066146,21.142255874412676,954700
2007-09-19,21.812379837036133,22.006715022008073,21.53093099505078,21.53093099505078,948800
2007-09-20,21.658254623413086,21.839187133249098,21.55103564235865,21.832487065315387,556000
2007-09-21,21.678356170654297,21.95980757786437,21.5644371280397,21.832485843830057,1099900
2007-09-24,21.55103874206543,21.879398356692878,21.510830659773543,21.711868514930458,667100
2007-09-25,21.591238021850586,21.691754352147143,21.22937309765945,21.49742175771988,552000
2007-09-26,22.000017166137695,22.046925311183866,21.624749449466133,21.705163047216402,543500
2007-09-27,22.033693313598633,22.148207886363085,21.730569526407823,22.148207886363085,698000
2007-09-28,22.033693313598633,22.188622678249974,21.851819041284145,22.00674840593549,484500
2007-10-01,22.559112548828125,22.6466796591272,21.966337328053356,22.006752126773463,967700
2007-10-02,22.49174690246582,22.61973393154869,22.303137684374697,22.485011960223083,830700
2007-10-03,22.404172897338867,22.538894842577037,22.363758112492583,22.410910407884835,710400
2007-10-04,22.323345184326172,22.62646897881379,22.289665333740412,22.54563682348639,585900
2007-10-05,22.58605194091797,22.646676700686697,22.41765011596127,22.552372089848213,718100
2007-10-08,22.579315185546875,22.767924392079514,22.410913374111953,22.599522580644592,720300
2007-10-09,22.680368423461914,22.781410599168144,22.49175910306017,22.633216093361476,522800
2007-10-10,22.34356117248535,22.75446218861516,22.316618823421383,22.59953276065962,924800
2007-10-11,22.54563331604004,22.788132313904324,22.39070397176174,22.410911365047937,705700
2007-10-12,22.700571060180664,22.734250917989332,22.417654601449296,22.5591141156192,525300
2007-10-15,22.87570571899414,22.87570571899414,22.485014779727916,22.66015156568694,796000
2007-10-16,22.390708923339844,22.9093843095092,22.30313925038832,22.9093843095092,510100
2007-10-17,22.525432586669922,22.62647473373461,22.255991143844984,22.478280269935343,1027100
2007-10-18,22.390708923339844,22.633205405223364,22.330084160466953,22.485013539007,404600
2007-10-19,22.141477584838867,22.882447369219282,22.074117863353678,22.39071420747313,1210400
2007-10-22,22.330087661743164,22.417654778816836,21.97307397124299,22.00675382931813,899500
2007-10-23,22.815078735351562,22.889175950150854,22.36376307373108,22.410915379583727,932500
2007-10-24,22.916122436523438,22.916122436523438,22.572581247826047,22.767927996723927,774200
2007-10-25,22.835289001464844,23.172092658892893,22.572579990200264,22.970008408749678,780700
2007-10-26,22.54563331604004,23.037366252994847,22.350286615581865,22.895909360776507,689100
2007-10-29,22.767925262451172,22.855494927235103,22.39744177705306,22.586050990795847,678500
2007-10-30,22.767925262451172,23.010424291324938,22.45133159218404,22.747717866580963,896700
2007-10-31,23.030637741088867,23.199039603228,22.63994675712249,22.828556020443603,992000
2007-11-01,23.023902893066406,23.401123990887278,22.767931342059082,22.767931342059082,1084900
2007-11-02,22.79486846923828,23.279866490798977,22.700563869403172,23.0777822687436,872500
2007-11-05,22.767925262451172,23.07104904854338,22.586050990795847,22.862229869322565,1024100
2007-11-06,22.572580337524414,22.74771968106234,21.777726057803147,22.74771968106234,1656500
2007-11-07,22.471538543701172,22.80160466122431,21.407239127184123,22.067372647034283,1183300
2007-11-08,23.4752140045166,23.576256130060056,22.38397086884406,22.586052550322975,1716400
2007-11-09,22.1077938079834,23.252926857646617,22.04043409843012,23.252926857646617,1062500
2007-11-12,22.377235412597656,22.633204337444507,22.033694249322668,22.13473637254659,1132800
2007-11-13,22.693830490112305,22.747720311034243,22.330084477321595,22.48501385806003,894000
2007-11-14,22.72751235961914,22.990218806196935,22.57258041304493,22.767927154718475,1118100
2007-11-15,22.51195526123047,22.747719363531612,22.208834024798694,22.747719363531612,925800
2007-11-16,22.86897087097168,22.875705814086942,22.289668117947386,22.53890212694335,1120500
2007-11-19,22.23578453063965,22.734255258036374,22.23578453063965,22.653423069942743,782500
2007-11-20,22.114534378051758,22.41092073851328,21.89897762454235,22.383975823123535,718800
2007-11-21,21.676687240600586,22.222310182389755,21.676687240600586,22.04717081211295,882400
2007-11-23,21.905715942382812,22.168422453055747,21.717106666947608,21.76425898580641,261500
2007-11-26,21.501554489135742,22.121273528081936,21.501554489135742,21.84509451684766,644100
2007-11-27,21.501554489135742,21.64301275221925,21.225375477901466,21.629540291962815,1027600
2007-11-28,22.2155704498291,22.262722759514322,21.434186014120666,21.501547007158443,825400
2007-11-29,22.000011444091797,22.29639769235289,21.96633159740879,22.040428801875958,690600
2007-11-30,22.34356117248535,22.505228114913542,22.040439831046918,22.141479421656772,1050100
2007-12-03,22.175151824951172,22.437860839216604,22.121264575343297,22.121264575343297,763100
2007-12-04,22.464811325073242,22.929602190717794,21.939398245240902,21.939398245240902,2254800
2007-12-05,22.303136825561523,22.720772607942173,22.006747986136478,22.700565212384202,1059000
2007-12-06,22.404172897338867,22.592784648515256,22.040426985685404,22.316605817100328,1642200
2007-12-07,22.26946258544922,22.680360959731864,22.14821304234666,22.35702970132785,1268200
2007-12-10,22.3637638092041,22.464803366664956,22.195361977161312,22.24924922721883,942600
2007-12-11,21.52849006652832,22.323346936872202,21.508282668512013,22.323346936872202,1620100
2007-12-12,21.89223861694336,22.128000158821052,21.59585231149596,21.979808290901396,1497600
2007-12-13,21.5891170501709,21.81140872964065,21.360090427205865,21.81140872964065,1274300
2007-12-14,21.299461364746094,21.690153510180973,21.184948083249466,21.690153510180973,1436700
2007-12-17,21.198421478271484,21.28599114762838,20.814465519040105,21.23883884173035,987000
2007-12-18,21.89223861694336,22.14147261401522,21.245576185271897,21.27925603845327,3038500
2007-12-19,21.16473960876465,21.838345566397855,21.158003382163812,21.737306021796922,1520100
2007-12-20,21.710363388061523,21.757515694399462,21.198421676042194,21.198421676042194,1329000
2007-12-21,21.946128845214844,22.053905919161288,21.764254551128694,21.986543641939676,1431600
2007-12-24,21.979812622070312,22.188629294707443,21.93266030440331,22.121269575071324,220800
2007-12-26,21.777727127075195,21.973071308078428,21.663212539968885,21.865294233535625,483700
2007-12-27,21.562171936035156,21.76425621352747,21.40724382580799,21.76425621352747,646900
2007-12-28,21.53508186340332,21.89400165973395,21.453818124923487,21.880457272766034,693400
2007-12-31,21.230331420898438,21.650196895997343,21.230331420898438,21.528301342740512,673900
2008-01-02,20.749523162841797,21.14230129897489,20.681803818965914,21.14230129897489,1345800
2008-01-03,20.641178131103516,20.91883167477997,20.54636998204253,20.790163841529818,1156600
2008-01-04,20.106185913085938,20.627631980077155,19.95042802078379,20.404154725176905,1406300
2008-01-07,20.4921875,20.817245019663623,19.875932134597136,20.031688701311317,1586000
2008-01-08,20.410924911499023,20.722439373788763,20.329661167711382,20.641174338337205,1325600
2008-01-09,20.44478416442871,20.614085123378388,19.97751315606174,20.41092319764049,1635900
2008-01-10,20.54637336730957,20.790167266964893,20.160367220631553,20.336440449086577,1803400
2008-01-11,20.465099334716797,20.661489065963522,20.248394315178206,20.417695273150706,1014500
2008-01-14,20.42446517944336,20.586993925898174,20.309340489246576,20.56667863988111,1190100
2008-01-15,20.65471649169922,20.803700866968253,20.18744549464738,20.424467089770125,1779600
2008-01-16,20.68180274963379,20.735978996931582,20.180670847549695,20.424464606221566,2151100
2008-01-17,19.950420379638672,21.155843430494787,19.862384466981062,20.722433475878454,1803600
2008-01-18,20.01814842224121,20.36352259211886,19.794671170163205,20.024920616748304,1644200
2008-01-22,19.36803436279297,19.801444502846977,18.487668401228134,19.19873336537636,2208200
2008-01-23,19.584735870361328,19.666000902671417,18.684054779605198,18.934619486872222,2268700
2008-01-24,19.605056762695312,19.740496790778202,19.307086634250318,19.645688641953765,1724200
2008-01-25,19.61859130859375,19.882701637794895,19.442518186347517,19.801436623041408,1473300
2008-01-28,20.085861206054688,20.085861206054688,19.476378147514534,19.57795844199397,1298500
2008-01-29,20.14681053161621,20.295794883993977,20.072317709595534,20.200986777177544,958600
2008-01-30,20.261940002441406,20.600541940121467,20.04523496899239,20.065550258588306,869100
2008-01-31,20.316120147705078,20.53282522261434,19.88270999788656,19.923341876516012,1377700
2008-02-01,20.465099334716797,20.641172486007854,20.261938701815318,20.30934276338141,1193100
2008-02-04,20.56668472290039,20.627631890641624,20.44478780408985,20.46510309611558,770300
2008-02-05,19.83530044555664,20.45832671800439,19.83530044555664,20.31611453624926,921800
2008-02-06,21.040721893310547,21.304830962404633,20.167129661565006,20.30934183979606,1732300
2008-02-07,20.54637336730957,20.979783596328485,20.282264170459214,20.90529202050609,1683400
2008-02-08,20.49895668029785,20.69534508519,20.349971036934594,20.424463858616225,1284800
2008-02-11,20.36351203918457,20.47863670281634,20.23484299355768,20.47863670281634,790000
2008-02-12,20.803691864013672,20.952677466471844,20.38382640101735,20.43123044119469,1464100
2008-02-13,21.22357177734375,21.270975846911735,20.878197609780397,20.993322332301513,1012700
2008-02-14,21.27096939086914,21.548622821207584,21.1897056653213,21.298058160494172,1132800
2008-02-15,21.11521339416504,21.25742556343443,20.79015590012328,21.142300872836685,845200
2008-02-19,20.803691864013672,21.3793151197311,20.78337658488808,21.3793151197311,856000
2008-02-20,21.00008773803711,21.02040431485449,20.49218494257506,20.68857335182198,1199000
2008-02-21,20.912052154541016,21.223566564953604,20.88496467501071,21.081353099512462,952900
2008-02-22,21.020408630371094,21.061040500684022,20.661490116225924,20.993319855719896,798600
2008-02-25,21.53508186340332,21.58248721779103,21.00009149480894,21.047495557532816,1268900
2008-02-26,21.52153205871582,21.555391723915957,21.345458958015566,21.507987675970394,1045200
2008-02-27,21.60956573486328,21.67051415926929,21.31836799418197,21.31836799418197,924000
2008-02-28,21.25742530822754,21.629888145884472,21.216793444876043,21.50121907166381,795500
2008-02-29,20.675037384033203,21.088130921705933,20.526051686022402,21.00686716975827,1170100
2008-03-03,20.735977172851562,20.88496151689889,20.593763728915178,20.6547121632217,921300
2008-03-04,20.715665817260742,20.85110710354986,20.33643202398057,20.566681435673775,896000
2008-03-05,20.85110092163086,20.86464401291346,20.53958657218896,20.55313095513501,1120000
2008-03-06,20.22808265686035,20.82402156753403,20.21453826779267,20.769845302927333,979400
2008-03-07,20.268718719482422,20.410930959078993,19.977520752692143,20.085873304288857,987600
2008-03-10,19.821746826171875,20.25515665439588,19.801430256100186,20.25515665439588,838600
2008-03-11,20.14681053161621,20.383832090320883,19.970737410625986,20.241618638432648,1014800
2008-03-12,20.30933952331543,20.465096069802076,20.126494207876185,20.14681078459063,783600
2008-03-13,20.37706756591797,20.46510351370861,19.875936782987687,20.031693386128705,1095600
2008-03-14,19.855615615844727,20.505731948819932,19.713403434931763,20.498959755681632,1083900
2008-03-17,19.88947868347168,20.119726816187786,19.300310734813667,19.61859609596773,922000
2008-03-18,20.200986862182617,20.316111545942835,19.89624467232804,20.180670285637785,913500
2008-03-19,19.814985275268555,20.50573352862654,19.814985275268555,20.22130785322407,843200
2008-03-20,19.991064071655273,20.038468148976662,19.605057965850555,19.740498002245346,974700
2008-03-24,19.943653106689453,20.268710631773725,19.923336526997765,20.052005615050877,871900
2008-03-25,20.180675506591797,20.228080864127342,19.916566401499068,19.943655177233666,1802000
2008-03-26,20.024917602539062,20.126497921527257,19.842072253362012,20.085866052264745,779800
2008-03-27,19.787899017333984,20.05200943701083,19.720179655448465,19.997833172504,1208000
2008-03-28,19.6993465423584,19.944567038902907,19.60398359335675,19.828768615448304,1092300
2008-03-31,19.917316436767578,19.97862155073755,19.699343275639905,19.787894385139577,1529900
2008-04-01,20.182971954345703,20.298770363703085,20.033115724268978,20.13529048564959,1181600
2008-04-02,20.291959762573242,20.407756872272266,20.17616135365164,20.230654646131065,1036100
2008-04-03,20.448619842529297,20.455431663835917,20.121660215143937,20.237457279690275,848100
2008-04-04,20.578048706054688,20.612107826087545,20.38732283076102,20.496309416420996,723400
2008-04-07,20.51674461364746,20.646165370371158,20.360075262039853,20.61891937393238,662000
2008-04-08,20.666606903076172,20.802840822891508,20.34645888049996,20.41457454118468,572400
2008-04-09,20.435012817382812,20.714291221949196,20.339649839986425,20.693855741411486,505400
2008-04-10,20.632549285888672,20.64617163863258,20.26471847812097,20.360081443443132,729900
2008-04-11,20.28514289855957,20.489492369779057,20.17615634067954,20.434999090839046,504900
2008-04-14,20.332826614379883,20.44181318436925,20.20340457530911,20.421377715287843,689200
2008-04-15,20.482683181762695,20.530364644564685,20.271521861115712,20.407754426375334,520300
2008-04-16,20.864145278930664,20.884580757278354,20.57805507817796,20.63936021399804,747600
2008-04-17,21.136606216430664,21.150228564985884,20.71428222987746,20.741529525433016,725900
2008-04-18,21.456754684448242,21.565741270971124,21.286462980603414,21.395449567126295,550000
2008-04-21,21.238779067993164,21.347765641977716,21.054863737185816,21.334141995424037,416400
2008-04-22,21.048049926757812,21.23877706283541,21.048049926757812,21.150224667819185,445000
2008-04-23,21.30008888244629,21.388640006157086,20.939069964376397,21.034432912868443,529000
2008-04-24,21.286457061767578,21.36819762854255,20.836887192560827,21.286457061767578,625600
2008-04-25,21.776906967163086,21.817776620462105,21.21153844950569,21.272843579065647,659900
2008-04-28,21.83820343017578,21.872261242512355,21.627040836177798,21.79733249630518,674100
2008-04-29,21.81096649169922,21.960824055231058,21.688356230345125,21.763285012111044,631500
2008-04-30,21.654298782348633,21.94720078979178,21.620239654027976,21.89270618447873,727100
2008-05-01,21.865449905395508,21.96762594918823,21.661100416254797,21.69515953059316,624200
2008-05-02,21.879077911376953,22.11067473814291,21.783714970669543,21.967630327081796,508500
2008-05-05,21.81096649169922,21.892705799786697,21.701979881434,21.872271622376267,688000
2008-05-06,21.83139991760254,21.879081395549363,21.518063748681787,21.661108182522263,696200
2008-05-07,21.83820343017578,22.083421238065817,21.804143019394687,21.851827074799314,883400
2008-05-08,21.93357276916504,21.93357276916504,21.742845586232054,21.91313599702087,435600
2008-05-09,21.79052734375,21.84502063970146,21.59298963313445,21.79052734375,374500
2008-05-12,22.035743713378906,22.069804130238076,21.633856519046088,21.81777055739416,365400
2008-05-13,22.246904373168945,22.246904373168945,21.892697376478186,22.192412388225236,495300
2008-05-14,22.389955520629883,22.57387089745742,22.04937206690012,22.233287443727658,550100
2008-05-15,22.601118087768555,22.60792861349408,22.3150266368314,22.424013237558523,342900
2008-05-16,22.458070755004883,22.750972693760268,22.287779051005014,22.744159570470966,495300
2008-05-19,22.32183837890625,22.53300104156046,22.17198083776808,22.47169592004442,439700
2008-05-20,22.137922286987305,22.34227181917813,21.981254225692826,22.206037931569153,357100
2008-05-21,22.01531219482422,22.349085091770192,21.967630723609837,22.131111909520076,666200
2008-05-22,22.240097045898438,22.35589415457459,22.015310754781016,22.015310754781016,612200
2008-05-23,22.097047805786133,22.301399903727223,21.85864048944801,22.137918745063324,678400
2008-05-27,22.308218002319336,22.478509742795058,22.05618695398008,22.103868433437622,473400
2008-05-28,22.34226417541504,22.41038239513748,22.124291069192015,22.355887819359527,471500
2008-05-29,22.383146286010742,22.51938019505021,22.069810114131943,22.274159678468305,566800
2008-05-30,22.430822372436523,22.478503839371708,22.23328338173644,22.321835791092525,801500
2008-06-02,22.335458755493164,22.47169262761806,22.171977589254286,22.376327098219143,463200
2008-06-03,22.35589599609375,22.505753535849557,22.240098877879056,22.34908547085273,452400
2008-06-04,22.512569427490234,22.764600496610885,22.17198591845575,22.32184349393363,520400
2008-06-05,23.329967498779297,23.34359114927819,22.46488518044174,22.587495436486158,1031700
2008-06-06,23.166481018066406,23.459382941008002,23.0302497409778,23.139236321715718,1103600
2008-06-09,23.207351684570312,23.329961911249562,22.948507583975783,23.268656797909937,866200
2008-06-10,23.05068016052246,23.23459547278729,22.92806995234591,23.084737974250476,926000
2008-06-11,22.34908676147461,23.1188034819812,22.328649987680684,23.05068783185609,1069700
2008-06-12,22.92807960510254,23.323157686320936,22.49894369581773,22.54662517479985,1029000
2008-06-13,23.057493209838867,23.459381692123426,22.805462242508014,23.02343539237982,1711500
2008-06-16,21.449941635131836,22.185601701750475,21.38863652131174,21.456753458803238,3639300
2008-06-17,21.96763801574707,21.994885322184377,21.415893052622398,21.55893751374902,2313700
2008-06-18,21.477191925048828,21.954007955541535,21.204724137084195,21.79733988691776,1904300
2008-06-19,21.46356773376465,21.5112492056875,20.952692593066665,21.456755909315287,1554300
2008-06-20,21.245594024658203,21.3682042632795,20.945880252386434,21.25240584893968,2146000
2008-06-23,21.1025447845459,21.4090703298437,20.864136171450102,21.300083758009464,4286700
2008-06-24,20.932262420654297,21.163859313692008,20.911828241354083,20.979943904652117,3062100
2008-06-25,21.613426208496094,21.954009670839454,21.21834944414671,21.245596744761123,2738100
2008-06-26,20.748342514038086,21.708789008866898,20.748342514038086,21.708789008866898,1921100
2008-06-27,20.33734703063965,20.857939422694518,20.28939795485415,20.857939422694518,2796900
2008-06-30,20.344202041625977,20.666146847844324,19.926357753958722,20.20720352899305,2995700
2008-07-01,19.93320083618164,20.17979624352369,19.837301388285223,20.17979624352369,4099900
2008-07-02,19.81675148010254,20.166096370663727,19.672902969158933,19.90579956286639,3404100
2008-07-03,19.967453002929688,22.680013371043106,19.83045582276126,22.680013371043106,2219300
2008-07-07,19.59756088256836,20.001705016241754,19.309865080741783,19.974304793918026,3547600
2008-07-08,19.974306106567383,20.05650547242594,19.385214353039085,19.398914465101278,2456200
2008-07-09,19.412614822387695,20.008555332960537,19.248217395108476,19.96060624665176,2861100
2008-07-10,19.481111526489258,19.563309576109802,18.693373467301114,19.357813145544004,2095200
2008-07-11,19.1112117767334,19.412607601221726,18.761866883772548,19.412607601221726,3075500
2008-07-14,21.755281448364258,22.68001816255247,21.08399159612958,22.61151759822484,13719400
2008-07-15,20.80314064025879,21.65937788364834,20.693541071111728,21.460730216055076,6061300
2008-07-16,21.529233932495117,21.529233932495117,20.82369382692375,20.830543883076633,2977100
2008-07-17,22.262168884277344,22.269017632662926,21.303183409026733,21.577179072453426,3720300
2008-07-18,22.227920532226562,22.399167989927804,21.892274365399448,22.330667439030005,4030100
2008-07-21,22.522470474243164,22.61151728709981,22.22107322140739,22.385471960502294,2112300
2008-07-22,22.18682098388672,22.748512455906972,21.995024660668758,22.09092282227774,2216600
2008-07-23,22.378612518310547,22.50876223523968,21.98816859357989,22.18681623613503,2255300
2008-07-24,22.59096336364746,22.74851070459458,22.378615584268964,22.378615584268964,2349100
2008-07-25,22.40601921081543,22.693716330273414,22.227922984887435,22.433419434197926,1593500
2008-07-28,21.953927993774414,22.378621043098292,21.584034089734736,22.269022752529892,3620200
2008-07-29,21.974472045898438,22.097767794733183,21.830623521553257,21.88542264832422,1904600
2008-07-30,22.159420013427734,22.33066747137703,21.91967461751025,22.11832229585836,1838200
2008-07-31,22.262168884277344,22.378615898033605,22.0018720241362,22.077221321521435,1455900
2008-08-01,22.26901626586914,22.358065667588765,21.782674156451026,21.851173394732054,2426300
2008-08-04,22.118324279785156,22.460819226404205,22.070375196300812,22.35806969720686,1218400
2008-08-05,23.097854614257812,23.138952325866374,22.090918871392667,22.26901505209618,1827300
2008-08-06,23.645843505859375,23.967789483986078,22.70740839818382,22.995102802700977,3402600
2008-08-07,23.488306045532227,23.817100908429325,23.04991289500276,23.426656845424688,1623500
2008-08-08,23.87874412536621,23.87874412536621,23.51570037849294,23.59789842036396,2361000
2008-08-11,24.008880615234375,24.18012798426319,23.68008598026235,24.18012798426319,5464900
2008-08-12,23.666397094726562,24.00889199512211,23.55679883112114,23.90614509282068,2542100
2008-08-13,23.412952423095703,23.76914744559151,23.111557840843318,23.666397926649502,1428100
2008-08-14,23.24855613708496,23.42665497339897,23.001961969389463,23.30335658303668,2355500
2008-08-15,22.707420349121094,23.481457195143044,22.707420349121094,23.44035946602693,1629500
2008-08-18,22.645767211914062,22.92661296859077,22.453968261553275,22.775914353242104,1304000
2008-08-19,22.33066177368164,22.775906095956724,22.262163853190785,22.61150742853923,1127700
2008-08-20,22.378612518310547,22.590960268596564,22.248465414409786,22.36491502360804,1525100
2008-08-21,22.460817337036133,22.638913544564076,22.23476943702839,22.241620798680728,1132800
2008-08-22,22.748506546020508,22.796455614368202,22.42656317469004,22.5361614184888,585300
2008-08-25,22.549861907958984,22.714260602009034,22.481363976371476,22.57041337785811,599800
2008-08-26,22.344369888305664,22.604666782908517,22.24162297074627,22.584117922002463,843800
2008-08-27,22.44712257385254,22.536172005343257,22.310124051489005,22.33067291528322,757400
2008-08-28,22.769062042236328,22.81701111906874,22.303268770411165,22.543014154573218,971600
2008-08-29,22.5156192779541,22.796465057337308,22.433421214313228,22.666317905486814,555900
2008-09-02,22.871801376342773,23.001951067277215,22.495057634589703,22.700553983452483,1468300
2008-09-03,22.7005672454834,23.221161087304644,22.42657282460376,22.830717012453395,1415500
2008-09-04,22.426578521728516,22.70057301221221,22.399178288771136,22.570425825209707,1214000
2008-09-05,22.66631507873535,22.823862436494604,22.02927428564893,22.36492047428665,1690500
2008-09-08,23.09100914001465,23.28965684019032,22.6046669331259,23.015659832152902,869400
2008-09-09,22.584117889404297,23.07046009235911,22.406019051711848,22.967710561918917,1182700
2008-09-10,22.453968048095703,22.659467108173633,21.96762584704001,22.645766996633164,1053800
2008-09-11,22.94716453552246,22.96086464880869,22.022429099451983,22.296423526088326,764700
2008-09-12,23.632143020629883,23.632143020629883,22.55670947482028,22.899204301206222,1131500
2008-09-15,22.440265655517578,23.28280544492366,22.2758695598009,23.173207176769598,1206300
2008-09-16,21.563480377197266,22.351219757681232,20.392148349267003,22.351219757681232,2481400
2008-09-17,19.775659561157227,21.323735630302714,19.652361166540512,21.323735630302714,2102100
2008-09-18,22.419708251953125,22.54300658326217,19.864697476320732,19.967445650240297,2303400
2008-09-19,21.810075759887695,25.015828295158496,21.063436758873156,23.022508042986285,2199600
2008-09-22,21.57718276977539,22.60466766357422,21.481284597772174,21.693631109999842,809900
2008-09-23,21.090829849243164,22.953999734747203,20.755183804452855,21.659371149836023,883400
2008-09-24,21.385379791259766,21.52237826557339,20.31679613376206,21.077135183825536,946200
2008-09-25,21.58402442932129,21.864870086518387,21.268928505079366,21.508675148336767,735100
2008-09-26,21.392227172851562,21.447026294427477,20.946984146733005,21.24152991514633,544200
2008-09-29,20.620349884033203,21.29574872746825,20.482512795183972,21.24750614072459,1215500
2008-09-30,20.661699295043945,20.971832069839238,20.213730753848832,20.90980551488018,1554600
2008-10-01,20.268857955932617,20.647907818893856,20.131020925122343,20.31020853937116,1383200
2008-10-02,19.352251052856445,20.255080063287544,19.13171278904229,20.255080063287544,2092100
2008-10-03,19.538326263427734,20.16548230149356,19.469407743028004,19.579676849863,1141600
2008-10-06,18.62860679626465,19.104141860282414,17.84293771119199,19.104141860282414,1800100
2008-10-07,17.40186882019043,19.00766497953247,17.298491644557068,19.00766497953247,1720800
2008-10-08,16.71268081665039,17.80158945233003,15.96836353801509,17.098622768476773,3113200
2008-10-09,15.837421417236328,17.291597636663333,15.561748542928637,16.719575929532894,1299600
2008-10-10,15.506620407104492,16.250938134065006,13.776770595059336,15.361892580937516,2430200
2008-10-13,16.88497543334961,17.13997359991184,15.334314424164441,16.023497094913406,3363900
2008-10-14,16.416336059570312,17.705108628916918,15.989043408319501,17.381191832681722,3066200
2008-10-15,14.900130271911621,16.33363020834758,14.90013027191162,16.16822520669081,1601900
2008-10-16,15.148236274719238,15.17580421522119,14.162704748474294,14.975940590117304,2632100
2008-10-17,15.327424049377441,16.106201285236235,14.707159843466531,14.824320962378396,1984500
2008-10-20,16.437009811401367,16.49214438204437,15.472154167892896,15.472154167892896,2494500
2008-10-21,15.72714614868164,16.437004674043077,15.630661008840619,16.2922756497701,2120200
2008-10-22,14.776081085205078,15.685802262319122,14.328112483082194,15.49972257213343,2491900
2008-10-23,14.238513946533203,15.189586773237544,13.673384363903022,14.872562059498886,1960800
2008-10-24,13.687165260314941,13.962838005261037,13.08068390692219,13.09446787279733,1955800
2008-10-27,12.701634407043457,13.59067919901414,12.680958457644557,13.59067919901414,2109400
2008-10-28,13.480413436889648,13.480413436889648,12.577584455030207,12.853257276073736,2190600
2008-10-29,13.983518600463867,14.59689082609183,13.397713001234578,13.452847568543701,2342400
2008-10-30,16.312955856323242,16.312955856323242,14.514188445913156,14.707160090453325,2747000
2008-10-31,16.333633422851562,16.643764904341506,15.506613509854553,16.38187601011587,2466200
2008-11-03,16.492137908935547,16.82294520295281,16.31984227898764,16.478353943056995,1764100
2008-11-04,16.88497543334961,16.95389396332683,16.629977266787378,16.726463734560138,1052800
2008-11-05,16.616195678710938,16.96078703619885,16.416332060402326,16.733356792837295,1442800
2008-11-06,16.05796241760254,16.719578741735614,15.947693249332389,16.50593239252622,2702700
2008-11-07,16.5128116607666,16.588622154535855,16.07173529231553,16.15443776865574,1418800
2008-11-10,16.643766403198242,16.94011525395177,16.443904050174346,16.83673808414548,1249000
2008-11-11,16.878087997436523,17.133086232719133,16.113094606100674,16.45079536254607,1510700
2008-11-12,16.878087997436523,17.45010971573386,16.381876813995742,16.643765721072604,3749400
2008-11-13,17.74645233154297,17.74645233154297,16.27160195647784,16.926324651847274,3008700
2008-11-14,17.022817611694336,17.746459107759325,16.864304550731816,17.470786219473233,1697200
2008-11-17,16.106201171875,17.064164757433673,15.961472113291112,16.83673450638335,2431100
2008-11-18,16.292278289794922,16.636869633078312,15.802959213298104,16.13376658736736,2563200
2008-11-19,15.34809684753418,16.795380573270247,15.306744945004942,16.26470965474844,1944900
2008-11-20,14.162705421447754,15.306748716405501,13.907708532246712,15.162020965428447,3479900
2008-11-21,14.562433242797852,14.741620944008652,13.625145447749341,14.438381432278362,2371700
2008-11-24,15.740933418273926,15.975255648060887,14.514187704360516,14.83810442380752,2493200
2008-11-25,16.09241485595703,16.25092654717244,15.25850318065101,15.830524717459644,2683000
2008-11-26,15.55485725402832,16.037285791576377,14.286760660856528,14.286760660856528,1683900
2008-11-28,16.540386199951172,16.540386199951172,15.534180003753136,15.575530601189712,1128500
2008-12-01,15.079319953918457,16.38876840092916,15.058645310015558,16.278499251740545,2318700
2008-12-02,15.148236274719238,15.630664717409356,14.913914038499668,15.237830766838828,3020200
2008-12-03,15.182697296142578,16.35430724728845,14.996617627859555,15.25161452334798,9232400
2008-12-04,14.900130271911621,15.672014145255476,14.90013027191162,15.017291381286698,31099500
2008-12-05,15.575533866882324,15.69958699971383,14.590002105512108,14.955269517236864,4911600
2008-12-08,16.19579315185547,16.54038449551197,15.816743199637983,16.037281449256277,3896400
2008-12-09,16.361194610595703,16.49213967141309,15.816741045321692,16.202682929586565,4654100
2008-12-10,16.4232234954834,16.712680278663395,16.257819807167923,16.354304963390703,5173900
2008-12-11,15.56174373626709,16.27160231854851,15.348097488982992,16.10619864505325,2764100
2008-12-12,16.4232234954834,16.4232234954834,15.141343267898886,15.244721723293765,4478700
2008-12-15,16.09930992126465,16.809167332787,15.706475952847075,16.588629056799014,3026200
2008-12-16,16.147552490234375,16.437009305835044,15.69269196779215,16.25782162812874,4042100
2008-12-17,15.616880416870117,16.064848924458513,15.313639650320795,15.796068082807821,3258400
2008-12-18,15.678903579711914,16.209574477892602,15.423905448601896,15.637552993279176,3584400
2008-12-19,16.20269012451172,16.402552481814592,15.768504161712686,15.796072108657668,3405300
2008-12-22,16.14065933227539,16.216469852012498,15.809851942623549,16.18890191228565,2306300
2008-12-23,15.658228874206543,16.437005981926173,15.589311662842933,16.437005981926173,2233700
2008-12-24,15.830523490905762,15.858091425248066,15.60998527421316,15.706471729899768,498100
2008-12-26,15.927016258239746,15.961474875311621,15.699585967834217,15.809855119878597,696600
2008-12-29,16.002826690673828,16.09242120506531,15.66512722264826,15.933909451310631,1509600
2008-12-30,16.52397346496582,16.53092230903292,15.981975555940375,16.190435576527438,2043700
2008-12-31,17.22579574584961,17.37171753698902,16.454491063093098,16.5378745650708,2716100
2009-01-02,17.420352935791016,17.510686582227585,17.05207348213007,17.364763509274844,3736300
2009-01-05,17.795578002929688,17.816423204188855,17.1493502567728,17.364759063706384,3049900
2009-01-06,17.955398559570312,18.427909257246828,17.677451480159483,17.872013773068954,3714800
2009-01-07,17.566280364990234,17.79558697190454,17.371716661255725,17.642715017057135,2928500
2009-01-08,17.78864288330078,17.80254057843199,17.455106152294697,17.55238736749885,3864200
2009-01-09,17.531530380249023,18.094374769529427,17.45509575327824,17.948451708300905,2599900
2009-01-12,16.864456176757812,17.614913986428608,16.676841393001045,17.56627341108936,3852600
2009-01-13,16.607343673706055,17.003418191569814,16.322447921370532,16.89223942604158,2932400
2009-01-14,15.877747535705566,16.475333621454087,15.606747884548495,16.475333621454087,2916300
2009-01-15,17.09376335144043,17.114608555756732,15.662334781161318,15.898588824002827,4062200
2009-01-16,17.746944427490234,17.872019660409805,17.065972201914843,17.26748472921691,4530100
2009-01-20,17.468992233276367,18.031836626374893,17.448147028214006,17.691349922984063,4290000
2009-01-21,18.004047393798828,18.149970505792705,17.601023612390104,17.649664207935785,4015500
2009-01-22,17.94845199584961,18.13606679528215,17.38560892290837,18.004041418790024,4424800
2009-01-23,17.69135284423828,18.052684812355793,17.552379927901494,17.614918204127857,3470200
2009-01-26,18.031837463378906,18.20555458219621,17.70524843177425,17.70524843177425,2975300
2009-01-27,18.268096923828125,18.37232695328506,18.059635539557522,18.163865569014458,2625900
2009-01-28,18.483501434326172,18.552988545898415,18.261143737580134,18.4001166353682,2791800
2009-01-29,18.226402282714844,18.62942600051508,18.16386400535303,18.302838249569643,2735200
2009-01-30,17.969301223754883,18.441812052353146,17.899814103309858,18.261146069338718,4624900
2009-02-02,17.559326171875,17.92065808647698,17.218840788046506,17.746940972767153,3892000
2009-02-03,17.448152542114258,17.739997433422438,17.30917827945063,17.621869707765395,3615100
2009-02-04,17.24663734436035,17.753891072051754,17.135458481451458,17.45509870633197,3343100
2009-02-05,17.017335891723633,17.323078519350222,16.829721007132978,17.170206542858434,4047900
2009-02-06,16.98259162902832,17.218847096255548,16.89225795460544,17.06597513195741,3807200
2009-02-09,17.052072525024414,17.100713104826383,16.649047548707742,16.940892352875967,2822500
2009-02-10,16.385000228881836,17.059022240024856,16.25297483430616,16.67684507063216,4026700
2009-02-11,16.53093147277832,16.725493913084794,16.308572315438145,16.49618723318272,3251400
2009-02-12,17.08681869506836,17.142408129127016,15.884696355201989,16.33636067259816,4787500
2009-02-13,16.746326446533203,17.10765828388673,16.635147623556136,17.079862915464407,4295300
2009-02-17,16.41974449157715,16.642103557645058,16.100105570643926,16.21823328606635,2937800
2009-02-18,16.51007080078125,16.69073671600462,16.155687812307264,16.537864843316182,2854500
2009-02-19,16.565670013427734,16.80887432495841,16.48228518577038,16.600412918493458,2144200
2009-02-20,16.54482650756836,16.66990310930044,15.981983125131126,16.496185901418578,3484200
2009-02-23,15.822149276733398,16.885296777505676,15.76655987359077,16.662939164935157,3870200
2009-02-24,15.794357299804688,16.002818600313923,15.460820809417351,15.773512097503104,4299800
2009-02-25,15.780471801757812,16.065369265012084,15.460832749622476,15.634549971528347,4548400
2009-02-26,15.175925254821777,15.898587667960026,15.162027569383906,15.877742465159452,3661900
2009-02-27,13.827878952026367,14.731208540316759,13.452650757933519,14.481055527350788,8188800
2009-03-02,13.021838188171387,13.675015082557369,12.862018718644455,13.591630262385152,5218900
2009-03-03,13.195549011230469,13.570778533759883,13.09826787221445,13.139959599599011,6221200
2009-03-04,12.952348709106445,13.43875720026055,12.8203246453743,13.43875720026055,4942200
2009-03-05,12.02817440032959,12.945400687307014,11.937842070702793,12.868966046963294,4717900
2009-03-06,11.44448471069336,12.458993497888489,11.159588707006835,12.028174407357605,6067300
2009-03-09,11.187387466430664,11.93089683856326,11.11095147758664,11.458385862722022,5029600
2009-03-10,11.083152770996094,11.44448405711415,10.457771367529556,11.340254044095815,10230200
2009-03-11,11.013667106628418,11.194333093986975,10.77046284190126,11.173486559745236,6282000
2009-03-12,11.618204116821289,11.798870136774815,11.03451496899044,11.03451496899044,4498200
2009-03-13,11.944790840148926,12.028174324609264,11.409741734328161,11.639048304628977,4138800
2009-03-16,11.91699504852295,12.285275847295908,11.854456774667984,12.05596928494655,3803200
2009-03-17,11.91699504852295,12.028173907519212,11.694637330530425,11.90309735980928,2754000
2009-03-18,12.174097061157227,12.375608247285221,11.611252593094115,11.882252223206317,3701200
2009-03-19,12.194940567016602,12.39645305037718,12.035121144227679,12.27832536280355,4791400
2009-03-20,11.791919708251953,12.4103536657696,11.77107449840354,12.222738824993797,3109100
2009-03-23,12.208834648132324,12.208834648132324,11.639042908831557,11.972579342760401,3284600
2009-03-24,12.042071342468262,12.22273731586912,11.764124200834832,12.069866719309863,3628600
2009-03-25,12.125455856323242,12.438145886139798,11.798866813063293,12.18799412735785,3937900
2009-03-26,12.229687690734863,12.361713096543602,11.923945133993405,12.243585380895084,2849200
2009-03-27,12.187999725341797,12.306126152266888,11.930897679072189,12.069871973059612,2999400
2009-03-30,11.815680503845215,12.223117716396064,11.724358947528014,11.921051942632918,3519600
2009-03-31,12.04749870300293,12.321466063017619,11.815680992141635,11.885929067526698,3557600
2009-04-01,11.857829093933105,12.01237512505008,11.45741681307653,11.899978742348955,3957900
2009-04-02,12.651632308959961,12.904524885044726,11.717336373822235,12.033450754057382,5340800
2009-04-03,12.771053314208984,12.869399829013382,12.483037372392587,12.581383887196985,3656800
2009-04-06,13.143366813659668,13.192541414403781,12.672707693946688,12.693781182966154,4297600
2009-04-07,13.101212501525879,13.311956674394413,12.813196671155447,13.00286602477605,4629700
2009-04-08,13.143366813659668,13.220639846386693,12.981797145113045,13.129318267603647,3102900
2009-04-09,13.656170845031738,13.761542262781976,13.185510595201764,13.262782253621126,4275500
2009-04-13,13.916092872619629,14.01444073247939,13.45245736428496,13.592953541301279,3122500
2009-04-14,13.887992858886719,14.021462737988136,13.515678970120604,13.873942974811616,4065300
2009-04-15,13.768569946289062,14.105759086229888,13.557825728923143,13.880966326269338,4399000
2009-04-16,13.89501667022705,14.091709671789989,13.38220666218083,13.817743653972705,5671000
2009-04-17,14.35162353515625,14.456994950888348,13.895013173737002,13.951211351452137,4134000
2009-04-20,13.691292762756348,14.218151135904401,13.480549949445178,14.190052719402306,4562500
2009-04-21,13.986335754394531,14.00741057506265,13.571873660347313,13.621046902035907,3238700
2009-04-22,13.761543273925781,14.049559128878153,13.6983201506562,13.859889759069409,3763700
2009-04-23,13.698321342468262,13.817742659048703,13.487578473147714,13.817742659048703,3433400
2009-04-24,13.70534610748291,13.909064033228102,13.57187491069577,13.78261911718133,2976200
2009-04-27,13.824767112731934,14.042534915336976,13.564849665852025,13.599974369414412,2430700
2009-04-28,13.71939468383789,13.831791047320948,13.417328954525795,13.677245042628988,3908300
2009-04-29,14.548319816589355,14.709890786882152,13.803693456489428,13.838818163018537,5061700
2009-04-30,14.752037048339844,14.843358592905652,14.421872891992235,14.54831779834404,5312700
2009-05-01,15.932202339172363,16.199143407804872,15.047079838121617,15.208649467553673,6153200
2009-05-04,15.98840045928955,16.072697074332023,15.735507934421058,15.90410250437654,4825500
2009-05-05,16.192121505737305,16.199146448318626,15.805759042860153,16.10782487450303,3707200
2009-05-06,16.269384384155273,16.606573378469278,16.128888299922792,16.192111403840414,2532200
2009-05-07,16.0656681060791,16.452030365675228,15.812775665691769,16.374757377807963,2911200
2009-05-08,16.697904586791992,16.73302795548241,16.044599746133454,16.044599746133454,3695400
2009-05-11,16.452035903930664,16.726001913328837,16.409887596301072,16.690878546949268,3068400
2009-05-12,16.14997673034668,16.66981053647981,15.854935776609377,16.508240841304193,2167400
2009-05-13,15.538812637329102,15.93922484913602,15.440464814522423,15.93922484913602,2273800
2009-05-14,15.868983268737793,16.016503053396363,15.475595836444052,15.538818984117977,1693000
2009-05-15,15.573935508728027,15.925174468022867,15.45451420897297,15.80575316826781,1730100
2009-05-18,15.925182342529297,15.932207285973247,15.405348586515776,15.658241191014069,3309000
2009-05-19,15.644185066223145,16.065672125701163,15.475590510406024,15.946250814513563,2762800
2009-05-20,15.503687858581543,15.953273309600783,15.46153955751607,15.721455643935196,1849200
2009-05-21,15.124349594116211,15.419390364243322,14.983853478867013,15.419390364243322,1513500
2009-05-22,15.131382942199707,15.426422536406642,15.06815978919222,15.166506320594532,1192400
2009-05-26,15.679314613342285,15.756587651018975,14.95576286008222,15.068159274955065,2070300
2009-05-27,15.103270530700684,15.791698354252222,15.0540973061427,15.64417868057827,2869600
2009-05-28,15.623113632202148,15.798733166745615,15.10327997073798,15.166503110363283,3475800
2009-05-29,16.009477615356445,16.03757604450733,15.524767318699409,15.623113830533603,3481600
2009-06-01,16.585508346557617,16.64170654088418,16.192119646401054,16.234269297048957,2264400
2009-06-02,16.297489166259766,16.655751745857412,16.25533952406091,16.557405260467497,2341900
2009-06-03,16.00245475769043,16.564436812623082,15.833860141210634,16.213197693322446,1760100
2009-06-04,15.94625186920166,16.1991430497184,15.897077281449294,16.009474999298472,1710100
2009-06-05,16.15699005126953,16.332609508348547,16.0867420004639,16.206163284872435,2227400
2009-06-08,15.791711807250977,16.02352959184611,15.23675464892306,15.995431156677224,3141400
2009-06-09,15.9181547164917,16.030551112911443,15.679312039132066,15.679312039132066,1823700
2009-06-10,15.90410327911377,16.15699581630143,15.637162198648376,16.051624372430105,1712200
2009-06-11,16.3607177734375,16.494187665525565,15.86898250192843,16.04460205034298,2506300
2009-06-12,16.50120735168457,16.522282173134297,16.05162187972023,16.31856291873146,1559000
2009-06-15,16.030542373657227,16.473104115678687,15.939220853802802,16.31855814995119,1815500
2009-06-16,15.77063274383545,16.16402007630719,15.672284905814603,16.107821885954085,1955800
2009-06-17,16.185100555419922,16.26939720046862,15.728488591900577,15.728488591900577,1984300
2009-06-18,16.46608543395996,16.529308563986277,16.07972171270242,16.241292678253288,1573200
2009-06-19,16.50120735168457,16.606578779192414,16.26938967521916,16.54335565471363,2644700
2009-06-22,16.023521423339844,16.536331337428567,15.840876998302404,16.269388970116026,2748100
2009-06-23,15.854928970336914,16.07972172623274,15.770632356811236,15.995425112707062,1876600
2009-06-24,16.290468215942383,16.54335943172467,15.686336595158334,15.890055896072287,2592900
2009-06-25,16.95781898498535,16.95781898498535,16.171044352405072,16.234267481435513,2439300
2009-06-26,16.810293197631836,17.112358852161417,16.473104190660678,16.880541242384997,2853400
2009-06-29,17.199752807617188,17.220994947139165,16.866944882105567,16.951917491974907,1588400
2009-06-30,17.284725189208984,17.313049844535854,16.923593937354806,17.07229567663307,2637100
2009-07-01,17.18560028076172,17.49716354322906,17.072304303392762,17.348463079405274,2463900
2009-07-02,16.774890899658203,17.213912183145283,16.774890899658203,17.001482704115237,1926100
2009-07-06,16.95192527770996,16.99441092686067,16.612036032720976,16.633279532593548,1575100
2009-07-07,16.576623916625977,16.994403100904037,16.512894796950082,16.88110718827885,1446200
2009-07-08,16.8881893157959,16.980241743586497,16.51289573967816,16.51289573967816,3647500
2009-07-09,16.781982421875,16.951926380124032,16.626199447200825,16.902359561125714,1989300
2009-07-10,16.987323760986328,17.036890559256197,16.5766256959866,16.66159831487349,2147600
2009-07-13,17.405105590820312,17.4121867560018,16.937759493595387,16.937759493595387,2774600
2009-07-14,17.716663360595703,17.73082568556668,17.249317441302704,17.298884228107468,2613000
2009-07-15,18.18401527404785,18.254825571650912,17.716669200699396,17.716669200699396,4316800
2009-07-16,18.368120193481445,18.410605828766126,17.957422117478885,18.176932808809394,2593800
2009-07-17,18.552223205566406,18.672600276884275,17.844123103836296,18.276063247487905,3082800
2009-07-20,18.693845748901367,18.828385170386394,18.446010398984953,18.594712149172402,1956000
2009-07-21,18.686765670776367,19.083302793930184,18.318554557267937,18.849629759133222,2011600
2009-07-22,18.62303924560547,18.764659860260238,18.297313722731488,18.630120411397634,2028500
2009-07-23,18.77174186706543,18.792985365393683,18.4176916651606,18.601797932222432,2469500
2009-07-24,18.757570266723633,18.934595280207915,18.35395345207445,18.651355528751793,1927600
2009-07-27,18.77174186706543,18.80006518090876,18.44601497900393,18.757579534846595,1874200
2009-07-28,18.828386306762695,18.941682242031995,18.573469777109725,18.686765712379028,1637000
2009-07-29,18.679683685302734,18.814223108697156,18.42476851801133,18.722170672012986,3234600
2009-07-30,18.601797103881836,19.359464286124055,18.50974329915292,19.359464286124055,3939300
2009-07-31,18.835468292236328,19.0195745327193,18.502660286111897,18.57347058638906,2963100
2009-08-03,17.943267822265625,18.962932979772052,17.872457498025877,18.962932979772052,6813500
2009-08-04,17.589208602905273,17.985744326072325,17.461750354238813,17.914934037858302,4324800
2009-08-05,17.69542121887207,17.766231498518405,17.52547735807712,17.66001675434578,3754200
2009-08-06,17.320127487182617,17.879527204438148,17.100616838284473,17.723745671444906,2842700
2009-08-07,17.709590911865234,17.80872453425207,17.433432192019442,17.511322316497253,2549300
2009-08-10,17.773319244384766,17.815804887670804,17.497159186539893,17.61753630134554,1727700
2009-08-11,17.645854949951172,17.70958406845748,17.440505267965552,17.603369321144896,1436800
2009-08-12,18.028230667114258,18.20525571930789,17.631694928366834,17.645857256684877,1629700
2009-08-13,18.09195899963379,18.15568812367302,17.907854141958126,18.049473367138937,1370400
2009-08-14,17.872453689575195,18.176937073507368,17.667105278691785,18.176937073507368,2121100
2009-08-17,17.8158016204834,17.8158016204834,17.164349356990304,17.610453256763904,2153100
2009-08-18,17.801637649536133,17.88661026328062,17.539641345795566,17.83704346801045,2011400
2009-08-19,17.829971313476562,17.879538133791947,17.575054694032243,17.660027350711868,1305300
2009-08-20,17.829971313476562,17.92910495410733,17.695431836481553,17.752079824069785,1513600
2009-08-21,18.42476463317871,18.52389821341243,17.851202588871153,17.914931704905328,1900800
2009-08-24,18.33979606628418,18.57346909299451,18.268985771700496,18.51682112744637,1127200
2009-08-25,18.205251693725586,18.608869857977126,18.176928393946373,18.431844844927625,1345400
2009-08-26,18.29730987548828,18.40352463884921,18.16277045491431,18.205256090139883,1309000
2009-08-27,18.396448135375977,18.43893513195983,17.992831121989713,18.361043655483765,1016200
2009-08-28,18.21942138671875,18.594715052363544,18.09904427514168,18.573471555993162,1466900
2009-08-31,18.134443283081055,18.396439553489294,18.04947068014716,18.169847746457183,1119800
2009-09-01,18.063636779785156,18.62303525144704,17.87953056045768,18.070717944058597,2006700
2009-09-02,18.006986618041992,18.13444485821685,17.730827998059016,18.13444485821685,2112100
2009-09-03,18.19109535217285,18.21233749476895,17.872449707291302,17.92909767187091,1883100
2009-09-04,18.382278442382812,18.389359605644618,18.04239070937892,18.20525341261906,1119100
2009-09-08,18.6442813873291,18.679685863121346,18.403527170278153,18.410608335555434,2793300
2009-09-09,18.79298210144043,18.90627803832526,18.552227897911635,18.60887586635405,2088500
2009-09-10,18.807144165039062,18.821306495614802,18.594714608779682,18.821306495614802,1869800
2009-09-11,18.686765670776367,18.96292569415029,18.644280032793485,18.849629759133222,1742100
2009-09-14,18.89919662475586,18.94168226288009,18.50265950028278,18.54514648900109,1778600
2009-09-15,18.920433044433594,18.941676532365857,17.709582594761713,18.276062100352004,1050200
2009-09-16,19.189510345458984,19.203672669657045,18.885027128168577,18.934593912268213,1081700
2009-09-17,19.154111862182617,19.29573245715164,18.9912491233841,19.097463894313826,1637900
2009-09-18,19.331134796142578,19.34529712419456,19.104542949686632,19.19659673143057,1971100
2009-09-21,18.99833106994629,19.309895581342126,18.927520769548032,19.302814416242885,1856000
2009-09-22,19.054973602294922,19.231998627474617,18.84962527539523,19.054973602294922,1987200
2009-09-23,18.970008850097656,19.22492405534616,18.82130707565799,19.047898969476318,1506400
2009-09-24,18.81422233581543,19.047895350746522,18.66552194022017,18.984166223893137,1503900
2009-09-25,18.630123138427734,18.877958575053963,18.51682717035765,18.757581440155192,1415800
2009-09-28,19.076223373413086,19.15411349173795,18.70801087564285,18.722173206463445,1289600
2009-09-29,19.076221466064453,19.218847965025756,18.940726428069922,19.176059199225104,1295700
2009-09-30,18.94785499572754,19.11900595223435,18.683997781182963,19.07621855315437,2333100
2009-10-01,18.405881881713867,18.926467729546626,18.298912671403986,18.926467729546626,2430500
2009-10-02,18.377351760864258,18.47718947852718,18.142019026239588,18.248988203762273,1963600
2009-10-05,18.39875602722168,18.548514055448454,18.170554612959663,18.291786784309824,2080800
2009-10-06,18.66973876953125,18.69113179345596,18.384487115642006,18.527112262493038,2003800
2009-10-07,18.7624454498291,18.769576911352853,18.505719635910133,18.641213324299766,2277600
2009-10-08,19.09761619567871,19.133272140972814,18.77670724728328,18.905070826641452,1695000
2009-10-09,19.233116149902344,19.233116149902344,19.019177687975482,19.083359498591054,1368600
2009-10-12,18.983516693115234,19.23311104572886,18.969253770055253,19.22597958419887,2103900
2009-10-13,19.02630615234375,19.061962103648707,18.9050740136446,18.933598502651094,2921700
2009-10-14,19.254497528076172,19.254497528076172,18.947851609073243,19.154659828005133,3807400
2009-10-15,19.66811752319336,19.689511904351903,19.111875854754157,19.111875854754157,2466700
2009-10-16,19.710906982421875,19.817877539191414,19.404260954748406,19.575413301504817,2346600
2009-10-19,19.91057586669922,19.967626172785426,19.603929961415872,19.70376765702009,1248200
2009-10-20,19.896326065063477,19.967639334724993,19.6110743466049,19.86780157331136,1277200
2009-10-21,19.80362319946289,20.217238602972213,19.782228806799615,19.86067355304391,1888400
2009-10-22,19.76082420349121,19.953369557407147,19.668117936894845,19.86066329081078,3777100
2009-10-23,19.111875534057617,19.767954916520388,19.076219592912008,19.361471202637787,4064000
2009-10-26,19.040563583374023,19.418521454832966,19.004906282169525,19.09048244487336,2435000
2009-10-27,19.161792755126953,19.36859962972143,18.947853061196014,18.997771915057207,2223100
2009-10-28,18.74818229675293,19.176059070387886,18.74818229675293,19.176059070387886,2525600
2009-10-29,18.790966033935547,18.94072260343671,18.30603766761151,18.826621971382448,3173200
2009-10-30,18.477190017700195,18.969249880887364,18.398745317140623,18.74104859946344,2932300
2009-11-02,18.634082794189453,18.741053362205356,18.39874999289156,18.39874999289156,2535000
2009-11-03,18.591289520263672,18.769571930485128,18.32030085520927,18.641208377495783,3879000
2009-11-04,18.833755493164062,19.126138564841774,18.491453559519957,18.655473066034386,2093900
2009-11-05,19.190319061279297,19.190319061279297,18.926461848515917,18.926461848515917,1902500
2009-11-06,19.01203727722168,19.297288878943284,18.869410796267413,19.04769321736678,1762300
2009-11-09,19.5968017578125,19.611064676749518,19.061954539355696,19.104743296166745,2117700
2009-11-10,19.58967399597168,19.646724322301406,19.489836264941427,19.511230647385226,2784100
2009-11-11,19.66811752319336,20.03181384176665,19.53975395661608,19.66098606280718,1434700
2009-11-12,19.290163040161133,19.653859448409875,19.26877001391477,19.639597884308074,1496600
2009-11-13,19.62533187866211,19.65385636257443,19.240241144442454,19.268766988541884,2565900
2009-11-16,19.946237564086914,20.017550807356898,19.675248871885362,19.675248871885362,1273000
2009-11-17,20.21009635925293,20.231490740505045,19.896318901823552,20.060338410862112,1627600
2009-11-18,20.03181266784668,20.252882486115023,19.953367968382757,20.245751026146767,1164900
2009-11-19,19.62533187866211,19.981896768782335,19.546887167575786,19.974765307757476,1087700
2009-11-20,19.539752960205078,19.66098506021406,19.425652320218617,19.60393474022083,1089600
2009-11-23,19.867794036865234,20.252883370661582,19.76795495313606,19.78934933397523,1628600
2009-11-24,20.131654739379883,20.131654739379883,19.76082690198104,19.896321950297388,1415600
2009-11-25,20.238615036010742,20.281403786242546,19.98902079392491,20.13164588080444,1572000
2009-11-27,19.989032745361328,20.23149703423112,19.710911143312206,19.8321432877471,841900
2009-11-30,20.11026382446289,20.153051237824027,19.92484988631485,20.010424713037118,1407700
2009-12-01,20.374113082885742,20.473950794705843,20.22435651515559,20.3313256864181,1228300
2009-12-02,20.431161880493164,20.573788338372598,20.174436160571574,20.402637405029303,1050200
2009-12-03,20.30280113220215,20.645104406144306,20.288539572602517,20.438296149800358,993800
2009-12-04,20.52386474609375,20.873297990989833,20.324188023216102,20.56665212950096,1920300
2009-12-07,20.759204864501953,20.780597883809804,20.317063876252288,20.552396609946836,1767100
2009-12-08,20.623722076416016,20.816267525473172,20.32420738683411,20.559540260063628,2042200
2009-12-09,20.55953025817871,20.673630907255312,20.388379284563808,20.652236525483314,1351400
2009-12-10,20.887569427490234,21.001670069919253,20.623710841756278,20.623710841756278,2392900
2009-12-11,21.087249755859375,21.172825937595704,20.837654032664627,20.837654032664627,1964800
2009-12-14,21.044450759887695,21.265520514073298,21.02305638618463,21.251257598271255,1691200
2009-12-15,20.759204864501953,21.122901154791144,20.687891626373055,21.108638235127987,2522300
2009-12-16,20.538137435913086,20.894702331398985,20.33133050382857,20.766340111581254,4636500
2009-12-17,19.946237564086914,20.4953477690227,19.910581622545415,20.4596918274812,3124500
2009-12-18,19.846393585205078,20.088857719800394,19.77508036440883,19.92483826409961,3596300
2009-12-21,20.03181266784668,20.217226546460644,19.846398789232715,20.010418287941906,1921400
2009-12-22,20.024682998657227,20.18870251203445,19.95336975278412,20.13165218737337,1440500
2009-12-23,20.281404495239258,20.30992896953768,20.074596275782426,20.088859193024962,1009400
2009-12-24,20.324199676513672,20.48821920710728,20.28854372992799,20.302805292449957,279200
2009-12-28,20.35272216796875,20.381246648499257,20.281408926362058,20.381246648499257,826600
2009-12-29,20.431161880493164,20.559525420547313,20.252879488237227,20.381243028291372,1204800
2009-12-30,20.488603591918945,20.531676655478364,20.20144618347483,20.416814239807916,1227100
2009-12-31,20.323482513427734,20.502955163523307,20.301946671747565,20.438344899947488,1336500
2010-01-04,20.5891056060791,20.660894950319687,20.36655987127435,20.517316261838516,1425500
2010-01-05,20.617820739746094,20.617820739746094,20.452706204738174,20.56038953760126,1204500
2010-01-06,20.7757568359375,20.797292680185787,20.474242693051107,20.56756787975193,1833400
2010-01-07,20.739856719970703,20.854719093825004,20.581921298237916,20.71832088066521,1648400
2010-01-08,20.768571853637695,20.811644899142685,20.445520589181683,20.668067624370238,1375400
2010-01-11,20.76139259338379,21.127516899974324,20.660888365041554,20.92650707402244,2301600
2010-01-12,20.73267936706543,20.754216577421655,20.488597829366267,20.675248175383103,1279900
2010-01-13,21.019838333129883,21.062911387932036,20.73268098306825,20.79011217922703,1198300
2010-01-14,20.976760864257812,21.03419205208039,20.81164637042635,20.96240409425281,1439700
2010-01-15,20.373743057250977,21.00548781349014,20.3593862799528,20.969592447074156,2361800
2010-01-19,20.524490356445312,20.589100613668467,20.33783865438592,20.35219679360607,1575800
2010-01-20,20.323482513427734,20.359377865007442,20.100936810704166,20.33784065405962,1295400
2010-01-21,20.244516372680664,20.826007401279625,20.179906106251032,20.467062085233994,2566100
2010-01-22,19.79943084716797,20.301955021828014,19.77071592336157,20.100945078110353,2158800
2010-01-25,19.691740036010742,19.978896011766064,19.46201525540648,19.885570833120973,2386600
2010-01-26,19.347143173217773,19.641478072079362,19.33278503930574,19.57686783874223,2258800
2010-01-27,19.41176414489746,19.447658130266625,19.11025001228605,19.28972267766742,1682700
2010-01-28,19.31125831604004,19.45483699452702,19.024102328333836,19.447657923675894,2021600
2010-01-29,19.232284545898438,19.526619501468907,19.16767430011299,19.462009255683462,1844600
2010-02-01,19.383041381835938,19.440472560789203,19.088706418542035,19.25382088687426,1131400
2010-02-02,19.39740753173828,19.519449008586324,19.239470697424416,19.325618186074514,2238900
2010-02-03,19.203575134277344,19.40458501179683,19.0958918092471,19.296900317498817,2030200
2010-02-04,18.607723236083984,19.124603942628585,18.579006956642168,19.052815982559178,3138500
2010-02-05,18.43543815612793,18.801562671993576,18.054955493929935,18.564658734582654,3908000
2010-02-08,18.39236068725586,18.636442270184553,18.241602925361338,18.43543374668235,1832200
2010-02-09,18.571826934814453,18.765656319750317,18.39953201823329,18.55028972792496,1957500
2010-02-10,18.5861873626709,18.67233483792196,18.34928351731507,18.52157709854952,1842800
2010-02-11,18.82309341430664,18.866167841614814,18.306212610018992,18.48568528266624,2677500
2010-02-12,18.686695098876953,18.98820924256411,18.306212541355503,18.98820924256411,5628400
2010-02-16,19.39740753173828,19.591238354250095,18.81591506420285,18.851810421668674,4363500
2010-02-17,19.68455696105957,19.813777466179264,19.454832227187854,19.555336455939877,2343500
2010-02-18,19.835315704345703,19.892746894763054,19.62712815255816,19.68455934297551,2154600
2010-02-19,20.15836524963379,20.294764828464466,19.720451605069098,19.813778137157048,2898300
2010-02-22,20.10093879699707,20.345021734787743,20.043507598062074,20.31630545068635,2257100
2010-02-23,19.856853485107422,20.208619707685326,19.79942229303894,20.100936393715376,2165500
2010-02-24,20.144010543823242,20.151189614381703,19.720454965748015,19.964537887664846,1845900
2010-02-25,20.20143699645996,20.208616065333036,19.785060586693245,19.942997363366146,2182400
2010-02-26,20.20143699645996,20.416804954850086,20.179901159108116,20.25168910930411,1711200
2010-03-01,20.739856719970703,20.754214859019367,20.330659341956316,20.33783841148065,1716500
2010-03-02,21.0413761138916,21.062913327910202,20.826009450776976,20.840367593456044,2362400
2010-03-03,20.98394203186035,21.134699770759514,20.826006591874826,21.03419415507085,1505800
2010-03-04,20.869081497192383,21.00548110749112,20.72550418517015,21.00548110749112,1680100
2010-03-05,21.184953689575195,21.21366860415746,20.96240796680848,21.03419593789803,2738700
2010-03-08,20.991119384765625,21.206487369962385,20.9336881959,21.184950160662442,1474500
2010-03-09,20.818824768066406,21.01265553418639,20.732677304479473,20.90497223165334,2319400
2010-03-10,20.617820739746094,20.90497811973814,20.445527133311586,20.86190369117861,4380400
2010-03-11,20.675249099731445,20.70396538149026,20.40963033980078,20.58910299299035,2608300
2010-03-12,20.610639572143555,20.82600758523389,20.596282800018383,20.696787051233233,2355000
2010-03-15,20.847549438476562,20.86190621379789,20.560392023761477,20.60346645752956,2382400
2010-03-16,20.703956604003906,20.883429181105697,20.6106300971214,20.883429181105697,2965900
2010-03-17,20.703956604003906,20.847535213392177,20.617809164517524,20.775745908698042,2725100
2010-03-18,20.711139678955078,20.790106697058167,20.639350360369885,20.761391791184508,2450500
2010-03-19,20.495773315429688,20.81882458952587,20.38091094447715,20.495773315429688,3551500
2010-03-22,20.495773315429688,20.55320450090596,20.33065882834385,20.43834212995342,2848600
2010-03-23,20.73267936706543,20.818826839222723,20.44552340865381,20.502954600336135,2448300
2010-03-24,20.703956604003906,20.818818943807685,20.581915196804005,20.718314738796153,2736000
2010-03-25,20.646530151367188,20.861896745388893,20.624992944258054,20.79010742429252,2519300
2010-03-26,20.797290802001953,20.840365225144154,20.589103233885425,20.653713499331033,2710300
2010-03-29,20.976760864257812,20.9982980731666,20.804467300790087,20.869077558248925,3546100
2010-03-30,21.049020767211914,21.135732069301774,20.962310843351442,21.09960316406481,1625400
2010-03-31,20.969533920288086,21.070695943160047,20.803338774647244,20.99843676472471,2306700
2010-04-01,21.085153579711914,21.30915585115344,20.97676547277115,21.142960661962295,1587700
2010-04-05,21.23689842224121,21.316383683790534,21.08515533553396,21.186317393338793,1499700
2010-04-06,21.497032165527344,21.504258224079795,21.15741568294054,21.251351687662936,1709100
2010-04-07,21.44645118713379,21.525936453178357,21.30193277218544,21.403096213941183,1774700
2010-04-08,21.525930404663086,21.56205930913353,21.338057069312175,21.446445160952873,1848500
2010-04-09,21.64154815673828,21.64154815673828,21.460900847844737,21.598191810278525,1709600
2010-04-12,21.670448303222656,21.728255379720316,21.583738377590876,21.728255379720316,1857000
2010-04-13,21.634326934814453,21.67768191273555,21.432001407466156,21.67768191273555,1952700
2010-04-14,21.764389038085938,21.84387291919932,21.504256464403074,21.68490377874292,3412100
2010-04-15,22.17626190185547,22.26297183001159,21.72825601228398,22.05342168844308,3530100
2010-04-16,21.952255249023438,22.335227950695703,21.865545332791893,22.147354627888323,3472600
2010-04-19,21.887231826782227,22.00284601122299,21.612647105063072,21.937812860196335,1925800
2010-04-20,22.03173828125,22.096771401026118,21.87999525392514,21.930576263033426,2481700
2010-04-21,21.99561309814453,22.118453303112105,21.85832078006798,22.002839154699018,2106200
2010-04-22,21.8799991607666,21.923354122282333,21.64876948348083,21.872773104142418,2301800
2010-04-23,21.87277603149414,22.053423336587624,21.670450553626797,21.80774289140212,3829700
2010-04-26,22.104007720947266,22.234074020899268,21.872779355801377,21.8944561536402,2318500
2010-04-27,21.403093338012695,21.959485990873066,21.35973699241612,21.930583138704915,3804600
2010-04-28,21.533151626586914,21.677669977730105,21.374182542912717,21.52592694943598,1868500
2010-04-29,21.800508499145508,21.879993724031692,21.533149983401362,21.677668323516418,3131200
2010-04-30,22.421945571899414,22.739883858765943,21.90168041479117,21.90168041479117,5158500
2010-05-03,22.819364547729492,22.833816661026937,22.40748896635799,22.53755522957623,3606500
2010-05-04,21.778837203979492,22.63149264749273,21.67767516092859,22.63149264749273,4088700
2010-05-05,21.64154815673828,21.83664620288882,21.424770559128273,21.6198699835084,2316500
2010-05-06,21.012895584106445,21.793291928233604,20.001270897753407,21.598192497644405,4698600
2010-05-07,20.918962478637695,21.222450064319055,20.615474892956335,21.063479523391308,5331400
2010-05-10,21.677675247192383,21.880000712328787,21.51148006773898,21.851096483782385,2906400
2010-05-11,21.670448303222656,21.98116185623361,21.51147918741145,21.583738377590876,2634000
2010-05-12,21.937814712524414,21.952265453127318,21.60542287051924,21.72826312413834,2013800
2010-05-13,21.749935150146484,21.90167822027888,21.64154704601913,21.880001426391118,3327700
2010-05-14,21.374189376831055,21.641547998459146,21.12128287058385,21.562062742093847,2763300
2010-05-17,21.525930404663086,21.59818821360398,21.186312638431705,21.417540934793028,4192800
2010-05-18,21.497032165527344,21.836648648114142,21.417546899680108,21.82219790923898,3817500
2010-05-19,21.251346588134766,21.475348836589657,21.12128032186115,21.446445987545193,2764300
2010-05-20,20.413143157958984,20.96953712525186,20.413143157958984,20.96953712525186,4101000
2010-05-21,20.70218276977539,20.759989857530453,20.03017451322926,20.246952125983,4421900
2010-05-24,20.427608489990234,20.69496587236979,20.420382428543448,20.60102983002218,2183400
2010-05-25,20.564889907836914,20.572115965905212,19.979592986601244,20.00849721887444,3736400
2010-05-26,20.46372413635254,20.781663742490615,20.420369174043067,20.738308780181143,3410700
2010-05-27,21.13573455810547,21.13573455810547,20.752761777642114,20.80334418045126,2952200
2010-05-28,21.04180335998535,21.222450705053728,20.84670389653634,21.186320409102134,1807300
2010-06-01,20.991220474243164,21.22245022845093,20.72386318135487,20.911736581394397,3652600
2010-06-02,21.44645118713379,21.44645118713379,20.897283139851712,21.12128544261488,2482900
2010-06-03,21.648773193359375,21.670451366946846,21.431996970403127,21.54761113974374,1861100
2010-06-04,20.601009368896484,21.374179258788647,20.514298095887852,21.374179258788647,3138600
2010-06-07,20.2830810546875,20.694956727539697,20.246952141648762,20.644375697993596,2567900
2010-06-08,20.911741256713867,20.955096242345313,20.261410959321594,20.26863564173505,4837600
2010-06-09,21.38864517211914,21.576518569705467,21.056253352318766,21.056253352318766,4202300
2010-06-10,22.147354125976562,22.161806237764058,21.619864449796136,21.619864449796136,2925400
2010-06-11,22.161813735961914,22.161813735961914,21.829421943534733,21.916133265368256,2515800
2010-06-14,22.284648895263672,22.465296177891794,22.19071153648859,22.19071153648859,2879400
2010-06-15,22.609817504882812,22.624268241923918,22.29910391771114,22.544784364394342,2934400
2010-06-16,22.617046356201172,22.660402710010658,22.421948276977783,22.508658228137108,2270200
2010-06-17,22.79046058654785,22.79046058654785,22.414713928537598,22.682071120338858,2451600
2010-06-18,22.776012420654297,22.934981552022542,22.653172198796707,22.804915272616906,2576500
2010-06-21,22.609817504882812,23.065048110072524,22.45084699336452,22.942207886730923,1985700
2010-06-22,22.11122703552246,22.74710484572545,22.082322809580376,22.67484565909959,2270900
2010-06-23,22.132902145385742,22.277420507658874,21.937804148015033,22.125677467678404,1811500
2010-06-24,21.923357009887695,22.29187767688404,21.887228100237483,22.060649347371722,2405600
2010-06-25,22.378589630126953,22.385815688354775,21.692130637239927,22.024521046341704,3668300
2010-06-28,22.320781707763672,22.544785369759683,22.183490741258595,22.393040909109818,1937400
2010-06-29,21.49193000793457,22.13901545880104,21.346518591030545,22.13901545880104,2307300
2010-06-30,21.615528106689453,21.949976963767043,21.353787030236475,21.484656875083406,2771900
2010-07-01,21.47011947631836,21.768214481551162,21.08477650983628,21.739131365548307,3637500
2010-07-02,21.273807525634766,21.622796513811497,21.1865595852111,21.54281935065305,1859900
2010-07-06,21.404687881469727,21.76094779901431,21.237462706492014,21.44831117692673,2736100
2010-07-07,21.899078369140625,21.949972418279387,21.164746578009897,21.39013510423534,3717700
2010-07-08,22.197181701660156,22.21172187353531,21.98633326173778,22.01541637900681,1808800
2010-07-09,22.24807357788086,22.277155305524925,22.08811922218122,22.189908735833505,1663800
2010-07-12,22.240808486938477,22.32805507894153,22.109937212174316,22.218996145557924,1197700
2010-07-13,22.45891761779785,22.567977895519554,22.342587949203136,22.451646840165804,2052700
2010-07-14,22.131742477416992,22.34986027444584,21.9063525154935,22.34986027444584,2994600
2010-07-15,22.34986114501953,22.39348442877269,21.8990839771321,22.08811866898219,2311900
2010-07-16,21.79728889465332,22.364396985528625,21.73185329236929,22.25533811064152,2922700
2010-07-19,21.899078369140625,21.964512584634154,21.637335960131185,21.840913543445065,1672600
2010-07-20,22.139019012451172,22.153559185744005,21.5719106512459,21.70278191819785,2068600
2010-07-21,22.61160659790039,22.61160659790039,22.095392356284247,22.226263611532268,4987200
2010-07-22,23.08419418334961,23.14962980536126,22.75701607329135,22.880616538562332,3520200
2010-07-23,23.30958366394043,23.30958366394043,22.844263541096897,23.004216509936075,2023900
2010-07-26,23.738554000854492,23.753092787043872,23.375023328703698,23.4404589606316,2089300
2010-07-27,23.447723388671875,23.956666776618032,23.38955716215536,23.88395899347239,2274200
2010-07-28,23.35320472717285,23.440454067208517,23.229605655733174,23.396829397190682,1397200
2010-07-29,23.251419067382812,23.59313875159722,23.03330124122158,23.534972518744283,3007700
2010-07-30,23.164175033569336,23.265963178713175,22.582525122045823,23.265963178713175,2319700
2010-08-02,23.60767936706543,23.636759708811972,23.37501999198194,23.498619071580688,2073000
2010-08-03,23.49135398864746,23.622225257828042,23.353210552557385,23.527706502637837,1632100
2010-08-04,23.549510955810547,23.680382188865927,23.491347504184972,23.556783120712662,1814100
2010-08-05,23.149629592895508,23.491349257322135,23.084193971484417,23.44045519328223,2671100
2010-08-06,23.004215240478516,23.018756796868498,22.70612026827958,23.004215240478516,2826300
2010-08-09,23.09873390197754,23.193251244714762,22.989675002893318,23.1423571842594,1822800
2010-08-10,22.742473602294922,22.96059139576642,22.633413318800063,22.95332061774949,2182100
2010-08-11,21.768211364746094,22.495272519604264,21.651881690909516,22.495272519604264,3431000
2010-08-12,21.397411346435547,21.535553362783347,21.062962473187067,21.448305408574424,4719400
2010-08-13,21.375600814819336,21.608260196662158,21.36105925676433,21.390142372874337,2343500
2010-08-16,21.564634323120117,21.59371743574233,21.106586393393314,21.33197496917894,2156600
2010-08-17,21.928165435791016,22.175366351966787,21.622799679736186,21.731858581164516,2180600
2010-08-18,21.81184196472168,22.03723061006446,21.71005381264937,21.96452419283014,1755600
2010-08-19,21.891807556152344,22.284419782254304,21.630065147578485,21.76820712841011,4387900
2010-08-20,22.182632446289062,22.284420547894396,21.84091425750054,22.095384511513867,4258800
2010-08-23,21.85546112060547,22.306239712666347,21.811837833231607,22.277156596577573,3507200
2010-08-24,21.775482177734375,21.877270295815347,21.455574880789623,21.6736926728943,3479300
2010-08-25,21.644620895385742,21.73913827893444,21.273819368984405,21.586456031641987,2216100
2010-08-26,21.550100326538086,21.891820085927996,21.499206248354813,21.75367802603081,1960700
2010-08-27,21.993610382080078,22.01542272632061,21.433772694077515,21.637350413376563,2295300
2010-08-30,21.680967330932617,22.008145464401156,21.680967330932617,21.819109363592595,1682200
2010-08-31,21.397411346435547,21.63007070864709,21.324704949054645,21.564635089680195,2789000
2010-09-01,22.008153915405273,22.240813394429757,21.61554000448155,21.69551722043117,2691200
2010-09-02,22.378944396972656,22.393484567140764,21.608258520936065,21.949978174931655,4223300
2010-09-03,22.640687942504883,22.72066512751673,22.429840891236385,22.604335433004593,2454400
2010-09-07,22.109935760498047,22.531631292184343,22.073583247343507,22.451654099132973,2398400
2010-09-08,21.877269744873047,22.204447811549738,21.811834131537708,22.102658309273064,3183600
2010-09-09,22.124475479125977,22.488006127454014,21.993604223846383,22.29897002391231,2924600
2010-09-10,22.24807357788086,22.328049368971456,22.04449593733551,22.182637957232682,2029900
2010-09-13,22.328052520751953,22.509817851152448,22.226264379490694,22.495277678657565,1917500
2010-09-14,22.386215209960938,22.597062238695187,22.18263757294235,22.378944431486072,2839900
2010-09-15,22.42256736755371,22.429838145915724,22.10993083178302,22.328048635606713,2391800
2010-09-16,22.502548217773438,22.538900728761227,22.30624133021681,22.400758690840703,2164900
2010-09-17,22.691579818725586,22.851534173299267,22.509814515262192,22.524356072361474,5000900
2010-09-20,22.975133895874023,23.026027957324725,22.56070923919354,22.793368598259132,2090300
2010-09-21,23.018760681152344,23.178713668155876,22.858807694148812,22.931514101608375,2544600
2010-09-22,22.6988582611084,23.156907757072915,22.68431808585912,22.93151909297274,3051400
2010-09-23,22.073583602905273,22.53890243522428,21.979064848365784,22.48800836128433,3586000
2010-09-24,22.197181701660156,22.400757975505915,22.153557025756612,22.33532234840996,3795300
2010-09-27,21.731855392456055,22.26988042908285,21.688232115637387,22.1608215436567,4420900
2010-09-28,21.928165435791016,21.964517940680736,21.49192844331852,21.702776854604576,3864200
2010-09-29,22.272172927856445,22.352684021887,21.825704346075423,21.906215440105974,3800000
2010-09-30,22.316083908081055,22.528339887513987,22.184339009952588,22.462467438449753,3327700
2010-10-01,22.36732292175293,22.499067850491155,22.20630211774906,22.374642239573625,2400800
2010-10-04,22.09650993347168,22.381956281102344,21.972084351886064,22.26485001561198,2088300
2010-10-05,22.72595977783203,22.821109507869245,22.25021531569711,22.286811902641055,2789000
2010-10-06,22.83574104309082,22.938208662642932,22.601527147517025,22.645443038196458,2814800
2010-10-07,22.76255226135254,22.989445475434596,22.652765312346176,22.96016960717407,1720800
2010-10-08,22.850383758544922,22.908936897479673,22.689362975478595,22.747916114413346,1479300
2010-10-11,22.865018844604492,23.004083051504033,22.740593269171583,22.865018844604492,876300
2010-10-12,22.799144744873047,22.850378555272354,22.521017747269674,22.76986888008057,1405900
2010-10-13,23.32612419128418,23.516422197840676,22.86501710723896,22.945528178171184,3686700
2010-10-14,22.72595977783203,23.421279573579493,22.71864185646029,23.34076847831986,4616700
2010-10-15,22.499059677124023,22.989442624829127,22.396592056892597,22.923570184389888,4443100
2010-10-18,22.177017211914062,22.66740016894664,22.0818689050346,22.601527727254453,3760300
2010-10-19,22.015993118286133,22.228249041715006,21.93548205822464,22.00135448990833,4403500
2010-10-20,22.191659927368164,22.46978837593439,22.03795846580544,22.089192286326348,2534700
2010-10-21,22.542972564697266,22.594207767176382,22.323398709567147,22.323398709567147,3479200
2010-10-22,22.477102279663086,22.68203892113922,22.40391191829422,22.616166479093916,2178300
2010-10-25,22.557613372802734,22.850379006593112,22.54297474210905,22.594209949536943,1785400
2010-10-26,22.433185577392578,22.733270496745657,22.330717964740266,22.616164254852578,2202200
2010-10-27,22.015993118286133,22.23556695988747,21.840333765801777,22.23556695988747,3837700
2010-10-28,22.279489517211914,22.323404019480268,22.04527697709154,22.14042529800912,2827100
2010-10-29,21.818382263183594,22.147744518817127,21.73787257537517,22.147744518817127,4750100
2010-11-01,21.554895401000977,22.155065424528836,21.43046980617079,21.88425628424539,3830500
2010-11-02,21.876930236816406,21.986718560137863,21.693951559302675,21.693951559302675,4241600
2010-11-03,21.840335845947266,21.994037270503945,21.642718532074475,21.854974475719303,2044400
2010-11-04,21.920846939086914,22.04527250026032,21.767144118335494,21.972080747331862,3807000
2010-11-05,21.254806518554688,21.54757216012913,20.530209636134995,21.54757216012913,12700600
2010-11-08,20.822975158691406,21.18161321802845,20.779059268637944,21.18161321802845,6286600
2010-11-09,20.925451278686523,21.247494289840034,20.757111153135636,20.81566430098017,3949600
2010-11-10,20.976680755615234,21.013275941917655,20.764426162230816,20.925446936385093,3277300
2010-11-11,20.61803436279297,20.991310976766673,20.57411987762439,20.84492749818299,3857000
2010-11-12,20.691232681274414,20.903487257093378,20.508253972871245,20.610721602851658,3767800
2010-11-15,20.73514175415039,20.903481786783757,20.73514175415039,20.786375555733034,2556200
2010-11-16,20.40578269958496,20.639996593201115,20.274039216697666,20.530208263436798,3822600
2010-11-17,20.52289390563965,20.661956727709903,20.332595869314368,20.38382968755255,3973100
2010-11-18,20.713186264038086,20.859569768186365,20.647313826773015,20.749782838083433,2706000
2010-11-19,20.61803436279297,20.735140587253387,20.3691832868105,20.720501960191758,3096700
2010-11-22,20.6107234954834,20.71319113487316,20.41310613721724,20.49361722303313,2679900
2010-11-23,20.493616104125977,20.5448499210236,20.347232573546925,20.42042433883645,1677700
2010-11-24,20.925451278686523,20.940089914651946,20.58145170960204,20.58876963156759,1957100
2010-11-26,20.691232681274414,20.78638099539669,20.559487787861453,20.71318923283207,780400
2010-11-29,20.742467880249023,20.779063065964667,20.27404280220789,20.50093602488196,2698300
2010-11-30,20.596080780029297,20.632677355426672,20.471655215711436,20.603400095108775,2999800
2010-12-01,20.9547176361084,20.998633524056274,20.713185836461204,20.844930708271768,2079100
2010-12-02,21.46706199645996,21.46706199645996,20.998636950056362,21.005956265908512,2789300
2010-12-03,21.071826934814453,21.357273248882574,20.89616616121615,21.31335875349132,2690500
2010-12-06,21.071826934814453,21.12306074544036,20.720506783634487,21.042549673875858,5023600
2010-12-07,20.822975158691406,21.218208397056408,20.808336528673586,21.210889082047498,3240000
2010-12-08,21.08646583557129,21.145018966058853,20.830295366181907,20.8668919452471,2885200
2010-12-09,21.686635971069336,21.70127460282974,21.1669771077259,21.24016887051115,4936000
2010-12-10,21.90621566772461,21.913534985077714,21.65004514443411,21.833023890210605,3585800
2010-12-13,22.25752830505371,22.26484762036155,21.957443357515665,21.957443357515665,2627000
2010-12-14,21.97940444946289,22.338042574780676,21.97940444946289,22.3234039420697,3893500
2010-12-15,21.94280242919922,22.16237767739194,21.869610679801642,21.986718316447664,4160900
2010-12-16,21.90621566772461,22.030641270693305,21.87693839831219,21.964768810532405,3549500
2010-12-17,22.25752830505371,22.26484762036155,21.94280472689999,21.957443357515665,3538800
2010-12-20,22.206298828125,22.279490599472233,22.06723460216695,22.198979511388583,2778400
2010-12-21,21.94280242919922,22.3233984092534,21.93548311465781,22.29412115108777,2297200
2010-12-22,21.97208023071289,22.081867159515923,21.89156916478295,21.89156916478295,2840600
2010-12-23,22.074546813964844,22.081866128345457,21.81837639470929,21.95012126152737,2499400
2010-12-27,22.008682250976562,22.03795951896872,21.84766146507062,21.942809794011183,1211700
2010-12-28,22.074546813964844,22.103824071487296,21.862292280992968,22.045270952458868,2182200
2010-12-29,22.037948608398438,22.257522425564886,22.037948608398438,22.13309689023289,1126200
2010-12-30,22.060060501098633,22.14847678868132,21.94217118075401,21.956906291783422,1192000
2010-12-31,22.00111961364746,22.089535916391657,21.949543202821385,22.01585472720363,1186400
2011-01-03,22.1411075592041,22.31794293731517,22.037954759765555,22.12637244882109,2264800
2011-01-04,22.037946701049805,22.148467717940882,21.88321755847249,22.148467717940882,2516500
2011-01-05,21.809547424316406,22.067430864175126,21.78007438874321,21.92743675590582,1901500
2011-01-06,21.949541091918945,22.001117497784886,21.765338839339638,21.831650357344664,2177900
2011-01-07,21.831647872924805,22.037954878262692,21.757968104559094,21.96427370454548,1635500
2011-01-10,21.55903434753418,21.809549552950134,21.529561309084386,21.765341400627268,2440100
2011-01-11,21.544294357299805,21.72849660187865,21.49271795367398,21.647447164551448,1851300
2011-01-12,21.68428611755371,21.765335546137962,21.47797911995355,21.625341461861016,3422200
2011-01-13,21.5884952545166,21.728489306894264,21.53691886820671,21.728489306894264,1409800
2011-01-14,21.99374771118164,22.00848422764867,21.522189021697645,21.603238456914745,2410700
2011-01-18,22.310569763183594,22.347409639050483,21.87585248226865,22.05268641606184,2565100
2011-01-19,22.384254455566406,22.384254455566406,22.133740714746093,22.332678055828357,2493500
2011-01-20,22.384254455566406,22.428464002786015,22.21478874061239,22.34004631369829,2340800
2011-01-21,22.28110122680664,22.457935196223584,22.214788312606355,22.406358797479243,3212900
2011-01-24,22.487409591674805,22.583194137247737,22.22215791877815,22.266366062477076,1439200
2011-01-25,22.62740135192871,22.649506125546388,22.36215109527404,22.480040410532006,1392700
2011-01-26,22.841066360473633,22.91474750077114,22.62739119414595,22.7821217293058,1480800
2011-01-27,23.054758071899414,23.09159796581065,22.804242858317785,22.855819271934262,1857900
2011-01-28,22.612668991088867,23.20948389782006,22.524251291218633,23.02528164466276,2164300
2011-01-31,22.723182678222656,22.877911846028166,22.531612228545928,22.701077909099922,1449500
2011-02-01,22.44319725036621,22.664240752062934,22.023216424099225,22.185315273080427,5643300
2011-02-02,22.472667694091797,22.605293498781975,22.31057026911003,22.35477840222302,2214600
2011-02-03,22.36214256286621,22.46529532302051,22.20004376222265,22.428455453065677,2433500
2011-02-04,22.177949905395508,22.531617867768148,22.067428842823002,22.354783886581828,2457600
2011-02-07,22.50951385498047,22.583195034306506,22.2811034638862,22.332679867808945,2087300
2011-02-08,22.450571060180664,22.59056517201063,22.354786502834934,22.561093541039533,2386000
2011-02-09,22.494775772094727,22.531615654215816,22.295837035797433,22.42846285999563,2038900
2011-02-10,22.406356811523438,22.53898262816891,22.32530738905091,22.406356811523438,1563400
2011-02-11,22.1411075592041,22.48004039434024,22.060059533367312,22.236893506126886,4630000
2011-02-14,22.089534759521484,22.229528871111796,21.875860867953687,22.17058420391878,3170800
2011-02-15,21.98637580871582,22.126369881245516,21.949535929006004,22.060056973486784,2918400
2011-02-16,22.1411075592041,22.185317106407616,21.883225560607737,22.067427791234564,4885300
2011-02-17,22.096900939941406,22.126373973441257,22.037956278293294,22.126373973441257,5144000
2011-02-18,22.096900939941406,22.10426919831637,21.979011616645177,22.096900939941406,5166700
2011-02-22,21.794803619384766,22.06005522944927,21.52955200932026,21.920061167987313,5004200
2011-02-23,21.26430892944336,21.80954743976861,21.26430892944336,21.743234515033624,4232300
2011-02-24,21.411670684814453,21.529560020856035,21.212733308589122,21.212733308589122,3720400
2011-02-25,21.551660537719727,21.617973451802367,21.43377122498425,21.529555764575026,2775200
2011-02-28,21.816913604736328,21.87585826491544,21.573766705828543,21.610606591433655,3726500
2011-03-01,21.36008644104004,21.92006128451345,21.36008644104004,21.83164361223819,2424100
2011-03-02,21.595867156982422,21.595867156982422,21.227462729304484,21.35272029092904,3528600
2011-03-03,21.97163963317871,21.993744404555937,21.743229283686116,21.76533405506334,2167200
2011-03-04,21.942169189453125,22.03058546901184,21.721125679853486,21.90532790184414,2143800
2011-03-07,21.809547424316406,22.067430864175126,21.728497981841805,21.979013162807224,3283800
2011-03-08,22.04532241821289,22.1116353318636,21.684286224643188,21.883224965595307,3184100
2011-03-09,22.04532241821289,22.1116353318636,21.883224965595307,22.04532241821289,6163200
2011-03-10,21.809547424316406,22.089534235503336,21.7506027585217,21.89059546143932,4473600
2011-03-11,21.875858306884766,21.993747627469165,21.70639117886208,21.78744061377069,3255000
2011-03-14,21.802173614501953,21.853750008271803,21.66954779889301,21.82427838555389,2904500
2011-03-15,21.500085830688477,21.662183297115686,21.31588358937737,21.3600917337936,7730000
2011-03-16,21.043258666992188,21.46323945279704,20.895897752076248,21.43376783195435,4967000
2011-03-17,21.33061408996582,21.6179690556542,21.161147007688225,21.33061408996582,3790100
2011-03-18,21.566394805908203,21.713755728796652,21.441137248509794,21.566394805908203,2213400
2011-03-21,21.794803619384766,21.986374070503437,21.721122460438934,21.76533199901716,1699900
2011-03-22,21.36745834350586,21.846383852893457,21.330618460226606,21.74323105543038,2759600
2011-03-23,21.485355377197266,21.536931794462824,21.242208406265377,21.330626125400595,1874500
2011-03-24,21.780073165893555,21.78744142437316,21.46324507802855,21.632712212356264,2609300
2011-03-25,22.00847816467285,22.089526172210988,21.816907719430684,21.84637933889423,4296100
2011-03-28,21.99374771118164,22.23689461148137,21.956906420014068,22.067428888165225,2039800
2011-03-29,22.2442569732666,22.26636033675648,21.93479723624756,21.956900599737445,2419300
2011-03-30,22.355510711669922,22.392597677233002,22.288755588379455,22.333259947055154,2110300
2011-03-31,22.281349182128906,22.422275467641757,22.192341841262756,22.325852145200137,1911500
2011-04-01,22.32585334777832,22.47419703758083,22.244263398816493,22.31843595107963,2015400
2011-04-04,22.348098754882812,22.429688684245807,22.251675450409344,22.318430589938448,1336700
2011-04-05,22.199752807617188,22.33326307288461,22.14783246328503,22.259090546100122,1928400
2011-04-06,22.466779708862305,22.489030482900816,22.273931650427695,22.281349046681758,2421600
2011-04-07,22.340686798095703,22.466779704945438,22.24426206153337,22.392607157141416,1463500
2011-04-08,22.184921264648438,22.44452443900869,21.99949062792304,22.44452443900869,1313300
2011-04-11,22.140424728393555,22.370358388488256,22.088504361409967,22.177510300603576,1891800
2011-04-12,22.303598403930664,22.40743911544393,22.07366479355547,22.07366479355547,3482000
2011-04-13,22.266515731811523,22.40002604379724,22.18492578232608,22.377773853558363,1670500
2011-04-14,22.15525245666504,22.22942357742792,22.066245131136757,22.1849206220255,1901500
2011-04-15,22.095914840698242,22.333265823866558,22.095914840698242,22.236841102752273,2212900
2011-04-18,21.925317764282227,21.940152554533316,21.687966779158632,21.9104843887546,2581500
2011-04-19,21.814064025878906,21.947574335370724,21.68797111299483,21.917904748939765,1685300
2011-04-20,22.170089721679688,22.170089721679688,21.940156094581805,22.066249002614263,2241000
2011-04-21,21.999492645263672,22.244261051597373,21.962407080407264,22.229426259765365,1555200
2011-04-25,22.036584854125977,22.18492998772474,21.821485966604218,22.021751472545336,2644300
2011-04-26,22.45194435119629,22.55578506669195,22.095917828305186,22.133003393918308,2304100
2011-04-27,22.718961715698242,22.74863129759045,22.377770012279043,22.45194255228603,3688800
2011-04-28,22.96373176574707,22.993401349781877,22.51128192700537,22.674460395025896,4174600
2011-04-29,23.453269958496094,23.67578617947588,22.87472580333557,22.993401309821273,5374400
2011-05-02,23.66095542907715,23.80929913016146,23.43843917008875,23.497776933467247,3531000
2011-05-03,23.683202743530273,23.77962747336498,23.416182155955504,23.594195409430824,5361400
2011-05-04,23.594192504882812,23.73512017705664,23.40134448367742,23.69803461766935,2578900
2011-05-05,23.431018829345703,23.5867799081256,23.275256335842112,23.505191377932,2582000
2011-05-06,23.653533935546875,23.846383401534585,23.564528013254915,23.646116539568606,2132200
2011-05-09,23.668373107910156,23.698042697314303,23.49035981565693,23.65353831320808,1660900
2011-05-10,23.74254035949707,23.801879528576993,23.660951831459485,23.69062141599945,1483800
2011-05-11,23.83896255493164,23.861213326242552,23.675784101516438,23.735121849551376,2434000
2011-05-12,24.091150283813477,24.113401056921774,23.67578601401631,23.80929489683697,2865200
2011-05-13,24.002145767211914,24.157906846984,23.950225407287885,24.06890091989244,2907300
2011-05-16,23.9576416015625,24.157907061381394,23.86121686251323,23.9576416015625,1776100
2011-05-17,23.965059280395508,24.061481185441465,23.705454661290172,23.92055490383386,3820300
2011-05-18,24.410085678100586,24.42492046661095,23.824124264450905,24.00213889712867,2508500
2011-05-19,24.432334899902344,24.551010371028084,24.35074781242861,24.439753708411313,2590900
2011-05-20,23.84638023376465,24.38041852602164,23.83154544377878,24.328498175794525,2491500
2011-05-23,23.66095542907715,23.698042415391132,23.43843917008875,23.586782871173057,1525900
2011-05-24,23.46809959411621,23.853795636062927,23.46809959411621,23.772205707840975,2527800
2011-05-25,23.29750633239746,23.3939310609026,23.08240751793538,23.319758519296393,3005200
2011-05-26,23.312341690063477,23.39393162928498,23.06757328712256,23.253003938281545,2269900
2011-05-27,23.39393424987793,23.54969533523254,23.34201247336931,23.416185025086445,1669800
2011-05-31,23.37909507751465,23.631280857282427,23.245584792376004,23.512605362653293,6619500
2011-06-01,23.134328842163086,23.423600210354245,23.112076654331606,23.342010269695766,2766300
2011-06-02,23.089824676513672,23.25300455931483,22.91181141641356,23.20108420195942,2036900
2011-06-03,22.704124450683594,22.852468090565544,22.689289662278412,22.852468090565544,2079300
2011-06-06,22.555789947509766,22.748638042820172,22.533537754492585,22.726385849802988,1792200
2011-06-07,22.37035369873047,22.659625062552212,22.37035369873047,22.607704706453294,1780000
2011-06-08,22.377769470214844,22.43710721783837,22.222006998500905,22.34068390847145,2899200
2011-06-09,22.392601013183594,22.52611127965429,22.281342929365778,22.377766224748342,2112200
2011-06-10,22.15525245666504,22.370351253379592,22.133000271602107,22.325848297977174,1883900
2011-06-13,22.32585334777832,22.385191106644076,22.066250122219223,22.207177830046806,2477500
2011-06-14,22.49644660949707,22.570619153127865,22.429691461701715,22.51128140116795,1747100
2011-06-15,22.17750358581543,22.348099429887647,21.969822180761767,22.281345703065732,2476200
2011-06-16,22.466779708862305,22.548368238209644,22.236844669157378,22.296182424466206,2630900
2011-06-17,22.59286880493164,22.704128322219326,22.50386288876973,22.652207968670954,2566300
2011-06-20,22.874723434448242,22.919226391090785,22.41485483339703,22.496444766177927,1621100
2011-06-21,23.015649795532227,23.02306719033488,22.822801774833408,22.919225077821118,1104300
2011-06-22,23.082408905029297,23.208501808920097,22.889560851153746,22.9563160011385,2006200
2011-06-23,23.06757926940918,23.08241406488278,22.489034978454463,22.80797600751704,2582900
2011-06-24,22.61512565612793,23.06757696990206,22.592873465135757,23.023074002641533,3358100
2011-06-27,22.726377487182617,22.778297837060308,22.53352946283446,22.681874532247942,1178500
2011-06-28,22.874723434448242,22.874723434448242,22.711544983609933,22.770882730707818,1495800
2011-06-29,23.03150177001953,23.121088660714175,22.889654198468733,23.03896758157041,2291400
2011-06-30,23.03150177001953,23.17334934157033,22.98670832467221,23.03150177001953,2293400
2011-07-01,23.22560691833496,23.32265961355972,23.083759357045373,23.09122516805618,2801700
2011-07-05,23.233081817626953,23.352531992610462,23.218150189764412,23.262943649393627,2197200
2011-07-06,23.38985824584961,23.38985824584961,23.11362884267089,23.248010637516845,1253200
2011-07-07,23.62875747680664,23.688482557950298,23.464513859651152,23.546636380208025,1622200
2011-07-08,23.352527618408203,23.397321069647077,23.165886576961725,23.397321069647077,1366800
2011-07-11,22.95685386657715,23.09123567801974,22.87473133203812,23.076304049202008,1220700
2011-07-12,22.493974685668945,22.82992908500635,22.486510298090735,22.82992908500635,2927900
2011-07-13,22.464115142822266,22.7328786895625,22.441717705941215,22.546237654094693,2540600
2011-07-14,22.150556564331055,22.703013818985447,22.113228929486596,22.48651097376318,3187600
2011-07-15,22.1356258392334,22.240145784164454,21.97138224571039,22.150557463360414,3711800
2011-07-18,21.881797790527344,22.180423206032316,21.82207270742635,22.120698122931323,1756300
2011-07-19,22.374523162841797,22.47904309391477,21.94151608827623,21.963913521497126,2635300
2011-07-20,22.449182510375977,22.628357725506007,22.299870543079965,22.374525814748953,2021700
2011-07-21,22.904584884643555,23.0389666391465,22.53130286611666,22.54623448860763,1786700
2011-07-22,22.59849739074707,22.852329318230257,22.58356576584615,22.852329318230257,1132500
2011-07-25,22.493974685668945,22.52383793181358,22.31479948067498,22.367058737470142,1973300
2011-07-26,22.255075454711914,22.45664810375548,22.180418759811555,22.45664810375548,1712000
2011-07-27,22.04603385925293,22.195345794222206,21.85192706223092,22.18041417353796,2443100
2011-07-28,21.463712692260742,21.97137638551092,21.247208472039123,21.87432227852962,5280300
2011-07-29,21.672758102416992,22.2177495980955,21.247215334601446,21.38159711138971,4148300
2011-08-01,21.47117805480957,21.978841737478522,21.381589759767785,21.80713095731157,4454200
2011-08-02,20.941118240356445,21.508507013568416,20.92618804355545,21.39652270579344,4182900
2011-08-03,20.761945724487305,21.180022615576252,20.552908702900744,20.94112092468632,4555400
2011-08-04,20.022850036621094,20.81420762748485,20.022850036621094,20.642498216780485,5434900
2011-08-05,20.03031349182129,20.425992952670263,19.754084165576167,20.291611195251445,6645600
2011-08-08,18.48492431640625,19.8287389108763,18.477458505731022,19.657029537219376,7145000
2011-08-09,19.589839935302734,19.619703179939982,18.455062270329137,18.783550841549467,6687300
2011-08-10,18.93286895751953,19.627173905649506,18.888074079347238,19.25389179796313,5793400
2011-08-11,19.65703010559082,19.895930358274686,18.88806867130153,19.01498460853456,3635800
2011-08-12,20.09004020690918,20.314008871671845,19.45546042480423,19.74662139774535,3735700
2011-08-15,20.956058502197266,20.97099012911294,20.261753514159857,20.261753514159857,4245400
2011-08-16,20.83660125732422,20.92618956442994,20.47078506589504,20.65742606707061,4495600
2011-08-17,21.03070831298828,21.23228093834229,20.911258184769135,20.993380681903993,4944200
2011-08-18,20.478254318237305,20.515581955162283,19.903399596260932,20.493185942590525,8605300
2011-08-19,20.5305118560791,20.739550307602226,20.216954890773394,20.254282524564903,7198700
2011-08-22,20.963523864746094,21.053112200354853,20.79928024408137,20.941126424854332,5412100
2011-08-23,21.59063720703125,21.59063720703125,20.82167555109456,21.172561644327356,3391000
2011-08-24,22.150556564331055,22.165488187852038,21.463717545903815,21.515976804269258,3672400
2011-08-25,21.91912269592285,22.2998705623881,21.822068564336284,22.29240475042313,3274100
2011-08-26,22.158023834228516,22.329733244145384,21.389062259791373,21.762344328632263,3120000
2011-08-29,22.770206451416016,22.83739733846799,22.374526941438624,22.404390190776436,2501100
2011-08-30,22.703014373779297,22.829930328893106,22.43425083966582,22.620891866365064,2784400
2011-08-31,22.66568374633789,22.926980010061442,22.46411112235872,22.844858937444542,3307200
2011-09-01,22.39691734313965,22.78513091883724,22.31479485721502,22.620885946987983,3163000
2011-09-02,21.650365829467773,22.12070073646276,21.58317492504585,22.023647998941353,2850900
2011-09-06,21.538379669189453,21.583173127086447,20.978456461622784,21.075509191059332,2771200
2011-09-07,21.88926124572754,22.001245586482774,21.68022418937327,21.79220853012851,3029000
2011-09-08,21.672758102416992,21.919124218542766,21.583169776572106,21.747413379336578,2373100
2011-09-09,21.07550811767578,21.50104950592013,21.00085140901085,21.37413352837723,2830200
2011-09-12,21.105365753173828,21.15015919686694,20.649961233093837,20.851533865649692,3297900
2011-09-13,21.2845458984375,21.45625532579799,21.01578232590231,21.135232486149455,2576200
2011-09-14,21.538379669189453,21.75488256899022,20.948593207052554,21.418929498825232,2560900
2011-09-15,21.66529083251953,21.889259496128282,21.478649804859558,21.814602800272688,2207600
2011-09-16,21.530912399291992,21.739950895270123,21.32187390331386,21.739950895270123,5693800
2011-09-19,21.015785217285156,21.277083012759856,20.754487421810456,21.269617198722475,2587900
2011-09-20,21.217350006103516,21.71754796826687,21.04564061920093,21.277075072154755,2307700
2011-09-21,20.31401252746582,21.217356009021845,20.31401252746582,21.18002836616311,2205400
2011-09-22,20.119901657104492,20.187092535320826,19.7018247651011,19.82127489882838,4407500
2011-09-23,20.74702262878418,20.791816088180074,20.007922716980698,20.067647804161357,3586600
2011-09-26,21.13522720336914,21.15015882565741,20.806740056774444,20.85153349968138,3625700
2011-09-27,21.441320419311523,21.739947198198497,21.329336089207917,21.54584036150517,2818200
2011-09-28,20.993383407592773,21.710084269960955,20.97845178363726,21.277077142957335,2734700
2011-09-29,21.143877029418945,21.36961179423093,20.745077414052034,21.331989811824478,2886200
2011-09-30,21.11376953125,21.565240308660023,20.95575554850881,20.985852834903593,2905200
2011-10-03,20.278547286987305,21.211585998772872,20.278547286987305,20.948227962217356,3948300
2011-10-04,20.57953643798828,20.57953643798828,19.80451134232738,20.015198152313207,3900000
2011-10-05,20.85041046142578,20.88803386160325,20.459137145881883,20.797739136363294,2317300
2011-10-06,21.15139389038086,21.158918571116573,20.594580432612805,20.850412401696634,2538600
2011-10-07,21.128820419311523,21.452374523762856,21.038525683228258,21.309408456291912,3071900
2011-10-10,21.708209991455078,21.708209991455078,21.30941047501882,21.489998529107044,1986700
2011-10-11,21.331985473632812,21.550195510549766,21.189019386226736,21.497524171817616,2499800
2011-10-12,21.62544059753418,21.873749358986146,21.399705881736512,21.452377219743546,2483600
2011-10-13,21.331985473632812,21.467426879050535,21.23416604297053,21.414754105132044,1587600
2011-10-14,21.82860565185547,21.82860565185547,21.535150194636117,21.625443519079063,2048600
2011-10-17,21.505048751831055,21.82107821791171,21.43732804944332,21.775931561382,2169500
2011-10-18,21.520099639892578,21.617917641832616,21.219119516400422,21.512574957406972,4632400
2011-10-19,21.339508056640625,21.670585420445054,21.264262679344636,21.459900086239728,2408900
2011-10-20,21.35455322265625,21.497519277513486,21.19653924243458,21.33198061701659,3081100
2011-10-21,21.80602264404297,21.80602264404297,21.49751794777158,21.49751794777158,2482600
2011-10-24,22.189783096313477,22.24997912779997,21.866228888878588,21.888802938881,1672700
2011-10-25,22.15215301513672,22.415511094791107,21.81354956484021,22.06185828332896,2338200
2011-10-26,22.02423667907715,22.475707475194636,21.678108542485504,22.43055939095262,3278200
2011-10-27,22.212352752685547,22.58105355200919,22.061861986143263,22.543430142780462,4784200
2011-10-28,21.80602264404297,22.535900798546535,21.71572935669745,22.475704795254217,4396300
2011-10-31,21.41476058959961,21.94147700678544,21.39971265625267,21.685643482459383,3399800
2011-11-01,20.767650604248047,21.16644876790696,20.684880524158878,20.970812745274234,5142700
2011-11-02,20.910614013671875,21.204069444900362,20.857941238027696,21.068628035045247,3084200
2011-11-03,21.324464797973633,21.3771361466014,20.948239238990592,21.121302651678004,3156300
2011-11-04,21.20406723022461,21.264263246630062,20.857939059503575,21.10624780657435,2105500
2011-11-07,20.835369110107422,21.128824548147136,20.624682308199738,21.06862852405729,3657300
2011-11-08,21.02347755432129,21.091198246935832,20.745070102996387,21.008428192587807,3807400
2011-11-09,20.459138870239258,20.820314931268147,20.41399078622108,20.669824188246398,2597800
2011-11-10,20.429040908813477,20.820315707101333,20.301124203034224,20.70744836322226,2343300
2011-11-11,20.857938766479492,20.86546344782274,20.669826038456886,20.707449445173136,1715000
2011-11-14,20.511812210083008,20.797742927624803,20.451616194011777,20.79021824621762,2327100
2011-11-15,20.489238739013672,20.677351473896692,20.316175367366,20.398945429974134,6835600
2011-11-16,20.278547286987305,20.57200260576257,20.240923890230324,20.436561247809113,2639600
2011-11-17,20.03776741027832,20.24092950355048,19.91737537763991,20.180733487231272,2788300
2011-11-18,20.135591506958008,20.278557617091256,20.000150080009305,20.165688804509625,1965300
2011-11-21,19.676589965820312,19.977570026819148,19.623918634543784,19.92489869554262,2232400
2011-11-22,19.74431800842285,19.93243079596711,19.59382863949945,19.669072606367816,1809400
2011-11-23,19.47342872619629,19.65401820576922,19.39818478409147,19.601345437035164,2045800
2011-11-25,19.428285598754883,19.654021771583082,19.405712986102586,19.405712986102586,758500
2011-11-28,20.022720336914062,20.097964284133887,19.691641515438903,19.80450887145494,2340000
2011-11-29,20.17321014404297,20.225881482418103,19.992622083105505,20.082916831167406,3226500
2011-11-30,20.65477752685547,20.79774216277564,20.429041398500253,20.572007469606607,2666100
2011-12-01,20.57953643798828,20.775173882578017,20.534389776986487,20.65478182978225,1761200
2011-12-02,20.150646209716797,20.722509366506728,20.082925478308322,20.714984681329458,3298100
2011-12-05,20.3387508392334,20.511814223023602,20.255980770817924,20.361323450483894,5205100
2011-12-06,20.429040908813477,20.594581019343185,20.353795534498712,20.398943620199258,2932200
2011-12-07,20.57953643798828,20.647257147084208,20.301128918906528,20.429045654400337,5957000
2011-12-08,20.158161163330078,20.50428790326646,19.827082351296742,20.421517841461558,7572900
2011-12-09,20.617158889770508,20.835370387465662,20.20331137817926,20.25598272308871,2853800
2011-12-12,20.496763229370117,20.77517070588104,20.36884651343584,20.609630582209476,2202500
2011-12-13,20.263504028320312,20.790218824805407,20.195783328957244,20.58705816190247,2320400
2011-12-14,20.218360900878906,20.406473668551,20.135590823843497,20.218360900878906,2860000
2011-12-15,20.143112182617188,20.511812974186558,20.0151954643024,20.429042910810438,2513600
2011-12-16,19.90985107421875,20.376371285939822,19.81955776561871,20.368846604358776,4899500
2011-12-19,19.879751205444336,20.316172634254208,19.842129237603483,19.970045937522897,2478000
2011-12-20,20.240928649902344,20.43656605348544,20.143110665703883,20.143110665703883,2373500
2011-12-21,20.278547286987305,20.316169248558445,20.067860570705722,20.278547286987305,2304000
2011-12-22,20.647253036499023,20.775169746526366,20.278552268816956,20.316174239630687,2063900
2011-12-23,20.97081184387207,20.97081184387207,20.594586310818787,20.654782338699853,1314400
2011-12-27,21.158926010131836,21.19654799185138,20.88804314915399,20.94071449763599,1586100
2011-12-28,20.880517959594727,21.19654747801227,20.820321929190744,21.151400814005928,1150300
2011-12-29,20.93360710144043,21.047376414349092,20.56954472147058,20.56954472147058,1651200
2011-12-30,20.895689010620117,20.93361309020934,20.79708929699957,20.880520825440144,1516600
2012-01-03,20.895689010620117,21.365937470936476,20.70607295264115,21.244583309562394,3082700
2012-01-04,20.781911849975586,20.895681152648052,20.58471105023756,20.83500409477906,2869100
2012-01-05,20.93360710144043,21.092883850181497,20.637805151891538,20.7212366564637,2035700
2012-01-06,21.11563491821289,21.191481596920628,20.759157408938105,20.971526373333692,6083500
2012-01-09,21.039798736572266,21.236999620936803,21.00187610162577,21.16873772070847,1675500
2012-01-10,21.07012939453125,21.328007257458413,20.781912278716092,20.781912278716092,2343000
2012-01-11,20.706066131591797,20.895682127106944,20.47852751563572,20.80466725938661,2952800
2012-01-12,21.365930557250977,21.38110018417801,20.751575133258655,20.812252194311533,3707200
2012-01-13,21.03220558166504,21.23699120115918,20.9866981484403,21.23699120115918,1762700
2012-01-17,20.865346908569336,21.312840829232076,20.850177279848975,21.214239689205144,1966400
2012-01-18,20.97911262512207,20.986697438178698,20.63021990444811,20.85775850952633,2905800
2012-01-19,21.206655502319336,21.206655502319336,20.979116851403045,21.062548365178234,1937100
2012-01-20,21.31283950805664,21.373516572521318,21.1004690591026,21.23699281581196,2162600
2012-01-23,21.52521514892578,21.57072404630114,21.259753814181725,21.274921999984404,1586900
2012-01-24,21.502452850341797,21.547960281386313,21.282497614758853,21.44177579339739,1382700
2012-01-25,21.661731719970703,21.71482396920447,21.25974672054059,21.42660828194033,1709300
2012-01-26,21.760339736938477,21.99546324936811,21.69966265480645,21.836186451267448,2482800
2012-01-27,21.957536697387695,22.025798583437417,21.54796538108937,21.729996595003463,1727400
2012-01-30,22.048555374145508,22.05614019019539,21.65415361948623,21.798262231122457,2252300
2012-01-31,22.20783233642578,22.230585336606765,21.995461839250773,22.109231180122663,2302300
2012-02-01,22.761512756347656,22.860112474226224,22.306433908214455,22.374695807767225,4356200
2012-02-02,22.48845672607422,22.82976609586388,22.465703732525064,22.753919408504483,2747500
2012-02-03,22.784263610839844,22.837355869526462,22.63257020317333,22.73116990549768,1679200
2012-02-06,22.73875617980957,22.791848441903387,22.518802315898654,22.640156471157567,1578600
2012-02-07,22.541547775268555,22.678071515928927,22.503625156931857,22.65531852358897,2529100
2012-02-08,22.723581314086914,22.746335755452066,22.518797128421784,22.541550123131625,2195300
2012-02-09,22.82217788696289,22.905609375310753,22.57946968084731,22.753916023161008,2803400
2012-02-10,22.86768913269043,22.90561320038843,22.329180391276157,22.678073134166205,3100900
2012-02-13,23.095230102539062,23.125567911229204,22.829767404887573,22.958706346795136,2703100
2012-02-14,22.875274658203125,23.125567726179046,22.79184315332605,23.095229917731668,2378200
2012-02-15,22.602222442626953,23.019378433496094,22.503622777384432,22.96628619477666,3703000
2012-02-16,22.518802642822266,22.594649352624124,22.351939591927042,22.594649352624124,5178900
2012-02-17,22.45053482055664,22.67048862958155,22.38985775806819,22.609811567093097,2989900
2012-02-21,22.54913902282715,22.647740173287374,22.465708949348002,22.518801208831707,2102300
2012-02-22,22.579479217529297,22.67807892541275,22.503632509419763,22.587064033005813,1714400
2012-02-23,22.632568359375,22.708415057029285,22.51879903622129,22.57947610501363,1376600
2012-02-24,22.632568359375,22.69324542816734,22.57189129058266,22.632568359375,797400
2012-02-27,22.602222442626953,22.73874616885122,22.32159162463708,22.450530538664996,1705800
2012-02-28,22.46570587158203,22.587060004249622,22.367104734630008,22.564305561878683,1510900
2012-02-29,22.624980926513672,22.715997242496414,22.442949741203446,22.533964610530926,2147400
2012-03-01,22.700828552246094,22.82976749466068,22.564304795965317,22.662904482915142,1922900
2012-03-02,22.617399215698242,22.71600035876062,22.51121470469765,22.66290665660486,1425800
2012-03-05,22.640146255493164,22.655315879719616,22.465699916853936,22.526376967104753,1094100
2012-03-06,22.442955017089844,22.640155875864348,22.405032387064423,22.49604727778767,1820500
2012-03-07,22.38985252380371,22.55671404497451,22.215406190763108,22.48845218480124,1523200
2012-03-08,22.769092559814453,22.81460000061225,22.458122395494488,22.533967647939,1112200
2012-03-09,23.171077728271484,23.277263686235194,22.640153725074793,22.77667749484566,2333400
2012-03-12,23.178659439086914,23.322768004176194,23.064890128397597,23.155906444942215,1196600
2012-03-13,23.284849166870117,23.330356609210238,23.08006350635631,23.246925092707095,2044400
2012-03-14,23.23175811767578,23.451713432988534,23.178665854436336,23.292435196614527,1667800
2012-03-15,23.163497924804688,23.25451282088736,23.140743477456173,23.19383574128035,997900
2012-03-16,23.13315200805664,23.30759838092013,23.087644573104267,23.178659443009014,1432100
2012-03-19,23.201417922973633,23.262094995691893,22.928370372413696,23.163495295020542,1560400
2012-03-20,23.011798858642578,23.0952303651359,22.905614357036775,23.057306295522874,1166100
2012-03-21,22.981454849243164,23.057301526125013,22.79183888036606,22.981454849243164,1107900
2012-03-22,23.026968002319336,23.05730581071653,22.655320807857994,22.898029061656803,1411000
2012-03-23,22.935949325561523,23.026965634705505,22.807010398156386,23.026965634705505,1301100
2012-03-26,23.148319244384766,23.20141148745478,23.011795506973233,23.064887750043244,1262800
2012-03-27,23.21658706665039,23.315186765257017,23.125570736151165,23.23175524952068,1815000
2012-03-28,23.125568389892578,23.208999897164173,22.966291635998097,23.17866064119074,2303000
2012-03-29,23.140846252441406,23.163764612246208,22.919292393199182,23.10264655748445,2047800
2012-03-30,23.347122192382812,23.392961833037823,23.041531873863978,23.22488606497528,1759300
2012-04-02,23.591590881347656,23.683268691631067,23.24780237141592,23.316560364836135,2091900
2012-04-03,23.454082489013672,23.60687693657597,23.301286584281634,23.583958570884985,1573500
2012-04-04,23.263086318969727,23.354762688121646,23.117930367781305,23.27836474238197,1661500
2012-04-05,23.492280960083008,23.492280960083008,23.08737282871022,23.201970486934233,1418500
2012-04-09,23.41588020324707,23.545756270802883,23.209606191746147,23.209606191746147,1538300
2012-04-10,22.995689392089844,23.431155696729263,22.95748969868418,23.34711782840611,2294500
2012-04-11,23.293643951416016,23.30128389148669,23.041531757762126,23.22488594794954,1358500
2012-04-12,23.5992374420166,23.645077088605145,23.18669082290811,23.33948527336061,2072200
2012-04-13,23.515193939208984,23.56867205365851,23.37003801629646,23.530472359645042,2350800
2012-04-16,23.477001190185547,23.65271546311949,23.423523059916068,23.58395890789427,1287500
2012-04-17,23.652713775634766,23.698553418740865,23.308925195356963,23.5533974632442,2061900
2012-04-18,23.667999267578125,23.843713569631976,23.538123162327448,23.56104298931404,1430700
2012-04-19,23.54576301574707,23.75203708633748,23.377688656656733,23.67563912050733,1881700
2012-04-20,23.69091796875,23.89719203031697,23.568681811636967,23.622159948227676,1782500
2012-04-23,23.507551193237305,23.553389363410343,23.354755349768297,23.530469549739244,1311200
2012-04-24,23.507551193237305,23.637427223035214,23.469351503785475,23.56102930130071,1566100
2012-04-25,23.713834762573242,23.92774728158502,23.583958680100487,23.629796868864474,1643600
2012-04-26,23.79022979736328,23.79022979736328,23.370043268959094,23.698553425464386,2382700
2012-04-27,20.6350040435791,21.987242706799663,20.59680434686219,21.65109266153801,17483500
2012-04-30,20.910043716430664,21.12395626798793,20.665569939098123,20.879483947825356,5632600
2012-05-01,21.024639129638672,21.093397149198914,20.787805303522315,20.894763032377092,4675400
2012-05-02,20.879478454589844,20.963516338974724,20.757242326667974,20.879478454589844,3975800
2012-05-03,20.749597549438477,21.093387489806375,20.68847949972521,21.032269440093106,2664000
2012-05-04,20.535682678222656,20.864192726374643,20.45928621256151,20.78015632271354,2405800
2012-05-07,20.55097007751465,20.696126038313995,20.482212067513363,20.66556627512689,2365500
2012-05-08,20.489845275878906,20.558603263288102,20.29121125193781,20.474565399305924,3382200
2012-05-09,20.23773193359375,20.42872600785247,20.222452057932458,20.38288783803774,2676800
2012-05-10,20.650291442871094,20.680849754204186,20.3370611015646,20.390539239274982,3460200
2012-05-11,20.413448333740234,20.58152406980279,20.367610158981947,20.543324376529796,2368000
2012-05-14,19.657115936279297,19.947427836191668,19.458481861910197,19.947427836191668,6295100
2012-05-15,19.611276626586914,19.840468991537186,19.458480745173723,19.6800346275059,3392700
2012-05-16,19.840471267700195,19.91686921717141,19.756434834734574,19.79463308088534,3087500
2012-05-17,19.78700065612793,19.886318465316354,19.710602677637656,19.817560430392135,4033700
2012-05-18,19.855751037597656,19.993267054440167,19.7869930291764,19.977987173197736,5218800
2012-05-21,20.176618576049805,20.176618576049805,19.832828579638637,19.832828579638637,2259500
2012-05-22,20.344697952270508,20.375257718318757,20.130785418612156,20.222461802417207,2329600
2012-05-23,20.558610916137695,20.581530739528972,20.07730628227909,20.100224648500593,2528000
2012-05-24,20.36760711669922,20.627359163479525,20.222451218282206,20.48220326506251,2427700
2012-05-25,20.482213973999023,20.6273699483095,20.38289764873597,20.466935548153064,1724400
2012-05-29,20.451656341552734,20.60445080525477,20.268302110808353,20.581532437142908,3301000
2012-05-30,20.06202507019043,20.39817517179829,20.054385129566423,20.329417163351916,3374200
2012-05-31,20.13842010498047,20.23009646486247,19.90922629093653,20.100220407388413,2447900
2012-06-01,19.901588439941406,20.054384332005487,19.886310016470695,19.95506802218257,3367800
2012-06-04,19.7335147857666,20.00090687725546,19.595998769734067,19.98562699610303,2651000
2012-06-05,19.66475486755371,19.825190689730466,19.595996866216463,19.710593049388702,2402700
2012-06-06,19.985631942749023,20.00855177015056,19.718239785077905,19.74879955494662,2265300
2012-06-07,19.909229278564453,20.230099500640964,19.89395085440438,20.115503305007145,3887200
2012-06-08,20.084945678710938,20.100224103387667,19.848111881599944,19.86339176344641,1927100
2012-06-11,19.809907913208008,20.29121239501681,19.794628035774252,20.29121239501681,1939100
2012-06-12,19.595998764038086,19.901589101149526,19.565440458911777,19.893950617745197,4293500
2012-06-13,19.68003273010254,19.771709084376084,19.496678564386073,19.557796619624895,2873400
2012-06-14,19.74879264831543,19.84810895131537,19.641834948350663,19.741152708520122,1803100
2012-06-15,19.695316314697266,19.825192388667517,19.657116612253276,19.809912507689923,2115000
2012-06-18,19.764070510864258,19.779348931726094,19.542516650919833,19.626554522922113,1386000
2012-06-19,20.023822784423828,20.1460603614722,19.848108544244123,19.93978636273803,1130900
2012-06-20,19.977985382080078,20.062023264209383,19.786991255182237,20.023823564528087,1331900
2012-06-21,19.68003273010254,20.123138994876342,19.68003273010254,20.0009028843987,6873700
2012-06-22,19.54252052307129,19.825192493979753,19.511962218123426,19.779352850803463,3551700
2012-06-25,19.397367477416992,19.511965145380415,19.313331033325664,19.420287302443654,2137700
2012-06-26,19.4737606048584,19.55779848526677,19.343884542940696,19.397362664229835,1986600
2012-06-27,19.55016326904297,19.641839654211754,19.496685134832866,19.626561228130203,1897500
2012-06-28,19.58869171142578,19.61951500952271,19.380628937499644,19.473101771402092,1627800
2012-06-29,20.39011573791504,20.397821929576473,19.78904748638102,19.85840174152814,3562200
2012-07-02,20.14352035522461,20.39781876133046,20.11269706317221,20.390112570865973,2502800
2012-07-03,20.11269760131836,20.182051847548866,20.043343355087853,20.097285219977007,1605800
2012-07-05,20.051048278808594,20.143519621402632,20.01251732788984,20.104990140289367,1349400
2012-07-06,19.920045852661133,20.035635765036787,19.858397801407083,19.881514901998926,1456300
2012-07-09,20.012523651123047,20.035642228978933,19.85069801554969,19.85840420816832,1813700
2012-07-10,20.33617401123047,20.33617401123047,20.03563988331854,20.03563988331854,5197800
2012-07-11,20.405529022216797,20.428647598221865,20.104994883180105,20.343880956009123,5692500
2012-07-12,20.459470748901367,20.536531198556784,20.18976137981615,20.259115637525444,2466700
2012-07-13,20.70606803894043,20.713772762404354,20.39782618736463,20.45176954025465,3023900
2012-07-16,20.64441680908203,20.713769598306026,20.52111920540219,20.6752401076476,2791300
2012-07-17,20.806238174438477,20.837062936499866,20.57505833820027,20.65211730374264,1899200
2012-07-18,20.952653884887695,20.960360075781967,20.65982451012792,20.74459114015927,2538200
2012-07-19,21.20695686340332,21.253192548901225,20.798537477054996,20.960364581006576,2325300
2012-07-20,20.975770950317383,21.19924607643539,20.883299599362473,21.099067064794344,2269000
2012-07-23,20.898704528808594,20.898704528808594,20.551933411869502,20.721465141370228,2200800
2012-07-24,20.88330078125,20.891006972566643,20.682944216434382,20.867888398616714,2911300
2012-07-25,20.898704528808594,20.960352564063868,20.736877517635318,20.89099834067605,2248200
2012-07-26,20.975770950317383,21.122185637435884,20.652118282363958,20.998889522958923,4364600
2012-07-27,21.70784568786621,21.954437948306214,21.04512788557934,21.137600718147247,5995300
2012-07-30,22.00837516784668,22.04690611902163,21.700134907474556,21.71554728794454,2585600
2012-07-31,22.293502807617188,22.316619913162477,21.83884778101978,21.954437718163607,5192100
2012-08-01,22.062320709228516,22.51697572028159,21.900495096721023,22.339737724733645,3522800
2012-08-02,21.808019638061523,22.100849001289525,21.792608726685497,21.93902193849393,5024300
2012-08-03,22.139389038085938,22.270391400965995,22.077740953778044,22.16250762087875,1760600
2012-08-06,22.293502807617188,22.401386552977318,22.224148551369733,22.231854743153427,1932700
2012-08-07,22.224149703979492,22.40909390696252,22.10855976084083,22.393681522595802,1519100
2012-08-08,22.177915573120117,22.20873887420529,22.00067608010796,22.07773653752986,1535100
2012-08-09,22.185619354248047,22.3089154847983,22.10085271331757,22.131676011052225,1186200
2012-08-10,22.224149703979492,22.27809157945714,22.11626595302419,22.15479544413512,1235300
2012-08-13,22.13167381286621,22.20102806313798,22.031496267921252,22.20102806313798,1440800
2012-08-14,22.0931453704834,22.33973761873761,22.023791116936184,22.247266260545153,1322300
2012-08-15,22.139389038085938,22.254979012437456,22.031505257998692,22.031505257998692,982000
2012-08-16,22.270383834838867,22.339738089848655,22.123969133173112,22.154793899757806,1176800
2012-08-17,22.20102882385254,22.324324946381363,22.17791171950696,22.278089267884486,1566100
2012-08-20,21.769495010375977,22.147089614710215,21.715553134014787,22.13938342240063,2406800
2012-08-21,21.646202087402344,21.931323896166834,21.630789700494503,21.846558707785935,1691500
2012-08-22,21.65390396118164,21.730964410542168,21.46125357268324,21.623079193515103,1868100
2012-08-23,21.45354461669922,21.638488789452843,21.41501513188599,21.60766549556339,1104400
2012-08-24,21.45354461669922,21.599959304639615,21.314836119682592,21.384190368190907,1092300
2012-08-27,21.35335922241211,21.53059862107435,21.30712356049401,21.468950581915152,972400
2012-08-28,21.35335922241211,21.422713450191857,21.29171118325291,21.29941737187346,999200
2012-08-29,21.268604278564453,21.41501899290266,21.268604278564453,21.345664731890135,1386700
2012-08-30,21.291719436645508,21.36877988291705,21.16842331053335,21.19924807696427,1148200
2012-08-31,21.307126998901367,21.561425385195754,21.253185139657926,21.41501218719368,1201600
2012-09-04,21.18383026123047,21.345657303881307,21.00659230912201,21.345657303881307,1462300
2012-09-05,21.19153594970703,21.29941966238601,21.07594604757879,21.19153594970703,1942100
2012-09-06,21.592252731323242,21.63848840624142,21.230069113348303,21.26860006728479,1672000
2012-09-07,21.869670867919922,21.87737705962947,21.553724356857447,21.592255315405176,2050300
2012-09-10,21.738664627075195,21.80031414963073,21.646193282852924,21.754077007714077,1377000
2012-09-11,21.74637222290039,21.831138852087346,21.592252815967097,21.692430356983458,1813400
2012-09-12,21.761783599853516,21.89278589809188,21.723254117350397,21.82343165374183,1582000
2012-09-13,22.224149703979492,22.24726828052957,21.692434201774603,21.769494653802337,5140200
2012-09-14,22.046905517578125,22.278085339099217,21.94672651706165,22.208731098681795,6339400
2012-09-17,21.946731567382812,22.27038427387368,21.946731567382812,22.054616782750298,5938100
2012-09-18,22.085439682006836,22.085439682006836,21.854259811454707,21.88508310828563,2168500
2012-09-19,21.977558135986328,22.05461859047778,21.65390540296696,22.016087628329096,2400000
2012-09-20,21.74637222290039,21.877374527186774,21.723255120253484,21.838845042904854,2211900
2012-09-21,21.584545135498047,21.823431155131644,21.54601418406972,21.746370722080496,4333800
2012-09-24,21.569133758544922,21.669312767114423,21.522898084485078,21.584546139833396,1703500
2012-09-25,21.345659255981445,21.700135192615853,21.314834494636443,21.630780949395117,2594200
2012-09-26,21.091371536254883,21.384199568313427,21.052840565058847,21.276315788577058,1599000
2012-09-27,21.242929458618164,21.351747503508523,21.103019696596462,21.118565555162135,2587900
2012-09-28,21.382841110229492,21.398386970168943,21.18074937862104,21.219612545934865,2197200
2012-10-01,21.21184539794922,21.724847019653456,21.172980740223075,21.56161842227387,2538100
2012-10-02,21.297340393066406,21.39061407029956,21.204068198368056,21.297340393066406,1523600
2012-10-03,21.359521865844727,21.55384066334885,21.281794050336124,21.343976006236055,1473700
2012-10-04,21.468341827392578,21.538295231952848,21.227385446271867,21.375068150420883,1754500
2012-10-05,21.65488052368164,21.763698541980567,21.491652013698946,21.52274372323253,1245400
2012-10-08,21.69375228881836,21.75593425003268,21.522752266112697,21.600480088264327,1139400
2012-10-09,21.48388671875,21.825888232448424,21.476113788605165,21.71707017549045,1646800
2012-10-10,21.42169952392578,21.483881467350194,21.351744652256507,21.445018308660366,1476300
2012-10-11,21.499433517456055,21.59270720073045,21.452797417086305,21.561615478794018,1457300
2012-10-12,21.608247756958008,21.717067281951923,21.499429714498728,21.538292877510003,995200
2012-10-15,21.787031173706055,21.794804106030547,21.553847651577055,21.600485245524006,884800
2012-10-16,21.717060089111328,21.872514172203594,21.437240663997443,21.849196875133533,1987600
2012-10-17,22.105709075927734,22.136799315784284,21.709298510646008,21.779253403491893,1760700
2012-10-18,22.245615005493164,22.30002402771188,21.95802255336394,22.05906766855089,1252100
2012-10-19,22.027976989746094,22.37775138628904,21.895840160222605,22.198976982203405,2054400
2012-10-22,22.043527603149414,22.121253945784137,21.903617814350984,22.02020881083802,1329900
2012-10-23,21.981340408325195,22.043522357155673,21.748156988309958,21.856976510664243,1194400
2012-10-24,21.818119049072266,22.05130254585671,21.77925587420907,22.020210819938082,1101200
2012-10-25,22.144573211669922,22.19898224569178,21.90361828277242,21.989119040541045,990900
2012-10-26,21.93470573425293,22.23007114214169,21.911388426943414,22.152343325195446,2288500
2012-10-31,22.035751342773438,22.46325209280881,21.958023529348445,22.152342321643562,1506300
2012-11-01,22.00466537475586,22.167893973857513,21.732618697943185,22.035757101264792,2764500
2012-11-02,20.582250595092773,21.34398007054883,20.44234079704267,21.328435690514972,6996900
2012-11-05,20.869834899902344,20.93201684314367,20.403469584325162,20.53560639902979,2448600
2012-11-06,21.017526626586914,21.126344703510583,20.869843891808284,20.924252930270118,2609500
2012-11-07,20.908702850341797,21.001976527847514,20.83874796284621,20.908702850341797,3996100
2012-11-08,20.862071990966797,21.0408449783269,20.830980263146685,20.85429905901177,2899700
2012-11-09,20.792102813720703,20.939785454423053,20.75323966315732,20.784329887101194,1898300
2012-11-12,20.792102813720703,20.846511817523105,20.67551187949639,20.776556960481685,2010200
2012-11-13,20.77656364440918,20.846518523955446,20.691064389157354,20.722154623103116,12808100
2012-11-14,20.628889083862305,20.81543499523235,20.582251494118456,20.79211620036043,3026800
2012-11-15,20.69106674194336,20.7221569794244,20.55892989694562,20.59002013442666,3309800
2012-11-16,20.994197845458984,21.025288074419,20.67551521531322,20.737697155767652,3014300
2012-11-19,21.235158920288086,21.375068698062798,21.001976945686792,21.141886723461504,4561100
2012-11-20,21.359521865844727,21.367294795649066,21.196294787557957,21.235157954044872,1505300
2012-11-21,21.49165153503418,21.49165153503418,21.289559875169825,21.375060591948586,1038100
2012-11-23,21.70930290222168,21.70930290222168,21.452802070744166,21.546074291716778,422500
2012-11-26,21.8414306640625,21.85697652191177,21.553838223989423,21.553838223989423,1631300
2012-11-27,21.818119049072266,21.934710056196945,21.616027278206452,21.83366491203158,1857400
2012-11-28,21.958026885986328,21.9813456783389,21.701526100247886,21.75593513320226,1526400
2012-11-29,21.95025062561035,22.043524298337168,21.84920550581314,22.03575136873204,1174000
2012-11-30,22.12902069091797,22.12902069091797,21.81811095968156,21.973566566567037,3561000
2012-12-03,22.08238983154297,22.214526683928657,21.97357177047295,22.18343644470932,2106600
2012-12-04,22.2222957611084,22.300023569481382,22.051295768715544,22.09015893163472,1648900
2012-12-05,22.642030715942383,22.743077343548705,22.284484759883345,22.315575003545604,2650300
2012-12-06,22.626482009887695,22.688663967860027,22.432163205907308,22.665345177669845,1725800
2012-12-07,22.618709564208984,22.71975469212737,22.5254358839856,22.696437383972665,1865700
2012-12-10,22.564300537109375,22.642026874345003,22.517662955726173,22.595390775496654,2700500
2012-12-11,22.432165145874023,22.618711035923784,22.38552756146037,22.603165174452567,2321600
2012-12-12,22.471023559570312,22.673115268305494,22.43216039665512,22.5098867224855,2213300
2012-12-13,22.642030715942383,22.704212685802002,22.432167494250606,22.525439707772485,2226900
2012-12-14,22.642030715942383,22.758623206647385,22.572077297068525,22.587621677632104,1264100
2012-12-17,22.75862693786621,22.79749011944933,22.610944179286736,22.642034428046163,1536300
2012-12-18,23.116165161132812,23.123938091336605,22.540981668865932,22.813028295859215,1543200
2012-12-19,23.287166595458984,23.2949395261359,23.038438743937466,23.178348531052055,1776600
2012-12-20,23.256078720092773,23.26385165156008,23.03844108661338,23.248305788625466,1476300
2012-12-21,23.155033111572266,23.22498652830453,22.96071427639305,23.139487248949514,2105300
2012-12-24,23.116165161132812,23.18612005043208,22.89852756303122,23.116165161132812,392500
2012-12-26,22.97625732421875,23.155031768944163,22.921848290729045,23.09284832205882,995000
2012-12-27,22.937395095825195,22.991804131552644,22.71975747038036,22.98403120037229,1073400
2012-12-28,22.72976303100586,22.97265218457414,22.714092377372864,22.97265218457414,884200
2012-12-31,22.980491638183594,22.996162294630697,22.580898865398826,22.721931784550634,1137400
2013-01-02,23.13718605041504,23.309558719757657,22.988317861998187,23.19986715694285,2366000
2013-01-03,23.29388999938965,23.46626417744874,23.121517315766148,23.168527775947904,1617300
2013-01-04,23.3957462310791,23.458427338757435,23.293888497079628,23.36440493002219,1417500
2013-01-07,23.28605842590332,23.372245528820933,23.152860855228745,23.28605842590332,1121500
2013-01-08,23.33306884765625,23.380079312309597,23.239046423913827,23.286056888567174,1045300
2013-01-09,23.50543975830078,23.528945736055903,23.25471530665527,23.34873622880453,1362900
2013-01-10,23.654308319091797,23.677812802766255,23.497604787229104,23.536781417412595,1636600
2013-01-11,23.654308319091797,23.709154106913047,23.615131688908306,23.6386376670184,992900
2013-01-14,23.693485260009766,23.82668282391048,23.654310121277216,23.701320586643423,1328500
2013-01-15,23.74833106994629,23.764001723225444,23.568123040543256,23.701320604544573,900700
2013-01-16,23.70131492614746,23.763996029811096,23.513271615156555,23.74832538028634,1386800
2013-01-17,23.81100845336914,23.897195538448486,23.677810910262664,23.70915221190443,1254400
2013-01-18,23.975549697875977,23.975549697875977,23.771835700120917,23.81884616285342,1124700
2013-01-22,24.187095642089844,24.20276479785407,23.873688615838034,23.92853589153692,1170000
2013-01-23,24.187095642089844,24.21843544805375,24.014721478764258,24.132248366390957,1085700
2013-01-24,24.132247924804688,24.24977630471624,24.100908119414253,24.218435004890377,1618800
2013-01-25,24.375141143798828,24.398645626767554,24.069569415285102,24.132250527261018,1258200
2013-01-28,24.900094985961914,25.385874704487065,24.555348137151665,24.555348137151665,4893600
2013-01-29,24.931432723999023,25.02545512748313,24.837411814950322,24.900092919127925,1375300
2013-01-30,24.712053298950195,24.986282236679035,24.680711994960827,24.954942427125292,2220900
2013-01-31,24.98628044128418,25.06463220119199,24.56318332887883,24.64153508878664,2987300
2013-02-01,24.931432723999023,25.229169089669192,24.923597399172397,25.103806881313986,2160300
2013-02-04,24.58669090270996,24.80607555915402,24.5710217443063,24.80607555915402,1374500
2013-02-05,24.594526290893555,24.860921412089013,24.524009847375012,24.688548713730185,2142600
2013-02-06,24.71988868713379,24.727724013624528,24.30462684417483,24.445659732136637,2862300
2013-02-07,24.94710922241211,25.03329632127584,24.64937278693871,24.64937278693871,2622900
2013-02-08,24.382978439331055,24.51617599984442,23.474100000604952,24.1870997617782,7228300
2013-02-11,24.500505447387695,24.71988861070715,24.382978539261458,24.4221536771583,2538000
2013-02-12,24.43782615661621,24.610198868455747,24.4143201754598,24.610198868455747,2329000
2013-02-13,24.46132469177246,24.5945222303795,24.42214956047911,24.492665992355512,2156100
2013-02-14,24.524003982543945,24.633697032026586,24.27327957418709,24.39864177836552,1951900
2013-02-15,24.531843185424805,24.774733802050775,24.492668050838986,24.571019814446217,1817100
2013-02-19,24.422151565551758,24.618030226971186,24.273283364431027,24.56318444088344,2551100
2013-02-20,24.43782615661621,24.555353073526614,24.38298036168708,24.38298036168708,2089800
2013-02-21,24.265443801879883,24.500499051203754,24.241939323052225,24.343795551654505,1602500
2013-02-22,24.55535316467285,24.649374100775834,24.265452040411013,24.312464002898338,1085400
2013-02-25,24.249780654907227,24.735558933868873,24.241945328545174,24.625867353671538,1528400
2013-02-26,24.210603713989258,24.49266948167908,24.038231019531967,24.35163659783417,2364800
2013-02-27,24.524003982543945,24.55534528080623,24.108742241616163,24.23410444579459,1951500
2013-02-28,24.63370132446289,24.735557572693114,24.492668446578264,24.57885553738234,1551900
2013-03-01,24.359472274780273,24.53968029809389,24.296791158217463,24.524009645344265,1893800
2013-03-04,24.445659637451172,24.476999448857008,24.218439653407085,24.38297852020379,1278300
2013-03-05,24.508337020874023,24.64936839236784,24.429985262642692,24.516172346140706,2132400
2013-03-06,24.320302963256836,24.618037964643516,24.29679697850155,24.56319216131724,2252000
2013-03-07,24.187095642089844,24.461324548406992,24.187095642089844,24.375138961179655,2393000
2013-03-08,24.524003982543945,24.547509956240656,24.24977509492573,24.32812535171073,1537800
2013-03-11,24.853086471557617,24.931438242732135,24.437824624873414,24.531845554734247,1891100
2013-03-12,24.712053298950195,24.915765797138583,24.563185093871947,24.853084683595473,1041200
2013-03-13,24.970609664916992,25.2370032402248,24.82957680511935,24.82957680511935,2350000
2013-03-14,24.99411964416504,25.033296277414347,24.915767872102176,24.978448990865317,1301500
2013-03-15,25.048965454101562,25.080305266287557,24.72772453340743,24.84525144436747,2170800
2013-03-18,25.1273136138916,25.166488747101173,24.837414041495474,24.89225982576309,950800
2013-03-19,25.15082359313965,25.33103462525949,25.041132000629645,25.11164845136775,1225300
2013-03-20,25.464229583740234,25.49557089132633,25.22917575458772,25.22917575458772,1178500
2013-03-21,25.448558807373047,25.581757869536588,25.354537873939215,25.354537873939215,942500
2013-03-22,25.581758499145508,25.66794261340589,25.456396255191173,25.472063920422762,1054500
2013-03-25,25.57391929626465,25.777634791765642,25.472061548514148,25.589589948908674,1082900
2013-03-26,25.534744262695312,25.738456770151476,25.48773230457248,25.597423884654365,1713300
2013-03-27,25.696535110473633,25.70442584172325,25.30193231522387,25.396636143121295,1205800
2013-03-28,26.043785095214844,26.05167582664889,25.57026293407949,25.696535711087616,1701100
2013-04-01,25.63338851928711,26.035884919776954,25.55446919125114,25.988531516607743,858200
2013-04-02,25.72809600830078,25.996425976952843,25.617607728958134,25.751774218574077,883000
2013-04-03,25.522905349731445,25.838588746038994,25.459767466237942,25.696531518758597,1152800
2013-04-04,25.649179458618164,25.767561491120766,25.570260110669857,25.59393531293832,1019800
2013-04-05,25.554475784301758,25.60182618910798,25.34928066154091,25.43609375112587,1170600
2013-04-08,25.641286849975586,25.657068309945227,25.309818989594536,25.507120355594232,868900
2013-04-09,25.807025909423828,25.964867644917998,25.649184173929658,25.688643855158027,1126000
2013-04-10,26.327896118164062,26.359465060890898,25.838589548218447,25.88593995172862,2664500
2013-04-11,26.627790451049805,26.6514656487133,26.09902128878837,26.28843190183504,2817600
2013-04-12,26.454174041748047,26.66725993087361,26.406820618415477,26.51730892894414,1544300
2013-04-15,25.885944366455078,26.422604442015807,25.728102636481818,26.35157581405687,2441300
2013-04-16,26.091135025024414,26.225298515517867,25.885939908224916,25.988537466624667,1395200
2013-04-17,25.593935012817383,26.004322240612588,25.380849163159482,25.956968826050794,1761000
2013-04-18,25.459774017333984,25.657075438149153,25.333501228435505,25.657075438149153,1217300
2013-04-19,25.791236877441406,25.8385902928964,25.420309316161024,25.562366551945843,1349000
2013-04-22,25.6728572845459,25.909621373747413,25.47555588393161,25.75967038250906,1110700
2013-04-23,25.893835067749023,26.051673768604797,25.743884087123703,25.743884087123703,1282500
2013-04-24,26.20952033996582,26.225304815094297,25.88594612628405,25.88594612628405,935500
2013-04-25,26.24108123779297,26.730387774302233,26.162161896948852,26.33578504892189,1979900
2013-04-26,27.0776424407959,27.259159348896933,26.138485946411247,26.272652450143397,3857800
2013-04-29,26.57254981994629,27.08553463933333,26.501524209543465,26.643578440929414,2092300
2013-04-30,26.89612579345703,27.061858231515195,26.50941376074115,26.580442378563244,2550400
2013-05-01,26.911903381347656,27.322290557411982,26.801415105211053,26.832984044272862,1591200
2013-05-02,26.92769432067871,27.030291891990398,26.73828666195916,26.982938472020283,896500
2013-05-03,27.21179962158203,27.2354748182745,26.97503862291905,27.053957952280232,1403800
2013-05-06,27.36175537109375,27.39332431609183,27.061859425352885,27.172347722265865,1117300
2013-05-07,27.606412887573242,27.685335257811943,27.369651798018324,27.424895951895117,1606900
2013-05-08,27.488027572631836,27.63008178546966,27.41699896092297,27.566946914272837,1041900
2013-05-09,27.274946212768555,27.535382491380076,27.14077969726897,27.417003459494985,1132700
2013-05-10,26.79353141784668,27.314407006948706,26.785637675716657,27.27494732804017,2343000
2013-05-13,26.667251586914062,26.872443669324312,26.643573377366156,26.809308801882594,1334300
2013-05-14,26.754064559936523,26.832983896576923,26.588329136064143,26.706711151604456,2171400
2013-05-15,27.156553268432617,27.290719730071704,26.61989344303464,26.746166166035387,2738900
2013-05-16,27.259153366088867,27.274937834274184,26.943470023541504,27.093420966012268,2434100
2013-05-17,27.53537368774414,27.606402288398023,27.29861268909101,27.36964128974489,2157800
2013-05-20,27.590621948242188,27.701110230105165,27.49591813672819,27.52748707742615,1403200
2013-05-21,27.693212509155273,27.843160423746877,27.55115532245623,27.60639944944151,1113500
2013-05-22,27.267053604125977,27.84317334620094,27.23548465674585,27.669550156771287,1338200
2013-05-23,27.393325805664062,27.622196153475024,27.259162297997232,27.385435074275616,1872300
2013-05-24,27.322294235229492,27.41700106516328,27.219699685338092,27.322294235229492,1123100
2013-05-28,27.345972061157227,27.559054899043566,27.19602108784006,27.48802929346818,1457400
2013-05-29,26.880332946777344,27.203906991469186,26.714597549775785,27.196013252737135,1752300
2013-05-30,27.345972061157227,27.551164168617444,26.998719710805965,27.038179384096765,1720700
2013-05-31,26.911903381347656,27.353859496473792,26.911903381347653,27.227586750806285,2749700
2013-06-03,27.124990463256836,27.14077493352044,26.68303733819546,26.927689100831618,1980600
2013-06-04,26.951366424560547,27.132883310748532,26.746171328466463,27.077639171933917,1861700
2013-06-05,26.690927505493164,26.864553664153533,26.493626147226315,26.832984724291684,1851100
2013-06-06,26.564651489257812,26.738277626562716,26.319996751289946,26.690924222594262,1395600
2013-06-07,26.769853591918945,26.79353180807334,25.893837869301098,26.383144518170454,2539100
2013-06-10,26.612010955810547,26.927691355778308,26.57254827155697,26.801418593675177,1207400
2013-06-11,26.612010955810547,26.73038997683091,26.335787218936115,26.335787218936115,987400
2013-06-12,26.5094051361084,26.77773504829498,26.49362066944105,26.77773504829498,1313600
2013-06-13,26.817201614379883,26.88033949730558,26.304219863218375,26.304219863218375,1713800
2013-06-14,26.880332946777344,26.982927465660183,26.54097443520063,26.706706821622962,1447100
2013-06-17,26.967151641845703,27.243375384992866,26.809312943567544,27.093427417396537,1551500
2013-06-18,27.42488670349121,27.440671172216007,27.03817474618265,27.04606848583484,1132300
2013-06-19,26.911903381347656,27.424888104073,26.87244371281026,27.39331916501119,1525900
2013-06-20,26.351572036743164,26.730390328029678,26.28843716015216,26.730390328029678,1275400
2013-06-21,26.3989200592041,26.6041121294323,26.1621590518394,26.533083526164933,1975900
2013-06-24,25.846485137939453,26.233197232597696,25.846485137939453,26.233197232597696,1733600
2013-06-25,26.42259979248047,26.485737677591757,25.9885373693706,26.043781513552943,1975200
2013-06-26,26.856664657592773,26.880342871952532,26.556768707785643,26.635688060770608,1860700
2013-06-27,26.97985076904297,27.035479083558283,26.820911428349593,26.97985076904297,1324200
2013-06-28,26.97188949584961,27.10698893316292,26.79705903137534,26.876527148725977,2837900
2013-07-01,27.130830764770508,27.234141750163882,26.892423363605822,26.9957343489992,1658200
2013-07-02,26.852689743041992,27.265930659888227,26.741433156105433,27.09109714812242,1745700
2013-07-03,26.789104461669922,26.84473273778562,26.59837980970572,26.70168773305563,482600
2013-07-05,27.138778686523438,27.162618516562297,26.638121035105875,26.884477061060597,930400
2013-07-08,27.23414421081543,27.353346406410605,27.059310686124682,27.178515913234712,1673000
2013-07-09,27.639427185058594,27.718898320111638,27.39307424517873,27.41691406993773,881800
2013-07-10,27.591760635375977,27.87785079436729,27.49639522803536,27.615600471453497,992600
2013-07-11,28.076526641845703,28.100366480014383,27.854010370047714,27.909638680118327,1056400
2013-07-12,28.020885467529297,28.211613200497617,27.909628886428802,28.076516789594013,839400
2013-07-15,28.06062889099121,28.17188549719632,27.99705195515106,28.02089179033354,581500
2013-07-16,27.92552375793457,28.13214572602022,27.83810700463022,28.036780341589363,804500
2013-07-17,27.917572021484375,28.084456860281954,27.814261060151356,28.02882858068276,824100
2013-07-18,28.16393280029297,28.283138022033896,27.917579788249977,27.957313851658714,856400
2013-07-19,28.05268096923828,28.21162028135176,27.8222191182495,28.17983181262602,929000
2013-07-22,27.917572021484375,28.148030737746513,27.86194374188518,28.02882858068276,867900
2013-07-23,27.81426429748535,27.997043384801405,27.766581610201683,27.965254926612293,1008100
2013-07-24,27.90167808532715,28.299024676046102,27.85399540309587,27.917572312737576,1466100
2013-07-25,27.92552375793457,27.957312219411524,27.464603192576924,27.901683927584127,1903100
2013-07-26,27.23414421081543,28.012943408460348,27.011631020492555,27.91758104568124,1992400
2013-07-29,26.860626220703125,27.18645027101277,26.82089217193631,27.13082199643651,2293400
2013-07-30,27.16261863708496,27.21824692843213,26.8924227798925,26.96394530184093,1397400
2013-07-31,26.948057174682617,27.194413257527422,26.757329395784186,27.178519023326285,2306200
2013-08-01,27.34539222717285,27.48049164428178,27.035462371735886,27.067250826527857,1330200
2013-08-02,27.448707580566406,27.472547409717183,27.234140023666242,27.289768312694317,1269600
2013-08-05,27.4566593170166,27.5202362509822,27.289774412629505,27.353348315080037,748700
2013-08-06,27.361291885375977,27.45665423716599,27.273875133104085,27.401025945995606,1260800
2013-08-07,27.369243621826172,27.40103209005552,27.138784805951353,27.226198546309284,1473300
2013-08-08,27.758642196655273,27.846058960396622,27.41692377376541,27.480500704309993,847800
2013-08-09,27.679170608520508,27.79837279113373,27.559965394392762,27.782478560482392,1390000
2013-08-12,27.60764503479004,27.73479583443183,27.456651376049415,27.544068119212053,1043500
2013-08-13,27.72684669494629,27.806317837959064,27.49638492748044,27.59175029909577,1007900
2013-08-14,27.68711280822754,27.798369377610516,27.591750467544156,27.671218579527952,998300
2013-08-15,26.820898056030273,27.408972413939882,26.661958794580574,27.408972413939882,2099500
2013-08-16,26.61428451538086,26.781169409439205,26.463290822315315,26.725541111419755,4397200
2013-08-19,26.510971069335938,26.606333424052472,26.447394145181846,26.550705131174944,1034700
2013-08-20,26.741432189941406,26.80500608095911,26.34408551865856,26.50302176196008,659500
2013-08-21,26.510971069335938,26.717590009807534,26.471237007496928,26.717590009807534,750800
2013-08-22,26.669918060302734,26.836802987193163,26.495084499837255,26.646075191093047,562300
2013-08-23,26.8447322845459,26.876520736507786,26.646059007054557,26.73347573419293,900900
2013-08-26,26.90036392211914,26.916258150086772,26.76526753166527,26.82884141202179,997600
2013-08-27,26.463289260864258,26.73348513452235,26.415609597669402,26.64606837664551,1149400
2013-08-28,26.415613174438477,26.495081311533312,26.27256810245569,26.423558775541917,798700
2013-08-29,26.185144424438477,26.463285862404753,26.10567327679503,26.336135057689553,1129400
2013-08-30,25.835485458374023,26.248726459866255,25.771911552037277,26.224886623929383,1440400
2013-09-03,25.557342529296875,26.113628578864514,25.422244575302308,26.097734345275143,2082800
2013-09-04,25.79574203491211,25.946735691805454,25.38250269901049,25.517600611446717,1887000
2013-09-05,25.732175827026367,25.843432429598174,25.66859889326245,25.771909894871293,878800
2013-09-06,25.565282821655273,25.85137290382664,25.493763332626887,25.779850383283797,1784700
2013-09-09,25.81958770751953,25.875215998274943,25.620914374388928,25.620914374388928,1464500
2013-09-10,26.010316848754883,26.089788014478845,25.87522041429665,25.99442261561009,1573900
2013-09-11,26.375873565673828,26.447396094862462,25.883164493215908,26.010315319382947,1853200
2013-09-12,26.423555374145508,26.46328943757812,26.22488202546772,26.367927079036907,1764800
2013-09-13,26.22488784790039,26.439455475892334,26.161310907081123,26.423561240687516,1957200
2013-09-16,26.598390579223633,26.661964478447803,26.44739688447577,26.558653481754252,1134100
2013-09-17,26.503023147583008,26.654016830733987,26.39176655884945,26.590439904877854,919000
2013-09-18,26.963947296142578,26.963947296142578,26.37587284645883,26.50302366915873,1347600
2013-09-19,27.05931282043457,27.17851805694694,26.96395045013373,27.01957875210214,1578800
2013-09-20,27.16261863708496,27.16261863708496,26.8924227798925,27.09109611513653,5862200
2013-09-23,27.0752010345459,27.25003453415663,26.948050225242028,27.083149665354252,1296900
2013-09-24,27.130830764770508,27.305664273664746,26.979840118052945,27.02751977937713,1458300
2013-09-25,26.987777709960938,27.16261116697863,26.7891044293549,26.987777709960938,1607800
2013-09-26,27.083152770996094,27.099043971406214,26.93215908346704,26.995736011166592,1052800
2013-09-27,27.027090072631836,27.04310649258658,26.86692892790414,26.914978187768376,1262500
2013-09-30,26.71478271484375,26.939006528167557,26.65071702256818,26.82689462150565,1456700
2013-10-01,26.858924865722656,26.922987496971903,26.642707757468855,26.706770388718102,988700
2013-10-02,26.650714874267578,26.770836510191156,26.490556766129608,26.698764139601032,1196500
2013-10-03,26.290361404418945,26.594664315410405,26.09016067385159,26.55462478026108,1732300
2013-10-04,26.450517654418945,26.554622882222667,26.242310253632002,26.298366209798505,1238800
2013-10-07,26.370431900024414,26.490553521233988,26.194254336868966,26.258320016132664,1618900
2013-10-08,26.138200759887695,26.426490233019106,25.946009814346755,26.354417864736252,1629800
2013-10-09,25.921979904174805,26.266325274497827,25.85791728320424,26.24230217348631,1623600
2013-10-10,26.13019371032715,26.186249656559035,25.962022816811537,26.114177289286616,2019100
2013-10-11,26.466527938842773,26.49856077917024,26.146208700027454,26.146208700027454,1754600
2013-10-14,26.578643798828125,26.594660221386405,26.274340934681526,26.338403570094403,1631700
2013-10-15,26.41848373413086,26.666730628421707,26.386450891377194,26.466529943441333,1642100
2013-10-16,26.546621322631836,26.66673994268354,26.434506333834054,26.618693716591295,2121000
2013-10-17,26.546621322631836,26.586660862649072,26.42649964775904,26.434506333834054,2140000
2013-10-18,26.522586822509766,26.650715143205172,26.482547295071225,26.59465919382719,1504800
2013-10-21,26.626693725585938,26.626693725585938,26.37043706795089,26.58665419560927,1102700
2013-10-22,26.987051010131836,27.011074113063536,26.706768238376192,26.722784658603924,1795500
2013-10-23,26.979047775268555,27.091162743885352,26.91498513373664,26.96303135118044,1169000
2013-10-24,26.890958786010742,27.05111689795983,26.7628274087392,26.987054264144227,1387100
2013-10-25,27.019086837768555,27.035100204946897,26.738804035025353,26.971037571773113,2061700
2013-10-28,26.995058059692383,27.107169947990297,26.91497901228526,27.0190842177704,1539500
2013-10-29,27.099166870117188,27.283351147511056,26.987054966905287,27.059127341087258,1043900
2013-10-30,26.706768035888672,27.195258157261577,26.69876135324541,27.10716937408682,1187500
2013-10-31,26.802871704101562,26.92299029573829,26.602670996553318,26.810878388282532,1307900
2013-11-01,27.49957275390625,27.99606971543653,27.275348910922396,27.4675399035312,2340500
2013-11-04,27.339405059814453,27.411477428620397,27.09916484873465,27.411477428620397,3070400
2013-11-05,27.33139991760254,27.427495396488755,27.163229011026413,27.219288016431918,1178100
2013-11-06,27.45151710510254,27.523589474303453,27.219286630850746,27.355421631108005,2062600
2013-11-07,27.307371139526367,27.531597975197073,27.18725256613625,27.531597975197073,1781700
2013-11-08,27.48354721069336,27.491556948040163,27.179241342729323,27.251313704751865,1313700
2013-11-11,27.307371139526367,27.531597975197073,27.235298773564335,27.491558450733702,975700
2013-11-12,27.315378189086914,27.443506487651987,27.155217052175672,27.25932224939092,1574000
2013-11-13,27.715789794921875,27.723796480071528,27.1071778596434,27.139210709883475,1156600
2013-11-14,28.020090103149414,28.12419226317232,27.779846829693188,27.779846829693188,1356400
2013-11-15,28.116188049316406,28.13220447260835,27.87594780957802,28.004076141093186,1276900
2013-11-18,28.14822006225586,28.26033196715875,27.948019359266333,28.18024985307076,1075500
2013-11-19,28.028099060058594,28.156227390711763,27.92399383677153,28.12419454434338,813100
2013-11-20,27.980045318603516,28.11618336650074,27.875943166774917,28.07614384234975,824400
2013-11-21,27.811880111694336,27.867936061765363,27.499567517064285,27.699768211552286,1505100
2013-11-22,28.044111251831055,28.060127672598625,27.71578226314568,27.85191725744015,896600
2013-11-25,27.899967193603516,28.148217139266873,27.859927668127483,28.12419098012527,897000
2013-11-26,27.980045318603516,28.100166945876367,27.875943166774917,27.923989373828153,1788000
2013-11-27,27.883947372436523,28.044108509631474,27.76382575583541,27.996059252027106,747000
2013-11-29,27.956026077270508,28.14822009649517,27.803874642548696,27.859930595068327,621000
2013-12-02,27.980045318603516,28.07614384234975,27.8278939049018,28.004071476950013,1276600
2013-12-03,27.715789794921875,27.972046487201002,27.507579323182124,27.8279017159414,1983600
2013-12-04,27.635711669921875,27.67575426592898,27.33941539936059,27.619698297304446,1105300
2013-12-05,27.603673934936523,27.73980894679966,27.51558513675671,27.579647773274566,945800
2013-12-06,27.948013305664062,28.02008566532207,27.771835747651235,27.827891687960836,905300
2013-12-09,27.659730911254883,27.988059954465083,27.61168164097275,27.96403379191381,1482900
2013-12-10,27.651714324951172,27.87594114259049,27.571635282464054,27.595658384246256,1330600
2013-12-11,27.15521812438965,27.675741076198946,27.099162182480306,27.611675396977,1633800
2013-12-12,27.01107406616211,27.275340417231153,26.947011440182212,27.075139746961806,1402200
2013-12-13,27.179244995117188,27.20327115556653,26.987054040443322,27.083149517780257,1033700
2013-12-16,27.13119888305664,27.251317466461952,26.963027978576957,27.22729436074492,1372000
2013-12-17,26.64270782470703,27.099165147232558,26.618684719780443,27.083148725674814,2107700
2013-12-18,26.41047477722168,26.7067709444071,25.986050290051743,26.698764260891867,4158900
2013-12-19,26.426490783691406,26.562625785051335,26.170234147750307,26.378441518894924,2104600
2013-12-20,26.65872573852539,26.87494285942792,26.378442927805708,26.426492195168567,2681200
2013-12-23,26.706768035888672,26.890955339701225,26.67473825049585,26.850912762025587,1164800
2013-12-24,26.979047775268555,27.14721870078348,26.75482394767604,26.76283063230983,476100
2013-12-26,26.963027954101562,27.13119885842859,26.922988426336136,27.00307053668714,867500
2013-12-27,26.890958786010742,27.043110214290444,26.850916203203298,27.0270937921315,1048100
2013-12-30,26.86674690246582,26.979733627150168,26.81832270103367,26.91516802524063,1295400
2013-12-31,26.794109344482422,26.931306616241738,26.729543749308373,26.866744099724716,1121400
2014-01-02,26.60041618347168,26.87481381127812,26.56006422498837,26.7941098943115,1808100
2014-01-03,26.616558074951172,26.729544792257315,26.471288558798374,26.656910034180914,1363800
2014-01-06,26.4874267578125,26.721472403185874,26.455143962866494,26.69726184630476,2232900
2014-01-07,26.38251304626465,26.52778256596881,26.204963805581848,26.463220045354305,2610600
2014-01-08,26.204967498779297,26.430940970763466,26.04355655650875,26.430940970763466,3246100
2014-01-09,26.116188049316406,26.36637205371576,26.10811580995414,26.30180953210399,2325600
2014-01-10,26.164609909057617,26.334093075216938,26.05969542364632,26.20496494969296,2249400
2014-01-13,25.857934951782227,26.1484740310293,25.809510745688502,26.067767020873088,2250700
2014-01-14,26.011268615722656,26.148468967089027,25.849857705326887,25.930564699853296,2179400
2014-01-15,26.011268615722656,26.091975610249065,25.92249246107213,26.091975610249065,1660800
2014-01-16,25.914426803588867,26.027413532540283,25.833719798153954,26.0112721314533,1065200
2014-01-17,26.027408599853516,26.14846754573419,25.874069936573957,25.930563290343102,2360600
2014-01-21,26.04355812072754,26.14040346044349,25.84986436263779,26.091982329914437,1339900
2014-01-22,26.108110427856445,26.17267601481551,26.02740652281425,26.091972109773312,1699000
2014-01-23,26.011268615722656,26.011268615722656,25.744941691099605,25.970916657787974,1748600
2014-01-24,25.61581802368164,26.116190701276437,25.559324657038264,25.866003592814643,4580400
2014-01-27,25.898286819458008,25.96284934868084,25.664241108877764,25.68845321183294,3384400
2014-01-28,25.946714401245117,26.10005312192538,25.79337260190682,25.849865976823658,2456100
2014-01-29,25.809505462646484,26.07583392365977,25.648096093360003,25.78529490388419,3194100
2014-01-30,25.99512481689453,26.043549009139756,25.76915141039701,25.914420908475922,2039800
2014-01-31,25.849863052368164,25.89021809730733,25.535113405251863,25.704595050157533,2526800
2014-02-03,25.46247673034668,25.922495884601297,25.35756070226336,25.849861119263334,1934600
2014-02-04,25.446338653564453,25.68038282770362,25.365633182046906,25.58353749334563,1903700
2014-02-05,25.46247673034668,25.704593127916134,25.381772803818922,25.486688831902242,2567400
2014-02-06,25.720733642578125,25.753014904211025,25.405982490517506,25.46247585287158,1373900
2014-02-07,26.955522537231445,27.302554944047397,25.825649155227335,25.825649155227335,7275000
2014-02-10,26.737613677978516,26.931304289452285,26.543919987847985,26.874810937884373,2175600
2014-02-11,27.052364349365234,27.133068261040684,26.753756181777803,26.802177297320316,1685700
2014-02-12,27.09272003173828,27.133071993126315,26.995874708675533,27.100792271210274,1380900
2014-02-13,27.488183975219727,27.520463705747122,26.95552993829101,27.003951073411173,2008400
2014-02-14,27.762571334838867,27.827133850456715,27.359045606592122,27.431680360822817,2049100
2014-02-18,27.30255126953125,27.73028754092745,26.971657228752306,27.714146142938947,3213700
2014-02-19,27.221845626831055,27.318690940898176,27.141141711551292,27.19763506797853,1998800
2014-02-20,27.229921340942383,27.423611993797604,27.052369010277246,27.221849101189918,2156500
2014-02-21,27.246065139770508,27.43168974749987,27.10886782297528,27.26220654386254,1811800
2014-02-24,27.246065139770508,27.617311276571197,27.246065139770508,27.31869991885564,2060400
2014-02-25,27.173423767089844,27.36711749053668,27.100792084286734,27.29448272907628,1394300
2014-02-26,27.09272003173828,27.359048518482474,26.979733308388855,27.165354793699667,1540800
2014-02-27,26.979736328125,27.173426995929532,26.786042581662812,27.14921643211838,2032100
2014-02-28,27.528522491455078,27.55273304718106,27.012010111589927,27.020079270613042,1804100
2014-03-03,27.4720401763916,27.52853354821372,27.310629223189324,27.334839788639414,1705700
2014-03-04,27.689937591552734,27.80292430700179,27.520454439722055,27.609230595762625,1173300
2014-03-05,27.552736282348633,27.698005791074937,27.4720323680149,27.698005791074937,1061400
2014-03-06,27.568883895874023,27.60116670034791,27.423614354399216,27.52853192961051,1831800
2014-03-07,27.63344955444336,27.7625776939131,27.40747300137805,27.681870682583458,1580800
2014-03-10,27.6173038482666,27.73835972840905,27.439751529669024,27.520455449763993,1147000
2014-03-11,27.44782066345215,27.609231582141902,27.326764783427738,27.609231582141902,798300
2014-03-12,27.32676124572754,27.43974795058604,27.27026789329829,27.359044041017626,1021200
2014-03-13,27.149211883544922,27.447820075598454,27.10885992440101,27.407468116454538,1277700
2014-03-14,26.899024963378906,27.254126475334715,26.850600770479875,27.100787815806328,2152900
2014-03-17,27.221845626831055,27.383256536047607,26.97165856361255,27.012013599909455,1709700
2014-03-18,27.528522491455078,27.58501584058679,27.27833546054562,27.27833546054562,1497200
2014-03-19,27.609230041503906,27.794851510109133,27.46396053065511,27.48010192948909,1646500
2014-03-20,27.568883895874023,27.7060842755592,27.472038561110047,27.55274249363708,1674400
2014-03-21,27.463966369628906,27.964340603893227,27.431686643755153,27.778716017166268,3424000
2014-03-24,27.32676124572754,27.681862757948082,27.29447845043745,27.447817110080155,1379100
2014-03-25,27.32676124572754,27.512382700660332,27.24605425750232,27.415537393446876,1329700
2014-03-26,27.1895694732666,27.52046053262101,27.11693470030306,27.39940463012029,1162900
2014-03-27,27.34290885925293,27.455895589796775,27.09272175686477,27.27027409266653,1156000
2014-03-28,27.375442504882812,27.651962251496442,27.35917627243888,27.48117146453507,1078900
2014-03-31,27.782087326049805,27.839017584922466,27.473035133265046,27.52996539213771,1329700
2014-04-01,27.847152709960938,27.928480766126437,27.684493495163462,27.83088647823454,1168100
2014-04-02,28.0179386138916,28.245659613501676,27.676354012010552,27.855279427399005,1965500
2014-04-03,28.050472259521484,28.14806653456344,27.96100954803883,28.042337593496114,951400
2014-04-04,28.074859619140625,28.375776998461244,28.017929387984427,28.17245385791341,1159800
2014-04-07,27.928482055664062,28.221268035324986,27.90408425818119,28.017944783056745,1335600
2014-04-08,28.131805419921875,28.22939971270849,27.887818136722025,27.928482166844226,1415000
2014-04-09,28.326993942260742,28.375789531967552,28.131802276034648,28.17246630161242,1720400
2014-04-10,28.042339324951172,28.61977654976314,28.026073094362154,28.326993706559595,2496800
2014-04-11,27.708890914916992,28.083004932139918,27.684493118892238,28.066738700634605,2356500
2014-04-14,27.928482055664062,27.952879853146932,27.741425035873274,27.84715399574341,853400
2014-04-15,27.961013793945312,28.001677822848826,27.643830025044746,27.98541159079411,981800
2014-04-16,28.351383209228516,28.367649435060123,27.89593819333964,28.099261362536673,1091700
2014-04-17,28.034208297729492,28.27006088962105,27.920347783892257,28.139934144883313,1591900
2014-04-21,28.09926414489746,28.172460617154847,27.887809393079266,28.026067672640075,835000
2014-04-22,28.213132858276367,28.302595584053204,28.13180479982464,28.18873506123416,926300
2014-04-23,28.351383209228516,28.457112125901272,28.22938806672416,28.25378895670424,900400
2014-04-24,28.26192855834961,28.652308781967555,28.237530763894185,28.359522838637538,1731400
2014-04-25,27.97727394104004,28.253793620895017,27.651955575634464,28.139930021276964,1750400
2014-04-28,28.27005386352539,28.302586317240955,28.00166887653586,28.091131573020885,1505300
2014-04-29,28.43272590637207,28.790576854377242,28.34326316937078,28.383930306165514,1292600
2014-04-30,28.5384464263916,28.595376678084904,28.37578723478245,28.440852152412525,1138200
2014-05-01,28.489646911621094,28.668572327446743,28.326990827196987,28.56284339059832,1280200
2014-05-02,28.40018081665039,28.538442194880705,28.310721221872626,28.457114162367983,1099800
2014-05-05,28.43272590637207,28.46525837482108,28.091144295058356,28.286332900818493,1037700
2014-05-06,28.408315658569336,28.562840162293536,28.28632050657377,28.40018099378798,1212000
2014-05-07,28.58724594116211,28.627909964623615,28.408320514972132,28.416452078677985,888100
2014-05-08,28.51404571533203,28.790565382028237,28.45711546946508,28.55470973345618,880500
2014-05-09,28.49778175354004,28.60350758857628,28.343254128929285,28.562843567218806,731600
2014-05-12,28.627912521362305,28.70924057554867,28.465253310523178,28.63604408579438,1070900
2014-05-13,28.6441707611084,28.790563699774054,28.546573400354273,28.68483477685652,1417700
2014-05-14,28.45711898803711,28.70923779305941,28.44085275828307,28.67670533355134,1099400
2014-05-15,28.131805419921875,28.46525543087055,28.115539187379667,28.424591400748348,1837300
2014-05-16,28.302595138549805,28.302595138549805,28.09927189315438,28.148070588937227,1362400
2014-05-19,28.359521865844727,28.400185889364312,28.164333311964256,28.26192758890449,1025200
2014-05-20,28.131805419921875,28.505919460992754,28.001678662050846,28.375792703121725,1178800
2014-05-21,28.29446792602539,28.29446792602539,28.026079711636495,28.148074918625444,994200
2014-05-22,28.351383209228516,28.48964147509913,28.08299513670507,28.237522730872634,1226100
2014-05-23,28.392053604125977,28.457118522076737,28.253795307179683,28.375787374638286,695500
2014-05-27,28.554716110229492,28.5791139060593,28.35952443619183,28.432720926147653,821200
2014-05-28,28.611650466918945,28.692978532978028,28.457125900419943,28.570986433889402,1098900
2014-05-29,28.774307250976562,28.782438815903213,28.587250232997658,28.684844524450437,902500
2014-05-30,28.790569305419922,28.806832432913243,28.660442568210392,28.71737282183543,906400
2014-06-02,28.8393611907959,28.863762083835873,28.692968242419006,28.823094962924493,683900
2014-06-03,28.8393611907959,28.888159874410107,28.749898488736047,28.831229628093066,1267300
2014-06-04,28.806825637817383,28.969484796576985,28.766161623743834,28.798694075988834,667800
2014-06-05,29.042699813842773,29.067100719845243,28.766179998064775,28.823110274624888,1252700
2014-06-06,29.278539657592773,29.28667122019053,29.01828621994476,29.124015148509795,1403600
2014-06-09,29.56319808959961,29.595730552849698,29.262280560702408,29.262280560702408,989900
2014-06-10,29.78277587890625,30.018631491242388,29.628251392788727,29.66891540466542,1941500
2014-06-11,29.823455810546875,29.937319448033367,29.693329041600638,29.70959527552728,1780200
2014-06-12,29.831575393676758,29.880374070780434,29.72584647785145,29.790911380656354,1333200
2014-06-13,29.855987548828125,29.929184048475907,29.709594549532557,29.85598754882812,1103800
2014-06-16,29.823455810546875,29.929184779836596,29.758393977307204,29.847856712670286,1418900
2014-06-17,30.034908294677734,30.132502578047212,29.807187265993512,29.847851292191933,1110500
2014-06-18,30.221952438354492,30.295148895354618,29.994231506560762,30.05929330030254,1738000
2014-06-19,30.38463020324707,30.392761769025345,30.181306931654106,30.21383939970104,1426300
2014-06-20,30.56354331970215,30.612338899579985,30.36835169279383,30.50660997240191,2179400
2014-06-23,30.417150497436523,30.571675005113736,30.278889114806873,30.506610095060804,1456800
2014-06-24,30.38463020324707,30.433425802850557,30.303299033129736,30.37649553500188,2067500
2014-06-25,30.6204776763916,30.636740803557657,30.30329085226411,30.30329085226411,1305500
2014-06-26,30.685544967651367,30.685544967651367,30.49035638217057,30.64488093754842,1025800
2014-06-27,31.226024627685547,31.226024627685547,30.587252544616117,30.587252544616117,2825400
2014-06-30,31.09501075744629,31.135956945602167,30.898464680706606,31.111389857507422,2902000
2014-07-01,31.234222412109375,31.438956437489214,31.029488386729533,31.119571857735593,2147800
2014-07-02,30.972166061401367,31.29155067159452,30.914840778750985,31.242416500176255,1636000
2014-07-03,31.054061889648438,31.103199190534937,30.988548612460384,31.029494801202162,753200
2014-07-07,31.062246322631836,31.152329792889912,30.89845847888927,31.045867225858252,1746600
2014-07-08,30.914840698242188,31.070437447317502,30.89846159981422,31.062249460100315,1254900
2014-07-09,30.56269645690918,31.021301819377047,30.538129372417607,31.00492272171818,3239100
2014-07-10,30.366159439086914,30.472618908585304,30.31702213655331,30.357968326667617,1587800
2014-07-11,30.30063819885254,30.37434257889057,30.136850340546516,30.37434257889057,1629800
2014-07-14,30.317018508911133,30.480806373764064,30.25969322481166,30.480806373764064,1287500
2014-07-15,30.32521629333496,30.407111814215746,30.259703000625027,30.284270094891916,1666400
2014-07-16,30.52994155883789,30.554511769976504,30.35796570083652,30.35796570083652,1211200
2014-07-17,30.161420822143555,30.4808054305268,30.15322971095786,30.390721951445663,721500
2014-07-18,30.32521629333496,30.39892070013032,30.11229418703431,30.226944792272715,724900
2014-07-21,30.45624351501465,30.54632701862794,30.185996128169215,30.251509415527874,914100
2014-07-22,30.439861297607422,30.603649185237156,30.382536005536135,30.54632389316587,848800
2014-07-23,30.333396911621094,30.554510055498785,30.317017813112344,30.439856365937544,701800
2014-07-24,30.341581344604492,30.472610993331795,30.259688985647397,30.38252752408304,1118800
2014-07-25,30.603647232055664,31.11957795176373,30.49718776728578,30.49718776728578,1991900
2014-07-28,30.52994155883789,30.56269975769352,30.071339270834233,30.276073327691233,2029600
2014-07-29,30.89027214050293,30.98854360239396,30.43166677835569,30.554508448714568,3472300
2014-07-30,31.078632354736328,31.09501145516498,30.75105659415125,30.923032462661126,2554400
2014-07-31,31.062246322631836,31.168708889663495,30.89027049249912,31.0376792394681,3207100
2014-08-01,30.93940544128418,31.095005302571714,30.783808703990008,30.88208016312352,3248600
2014-08-04,31.045867919921875,31.045867919921875,30.718292225113437,30.9885426419294,1058000
2014-08-05,31.078632354736328,31.217850022388898,30.91484447444379,31.021307065233035,1490400
2014-08-06,31.176902770996094,31.33249953377553,30.923031408993342,30.963980720666658,2443200
2014-08-07,31.332487106323242,31.447140759941853,31.18508151394172,31.389815495128865,1676000
2014-08-08,31.701026916503906,31.74197311121712,31.332504916096187,31.389833337487975,1421600
2014-08-11,31.512666702270508,31.840242453709536,31.447153426379035,31.741967853881494,1484500
2014-08-12,31.651885986328125,31.684641060720804,31.512665205182707,31.53723229197565,1116100
2014-08-13,31.8238525390625,31.946691061112595,31.69282290781337,31.7829063650458,1319400
2014-08-14,31.91394805908203,31.979461337472795,31.815673455504868,31.872998745594543,1319400
2014-08-15,31.99582862854004,32.02039570836972,31.651877014953133,32.00401973781184,1740900
2014-08-18,31.963077545166016,32.200569782959434,31.881185178199654,32.14324450128427,2167000
2014-08-19,32.151424407958984,32.19237370514417,31.95488152703824,32.04496498245723,2734900
2014-08-20,32.34798812866211,32.3807463347536,32.06954962487334,32.1842002221991,1566600
2014-08-21,32.38893127441406,32.43806857892435,32.29065978938767,32.38893127441406,863500
2014-08-22,32.21693801879883,32.4462390681877,32.09409638577336,32.413484006841074,1118500
2014-08-25,32.1923828125,32.413495959084216,32.11867843030526,32.274275182052534,1506200
2014-08-26,32.24150466918945,32.307021039000794,32.04496180774035,32.23331668495926,1447200
2014-08-27,32.274269104003906,32.47900311332238,32.175997654249095,32.282457089819694,1759800
2014-08-28,32.143253326416016,32.25790392124438,32.06954892631286,32.118686234379766,1226100
2014-08-29,32.208770751953125,32.37255553601425,32.126875235928054,32.290663143983686,1017300
2014-09-02,32.07773208618164,32.15962758729666,31.95489352050002,32.11868139873612,1366600
2014-09-03,32.053165435791016,32.24152040493818,32.01221924667102,32.176007127144985,1886700
2014-09-04,32.03678894042969,32.28246921912124,31.897571261302364,32.20876794710859,1418800
2014-09-05,32.110496520996094,32.12687562439916,31.92214151785265,32.085929427888765,1715700
2014-09-08,32.11867141723633,32.16780557864201,32.03677594157192,32.13505051236921,1014800
2014-09-09,32.11867141723633,32.22513084961062,32.06953413183768,32.21694286404066,1210500
2014-09-10,32.15961837768555,32.17599747321804,32.02039762765589,32.15142726792278,864800
2014-09-11,32.08591842651367,32.12686460898475,31.946697657319834,32.102297524300795,1035000
2014-09-12,32.06135940551758,32.11868470019355,31.897571510445825,32.11868470019355,1381600
2014-09-15,32.07773208618164,32.1678155754112,32.00403082116903,32.11049028662765,1026100
2014-09-16,32.30703353881836,32.32341263760838,31.97945781100523,32.0777292797517,913100
2014-09-17,32.143253326416016,32.42987981348693,32.09411601834911,32.30704122931128,3264700
2014-09-18,32.11867141723633,32.2415099447435,32.06953413183768,32.22513084961062,1540600
2014-09-19,32.12687683105469,32.19239324712769,32.02860533093985,32.18420213312123,5447600
2014-09-22,32.004024505615234,32.192379435019625,31.98764540862442,32.12686304705637,1286800
2014-09-23,32.03678894042969,32.233335037779476,31.954896555530585,31.98765475908792,2265800
2014-09-24,32.23332977294922,32.28246394626566,32.06135391835423,32.18419247563905,1675300
2014-09-25,32.01221466064453,32.25789488416267,31.954889379290083,32.24151578606232,1319500
2014-09-26,31.94668960571289,32.15961469928799,31.79928401076672,32.07771923099269,1728900
2014-09-29,32.00444412231445,32.03743915043325,31.773485218640978,31.78998273270038,1480500
2014-09-30,32.18590545654297,32.26014267766765,31.9137012635597,31.99618881290839,1709200
2014-10-01,31.253820419311523,32.26014661824024,31.13834098269583,32.26014661824024,3731600
2014-10-02,31.476524353027344,31.641496284643186,31.19607301325378,31.204323340452405,2239600
2014-10-03,31.567272186279297,31.616764730297383,31.418797700804223,31.567272186279297,1332800
2014-10-06,31.814727783203125,31.905462538246194,31.583768876969206,31.6002663912115,1590600
2014-10-07,31.41054916381836,31.78998254520955,31.336311924278426,31.666252763783312,2008900
2014-10-08,31.954944610595703,31.963191791725023,31.36104687878641,31.435284095262574,1722400
2014-10-09,31.61676025390625,32.10342270824137,31.592012412111483,31.95495139036647,1354900
2014-10-10,31.559003829956055,31.89719482113228,31.550756650619878,31.600249166369103,1374200
2014-10-13,31.402299880981445,31.723993547524998,31.37755518250245,31.567271879526107,1250500
2014-10-14,31.608510971069336,31.85596737115959,31.402296779897654,31.46828683143044,1334700
2014-10-15,31.336305618286133,31.460032228235075,30.824892228112905,31.369297492992132,1897900
2014-10-16,31.080604553222656,31.476535440620392,30.66817615219431,31.006367315174394,2682200
2014-10-17,31.50953483581543,31.658009332493876,31.154846110036853,31.28682309079776,2030100
2014-10-20,31.61676025390625,31.633254619664438,31.253821275651262,31.41054606956273,1573700
2014-10-21,31.93020248413086,32.03743473745679,31.55076915276666,31.67449891787955,1649800
2014-10-22,32.136409759521484,32.367371728355586,31.987935331905977,32.0044328401497,1509900
2014-10-23,32.32612228393555,32.581828909410234,32.28488009184674,32.41685699447745,959700
2014-10-24,32.36738204956055,32.42512177353644,32.13642000707802,32.28489448203859,1259000
2014-10-27,32.44986343383789,32.46636094579844,32.23540207150806,32.342631179383645,1085300
2014-10-28,32.52409362792969,32.63957304009143,32.309629165419615,32.60657802330865,1333300
2014-10-29,32.44986343383789,32.62308258955567,32.16116484097492,32.56534287098307,1407200
2014-10-30,32.829307556152344,32.96953488060318,32.26840455150842,32.293152400870156,1451500
2014-10-31,31.674503326416016,32.66432899877102,31.361056851994757,32.334388156845705,4923400
2014-11-03,31.402299880981445,31.418797395493826,30.97337394339699,31.179588154933025,3562800
2014-11-04,31.53426742553711,31.60025746386353,31.328053275634375,31.402290495462488,2230300
2014-11-05,31.789966583251953,31.839455953710257,31.42702775147786,31.657989684400683,1678000
2014-11-06,31.93020248413086,32.21890422053473,31.831220559987727,31.888960277952776,2063300
2014-11-07,32.27664566040039,32.32613505182281,31.913706674882373,31.97144639592773,1310000
2014-11-10,32.606597900390625,32.697332678566475,32.23541474833294,32.26015945271548,1681700
2014-11-11,32.50761032104492,32.738569246266756,32.4746152898477,32.58184756794899,1297700
2014-11-12,32.69731521606445,32.837542474694764,32.350876953409966,32.48285388393237,1634800
2014-11-13,32.689083099365234,32.82930727603991,32.54885577611088,32.755070021747535,1571700
2014-11-14,32.804561614990234,32.90354356896148,32.51585979158636,32.69732932934996,1366200
2014-11-17,32.821048736572266,32.96952319379367,32.74681150796156,32.804551225038935,1482000
2014-11-18,32.70556640625,32.95302276417988,32.6560738760327,32.81279550185335,1200900
2014-11-19,32.48286437988281,32.68082826634394,32.42512465078338,32.631338868018275,979000
2014-11-20,32.44161605834961,32.5241004710835,32.29314159816569,32.4251185464871,1104900
2014-11-21,32.1694221496582,32.74682266371159,32.004450124703,32.7055804441177,2128900
2014-11-24,32.27664566040039,32.40037228553524,32.13641837601966,32.26839533077745,1266500
2014-11-25,32.57358932495117,32.60658119836854,32.185905706447876,32.35087765984789,2205900
2014-11-26,32.70556640625,32.75505578988899,32.49110192188668,32.58183665399591,1015900
2014-11-28,32.67257308959961,32.9117822782544,32.598335863692206,32.730312804574424,784400
2014-12-01,32.36738204956055,32.58184343195972,32.276647298575874,32.43336895699915,1306200
2014-12-02,32.23541259765625,32.62309324229705,32.22716226569258,32.34264174054642,1706500
2014-12-03,32.342628479003906,32.38387068217252,32.210651540917304,32.28488876525217,2198600
2014-12-04,32.375633239746094,32.48286551750594,32.27665129304896,32.375633239746094,1612600
2014-12-05,32.69731521606445,32.71381272570203,32.251891895584485,32.41686384538205,3726800
2014-12-08,32.44986343383789,32.77980737989157,32.367379020613804,32.73856202670086,1078800
2014-12-09,32.458106994628906,32.474604504748555,32.10341839350234,32.27664067646945,1263400
2014-12-10,32.26015090942383,32.590091751274095,32.19416085310633,32.47461229929755,1804600
2014-12-11,32.43336486816406,32.69731875780006,32.17765816095107,32.243648206649354,1097900
2014-12-12,31.938457489013672,32.43337032876181,31.938457489013672,32.301393361723704,1178000
2014-12-15,32.12815856933594,32.16940076150954,31.63324282352002,31.97968416024892,2397500
2014-12-16,32.32612228393555,32.6560661138011,32.04567097252309,32.12815850327826,1901900
2014-12-17,32.42510986328125,32.47459923903723,31.765222151808608,32.33437514562487,1903500
2014-12-18,33.37369918823242,33.37369918823242,32.68081947876905,32.77155421340734,2720500
2014-12-19,33.20872497558594,33.79437554670858,32.58183535079914,33.62940359916105,3017600
2014-12-22,33.414939880371094,33.42319020855338,32.96126937427139,33.20872572790957,1192400
2014-12-23,33.645912170410156,33.81088417219588,33.4726929844958,33.52218238242606,982900
2014-12-24,33.67890167236328,33.78613078133215,33.52217688042945,33.71189355004209,463000
2014-12-26,33.71188735961914,33.91810150349399,33.67064516015979,33.69538985051978,943300
2014-12-29,33.728389739990234,33.86861701429829,33.62940781767657,33.670650023092385,1348100
2014-12-30,33.786529541015625,33.85297141226946,33.421091328434834,33.64533541615618,1427300
2014-12-31,33.42939376831055,33.94433012681757,33.39617125014268,33.91941482232853,934200
2015-01-02,33.69517517089844,33.84467336807212,33.3795675137235,33.446012565033776,2346600
2015-01-05,33.504154205322266,33.69517899711928,33.387878520600154,33.56229204768332,2235300
2015-01-06,33.62042236328125,33.76992054396218,33.304814740924385,33.512450750950784,2522100
2015-01-07,33.504154205322266,33.84467721126907,33.30482219703094,33.753316839480334,1593800
2015-01-08,33.81144714355469,33.89450344860644,33.70347869939854,33.70347869939854,1156100
2015-01-09,33.57058334350586,33.78652653448108,33.50414147816443,33.75330401767357,965500
2015-01-12,33.346343994140625,33.66194844364822,33.32142551887232,33.603810615145555,1705600
2015-01-13,33.2798957824707,33.81975061662213,33.02242601770601,33.62872588854783,1787900
2015-01-14,33.254981994628906,33.346342340108336,32.94767843833011,33.07226130367004,1158500
2015-01-15,33.254981994628906,33.52075581696514,33.238370734698655,33.42939547148571,1280200
2015-01-16,33.362953186035156,33.46262075384468,33.18023564826596,33.28820726258922,1828200
2015-01-20,33.661949157714844,33.686867633511746,33.27159561066987,33.470924407400474,1131500
2015-01-21,33.63704299926758,33.81145653591482,33.512460091219566,33.553989839418875,717400
2015-01-22,33.902801513671875,34.002465893876604,33.62041646286388,33.78652587538744,1223300
2015-01-23,34.060604095458984,34.11874508352754,33.68686187342641,33.836360029548864,1143400
2015-01-26,34.28485107421875,34.28485107421875,33.87788633868564,34.04399575183679,1078500
2015-01-27,34.392826080322266,34.57554676974468,34.04399912954186,34.04399912954186,1331500
2015-01-28,34.052303314208984,34.66690725587179,33.92772044940843,34.44266000019511,1434600
2015-01-29,33.736698150634766,34.160277386937516,33.63703375255874,34.06891703525363,1465300
2015-01-30,32.95597839355469,33.58719029050417,32.922755881011774,33.44599936460655,2989500
2015-02-02,33.18022918701172,33.19684044507856,32.75665002699101,33.055646335647154,1407200
2015-02-03,33.71178436279297,33.7283956246001,33.18854070482821,33.23006727520892,2022700
2015-02-04,33.678558349609375,33.92772091435112,33.512448917023576,33.69516960969535,1125100
2015-02-05,33.960933685302734,34.05229400541167,33.74499370272317,33.81143555571958,1041500
2015-02-06,33.74501037597656,34.04400678287562,33.6702612742518,33.96925768115086,1049800
2015-02-09,33.76990509033203,33.96923696278063,33.62040697806375,33.62040697806375,871800
2015-02-10,33.852970123291016,34.07721737074784,33.695167912831955,33.84466607780317,846800
2015-02-11,33.76990509033203,34.068901314868604,33.72837854098476,33.86126539985961,1235000
2015-02-12,34.060604095458984,34.22671350984766,33.778219041480305,33.78652625475019,1460300
2015-02-13,32.673606872558594,34.135363177365214,32.34969516212428,34.05231002996777,4738400
2015-02-17,33.10548782348633,33.17192970296126,32.56563289948406,32.59885542335866,2473100
2015-02-18,33.93601989746094,34.01076896558071,33.0473382921887,33.17191796020623,2106400
2015-02-19,33.703460693359375,34.05228748339413,33.55396259240951,33.96923439098749,979100
2015-02-20,33.76161575317383,33.77822384552855,33.38787030971241,33.645336928772714,1159800
2015-02-23,33.911109924316406,33.960940532041626,33.711777988594626,33.76161176459348,863700
2015-02-24,33.76990509033203,33.960929751947596,33.72837854098476,33.83635010390577,1282600
2015-02-25,33.98585891723633,34.052303957925716,33.6287279124896,33.6287279124896,930200
2015-02-26,33.98585891723633,34.043999911976506,33.76161482559446,33.98585891723633,993800
2015-02-27,33.98585891723633,34.052303957925716,33.703476999128206,34.01077739163181,1146700
2015-03-02,34.4011344909668,34.47588358537175,34.00247371023178,34.052307495926506,909900
2015-03-03,34.55063247680664,34.82471354410612,34.38452619534855,34.40113428887497,1504500
2015-03-04,34.384525299072266,34.53402348310708,34.326387468422524,34.41774465353344,844500
2015-03-05,34.318077087402344,34.4841865174795,34.18519017699539,34.434352737974194,762400
2015-03-06,33.960933685302734,34.342983052782806,33.89449183230633,34.25992994446905,1548900
2015-03-09,34.04399871826172,34.20180093195497,33.91941585547444,33.960942420312264,1017100
2015-03-10,33.44601821899414,33.92773224932837,33.43771100203883,33.88620566937671,1530200
2015-03-11,33.3214225769043,33.50414326079389,33.313118531397386,33.41278291884909,1674600
2015-03-12,33.578895568847656,33.703478441334326,33.40448208198557,33.40448208198557,2597700
2015-03-13,33.86958312988281,33.919416910202074,33.504144912363294,33.661947130963426,1814000
2015-03-16,34.47587585449219,34.48418306771562,33.86127514344678,33.86957918839668,1733500
2015-03-17,34.48418045043945,34.55892952240936,34.37620886464441,34.43434667970175,1205800
2015-03-18,34.8080940246582,34.924369661404086,34.39282208298093,34.45926711442056,1422500
2015-03-19,34.5921516418457,34.88284071381822,34.5921516418457,34.716731314859665,1517500
2015-03-20,34.71674346923828,34.791492566525726,34.39283177041748,34.71674346923828,4498700
2015-03-23,34.54232406616211,34.86623570966816,34.54232406616211,34.716737540623235,1629000
2015-03-24,34.29315948486328,34.60045985054532,34.26824101264272,34.53401798392899,1259000
2015-03-25,33.69517517089844,34.41774767838829,33.69517517089844,34.38452832100758,1521500
2015-03-26,33.47092819213867,33.65364891669803,33.34634847216367,33.56228855441835,1977800
2015-03-27,33.362953186035156,33.5705891998938,33.30481535561667,33.47092480035841,1263400
2015-03-30,33.730953216552734,33.90659092972565,33.404764790001245,33.46331069439221,1338500
2015-03-31,33.92333221435547,34.01533067873305,33.563691121878634,33.69751084067138,1317700
2015-04-01,33.48004913330078,33.86478358584428,33.42986873682683,33.80623447243549,1389700
2015-04-02,33.555320739746094,33.597138797596934,33.262591144276904,33.41313870495057,1547700
2015-04-06,33.94004821777344,34.04877450782026,33.42149419695911,33.51349581970077,1781700
2015-04-07,33.839683532714844,33.965140880219195,33.8313211984539,33.923322827888704,817200
2015-04-08,33.86478042602539,34.22441826574819,33.79786898295208,33.89823295704883,1017100
2015-04-09,34.05713653564453,34.06549886843863,33.70585793855834,33.81458740795553,1132400
2015-04-10,34.30805969238281,34.53388104095799,34.090600679452606,34.12405640305931,1890200
2015-04-13,33.89823532104492,34.33315015981191,33.81459920188388,34.19096811913544,1111000
2015-04-14,33.63896179199219,33.898235678433004,33.505142085615596,33.83132742050144,982800
2015-04-15,33.71422576904297,33.88986348434939,33.66404219730719,33.75604381689985,931600
2015-04-16,33.59715270996094,33.68915438963807,33.3964246729514,33.68915438963807,1167400
2015-04-17,32.9196662902832,33.496762941192294,32.86948272435156,33.40476133224037,2177600
2015-04-20,33.27931213378906,33.41313180558777,33.02840064798056,33.053490839407615,2531400
2015-04-21,33.112056732177734,33.496788122001,33.10369439349226,33.41315197308796,2483800
2015-04-22,33.24586486816406,33.346228849894,32.827677888690296,33.08695496454887,1479900
2015-04-23,33.446590423583984,33.563682247754734,33.23749696884681,33.27094949681494,1432300
2015-04-24,34.48369216918945,34.492057694065394,33.45495275483968,33.57204457899955,2784400
2015-04-27,33.94841766357422,34.676062083270146,33.87314388288062,34.63424402522111,2131200
2015-04-28,34.16586685180664,34.257868475974874,33.74767997141482,33.83131926180081,1522400
2015-04-29,33.63896179199219,34.023693049010696,33.43823063717057,33.97350946267692,1636900
2015-04-30,33.98186111450195,34.20768237503294,33.496762882877135,33.62222020223174,2680900
2015-05-01,33.66404724121094,34.10732435783291,33.613863661956124,34.01532272445559,2116300
2015-05-04,33.86478042602539,34.11569195652388,33.73096073039198,33.75605092628787,1613800
2015-05-05,33.27931213378906,33.92332030135555,33.26258427600014,33.74767938982822,1498800
2015-05-06,32.97821807861328,33.446588539424305,32.77748696954777,33.29604100525336,2380300
2015-05-07,33.24586486816406,33.262592730204624,32.74404176900093,32.91131400837967,2560100
2015-05-08,33.68077087402344,33.68913320759326,33.38803815087786,33.51349548801348,1742800
2015-05-11,33.488407135009766,33.81459240085194,33.44658908383999,33.6389546716312,2207800
2015-05-12,33.60550308227539,33.65568666415088,33.33786369329915,33.47168338778727,951000
2015-05-13,33.488407135009766,33.83968259345125,33.42149570072789,33.664044864230505,975300
2015-05-14,34.05713653564453,34.09058905733325,33.622221848568074,33.622221848568074,1617900
2015-05-15,34.07387161254883,34.28296507234708,33.9651421201101,34.1324175260513,1614300
2015-05-18,34.20769119262695,34.30805515967379,33.990232208426974,34.04877812174705,1003700
2015-05-19,34.149139404296875,34.25786568717863,33.99859188437028,34.165864070499886,982500
2015-05-20,33.97350311279297,34.140778512127135,33.906594867367026,34.09059493517302,1013800
2015-05-21,34.015316009521484,34.16586352705345,33.956770107204875,34.02368153300237,841700
2015-05-22,33.94841766357422,34.13242094760598,33.848053686153854,33.9651455248965,817400
2015-05-26,33.354583740234375,33.948408296008196,33.2374919338015,33.948408296008196,1933700
2015-05-27,33.521873474121094,33.53859814747827,33.329504634861784,33.38805056315329,1889300
2015-05-28,33.59715270996094,33.61388057813084,33.388059143609134,33.530244427795964,2028100
2015-05-29,33.69750213623047,33.76441038308681,33.496771014635556,33.62222836444649,2711100
2015-06-01,33.722591400146484,33.88150127374747,33.49677009102119,33.77277497678973,1019400
2015-06-02,33.54694747924805,33.72258517933016,33.46330820027161,33.588765523480134,962200
2015-06-03,33.53858184814453,33.689129359305284,33.41312771585207,33.6389489825932,1035100
2015-06-04,33.446590423583984,33.62222815984011,33.304405215295986,33.38804132098569,1808500
2015-06-05,33.329505920410156,33.47169117354075,33.09532219821144,33.37132717695758,1672700
2015-06-08,33.4214973449707,33.51349897637811,33.21240388832222,33.27931532589595,820700
2015-06-09,33.48004913330078,33.60550650551267,33.346229425181065,33.388047485747194,1399600
2015-06-10,33.856407165527344,33.96513664042446,33.48003836050847,33.50513174118472,1674700
2015-06-11,34.0236930847168,34.27460463562203,33.839689791813335,33.906601240328584,1803400
2015-06-12,33.814598083496094,34.10732768139141,33.739324302535394,33.99023584223329,1167500
2015-06-15,33.63896179199219,33.8480552826127,33.496776559303235,33.64732412779108,1595600
2015-06-16,33.797882080078125,33.81460994732872,33.555332790716136,33.57206065796673,944400
2015-06-17,33.814598083496094,33.89823419989095,33.55532101785072,33.814598083496094,982400
2015-06-18,33.94841766357422,34.08223736363914,33.85641602155834,33.89823407960738,1067700
2015-06-19,33.730953216552734,33.95677131033935,33.71422535951067,33.88149754890631,1310400
2015-06-22,33.78114318847656,33.95678095151743,33.73932512925446,33.84805463564265,762400
2015-06-23,33.555320739746094,33.806232277364444,33.496774820652256,33.747686358270606,847000
2015-06-24,33.31277847290039,33.588780238153646,33.31277847290039,33.48005072310786,898700
2015-06-25,33.16221618652344,33.37130959705508,33.10367028681556,33.34621621824296,971000
2015-06-26,33.38804244995117,33.404770309757325,33.07858501981995,33.18731451330341,2032800
2015-06-29,32.88268280029297,33.32909113368084,32.84056935218942,33.22801821562229,1023800
2015-06-30,32.99217224121094,33.16062922175028,32.85740729938939,33.11009437672324,1418400
2015-07-01,33.21115493774414,33.25326836396618,32.99215998051202,33.12692808530007,1075900
2015-07-02,33.21959686279297,33.29540236204912,33.04271843554543,33.25328890980691,974900
2015-07-06,33.40488815307617,33.41330955534093,33.01743938791111,33.05113142306876,1356700
2015-07-07,33.5228157043457,33.56492915262381,33.21959373586311,33.43016419030378,1413800
2015-07-08,33.33750915527344,33.53123354866132,33.27854648393413,33.33750915527344,1207000
2015-07-09,33.25326919555664,33.66598849417009,33.25326919555664,33.623871853846346,1392400
2015-07-10,33.47228240966797,33.56493071497225,33.35436025073014,33.5565093101447,837000
2015-07-13,33.6744270324707,33.724965098750616,33.59020013505437,33.69127305456401,666100
2015-07-14,33.986061096191406,34.036599148623594,33.674417805482825,33.69968522517427,1008200
2015-07-15,34.036598205566406,34.137671094581044,33.93552531655177,34.00290617154513,1152500
2015-07-16,34.31455612182617,34.46616386408901,34.087139688857604,34.188212588049346,1183700
2015-07-17,34.331398010253906,34.47458755891203,34.28086316853294,34.47458755891203,1055500
2015-07-20,34.365081787109375,34.42404123031255,34.255584301282624,34.314546957534475,1054900
2015-07-21,34.01975631713867,34.42405113531099,33.82603191758004,34.38193769419817,1177400
2015-07-22,33.884986877441406,34.188208754061776,33.76706797276663,33.98605976529847,1369800
2015-07-23,34.19664001464844,34.339829592355116,33.74181028164215,33.74181028164215,2795300
2015-07-24,34.66831588745117,35.06418932883186,34.50828351540676,34.54197234269782,2549600
2015-07-27,34.979949951171875,35.14840689515103,34.600925843529986,34.651460677589455,2350700
2015-07-28,35.375816345214844,35.493735218944494,35.106286572961835,35.182092022223515,2371000
2015-07-29,36.024391174316406,36.08335064033093,35.36741243126897,35.375833835106796,2127700
2015-07-30,36.007537841796875,36.09176471527143,35.83065947967075,35.99069182449211,1727100
2015-07-31,35.822235107421875,36.20126246672628,35.79696768781801,36.15914902970341,1614000
2015-08-03,35.839080810546875,35.98227035082806,35.60324299484758,35.855926827818145,1103500
2015-08-04,35.97385025024414,36.10861519227753,35.68747434679197,35.788550463104265,1363400
2015-08-05,36.394989013671875,36.51290792957407,36.1001917239164,36.192843218710834,1544900
2015-08-06,36.04965591430664,36.428683319781356,35.91489097158782,36.37814526136817,1639500
2015-08-07,35.872764587402344,36.17598640238696,35.788537733483736,36.049642908460534,1179400
2015-08-10,36.11701965332031,36.201246490194606,35.990676184961,36.10017364333588,975100
2015-08-11,36.159156799316406,36.18442422434955,35.82224280464128,35.89804829279068,1130500
2015-08-12,36.108619689941406,36.15915775439253,35.7632842821505,36.024392795572915,1562400
2015-08-13,36.041236877441406,36.20969387016267,35.88962590529726,35.99912343252356,1186800
2015-08-14,36.310760498046875,36.37814135564713,36.083344079178495,36.083344079178495,1161600
2015-08-17,36.512908935546875,36.512908935546875,35.86435488021642,36.07492529671449,783900
2015-08-18,36.64767837524414,36.816135371745126,36.47922459179311,36.47922459179311,1248000
2015-08-19,36.176002502441406,36.5297593019965,36.10019701495818,36.46237843148361,1625500
2015-08-20,36.19284439086914,36.51290911209814,35.90646849452506,35.98227397335289,1853600
2015-08-21,35.375816345214844,36.03279476345051,35.35897033281799,35.91487588972086,2127900
2015-08-24,33.80075454711914,34.63461136009674,33.253270334641954,33.253270334641954,3894400
2015-08-25,33.40488815307617,34.54196702872779,33.354350100339694,34.35666726145933,2385400
2015-08-26,34.466163635253906,34.53354770963403,33.5565011224688,34.17979095828691,2499800
2015-08-27,34.777801513671875,34.870452986385956,34.20504987602911,34.744109484857894,1549000
2015-08-28,34.6177864074707,34.77782203223212,34.38194849272832,34.7357085778925,1206800
2015-08-31,34.51668930053711,34.643032788121396,34.356657000905585,34.533535313084904,1442900
2015-09-01,33.708126068115234,34.15453450050246,33.548093644611534,33.98607745767965,1683400
2015-09-02,34.07871627807617,34.16294637458912,33.666000050836466,34.07871627807617,1229900
2015-09-03,34.32297897338867,34.617776280578276,34.07029510821906,34.27244091513488,1178600
2015-09-04,33.78390884399414,34.13766550413817,33.67441135788108,34.00290060317158,1425200
2015-09-08,34.49985885620117,34.55881832019999,34.087142608209426,34.23875357650634,1594000
2015-09-09,33.918678283691406,34.87045733146738,33.85129421766697,34.78622724893683,1979800
2015-09-10,33.9523811340332,34.146105566000976,33.6996940189838,33.724964658318825,1551900
2015-09-11,34.07871627807617,34.07871627807617,33.758651550475896,33.89341649184697,1383600
2015-09-14,34.01134490966797,34.221915390165826,33.85973390666547,34.095571816646896,1243500
2015-09-15,34.29771041870117,34.3398238593311,33.92710442983886,34.07029398364009,1229700
2015-09-16,34.49985885620117,34.533550896500444,34.179794112507516,34.272442403755804,1762400
2015-09-17,34.331398010253906,34.73569602231833,34.154519638131625,34.49143357716883,1471800
2015-09-18,34.27243423461914,34.60092672966324,33.96079096875832,34.05344245097211,3171100
2015-09-21,34.5756721496582,34.60936419756721,34.34825564584823,34.39037231225976,1186200
2015-09-22,34.255584716796875,34.37350681768227,33.90182805328683,34.17135785778459,1246700
2015-09-23,34.440895080566406,34.48300851914343,34.12082716389206,34.247170692672555,1692100
2015-09-24,34.6177864074707,34.659903074860935,34.17980262667788,34.322989014042726,2036500
2015-09-25,35.03050231933594,35.25791880472212,34.735704956641044,34.92942939684773,2527100
2015-09-28,34.66831588745117,34.92942438051819,34.54197234269782,34.84519427966602,2314400
2015-09-29,34.21013641357422,34.90587802149459,33.98105028853121,34.60042985477057,2397300
2015-09-30,34.956787109375,34.98224004437507,34.43073928732177,34.47316192453514,1800900
2015-10-01,34.96527862548828,35.21133451091248,34.753162152530976,34.96527862548828,1678700
2015-10-02,35.21982192993164,35.21982192993164,34.50711036665716,34.53256654735186,1391600
2015-10-05,35.71193313598633,35.728902843939665,35.40648486610793,35.49133340587462,1359100
2015-10-06,35.38950729370117,35.847679596701155,35.33011494738341,35.66101608733669,1411200
2015-10-07,35.924041748046875,36.04282644101585,35.48283914799058,35.508292086015324,1553600
2015-10-08,36.64522933959961,36.69613844251355,35.677979040711286,35.76282754556786,1959000
2015-10-09,36.69614791870117,37.03553555248981,36.55191027815723,36.62826909728731,1430400
2015-10-12,37.0015869140625,37.01007014630345,36.585837328186045,36.611293498187976,919700
2015-10-13,36.68767166137695,37.05250906761776,36.65373224421563,36.89130169106294,921200
2015-10-14,36.28889083862305,36.73857677831577,36.254951422175054,36.687670890284686,769600
2015-10-15,36.441612243652344,36.51797430661434,36.187073112659235,36.38221988764197,1048000
2015-10-16,36.339786529541016,36.78098583370284,36.237968317836255,36.56038618162193,1162200
2015-10-19,36.704627990722656,36.7131144609884,35.97495014323203,36.23797246194886,1267400
2015-10-20,36.764041900634766,36.933732550864676,36.54343887670919,36.6113177261145,1128400
2015-10-21,36.594337463378906,37.08644603312259,36.568881283870255,36.933721902633685,912500
2015-10-22,37.01008224487305,37.21371548825836,36.730090176438914,36.730090176438914,1559700
2015-10-23,36.89128112792969,37.17975953972164,36.50947098928753,36.95915992441681,1842300
2015-10-26,37.02704620361328,37.188256773621156,36.80644652444474,36.92523121604627,1217700
2015-10-27,36.97614288330078,37.17128963822276,36.70463083662637,36.84038524164342,1152100
2015-10-28,37.0694694519043,37.137348269152994,36.67069272880874,36.99310740081959,1276400
2015-10-29,37.29854965209961,37.48521313310083,36.7555321473393,36.908256225133094,1847600
2015-10-30,37.111900329589844,38.09612065577906,36.91675032203525,37.247654745731786,3421600
2015-11-02,37.32401657104492,37.55309951706513,37.13735303629009,37.19674539068652,2262000
2015-11-03,37.25613021850586,37.62097074274399,37.05249701839903,37.1543152367724,1801800
2015-11-04,37.1034049987793,37.44279257641877,37.03552942523529,37.27309878759903,1116900
2015-11-05,37.179771423339844,37.34946523215702,36.99310790997693,37.21371083243132,1539000
2015-11-06,37.39189147949219,37.40886118567367,36.916749416332074,37.12038265386941,1328900
2015-11-09,36.97614288330078,37.32401374844697,36.865841417774334,37.29007433803263,907000
2015-11-10,37.16279983520508,37.22219217978478,36.82341547141254,36.9252304568863,1257800
2015-11-11,37.20522689819336,37.65491600771113,37.07795896038451,37.33249807264262,1697400
2015-11-12,36.764041900634766,37.26463385011136,36.74707218828344,37.01858111262131,1137800
2015-11-13,36.339786529541016,36.76401936839175,36.28887742368863,36.619778520129856,1118900
2015-11-16,36.98462677001953,37.01007970995913,36.28888502745376,36.28888502745376,1539000
2015-11-17,36.91674041748047,37.06946449924521,36.80644220914794,37.01855862975011,1019100
2015-11-18,37.40037536621094,37.4258283054039,36.82341834247518,36.96765598008898,1084200
2015-11-19,37.349464416503906,37.646426147968654,37.21371001974286,37.493702047032464,1059000
2015-11-20,37.70583724975586,37.73129343700096,37.40039213259025,37.476750984400354,1010100
2015-11-23,37.383399963378906,37.83308574933007,37.32400762322082,37.66339196174705,1351500
2015-11-24,37.21370315551758,37.34097105839589,36.899771777783656,37.17128052122481,1990900
2015-11-25,37.290061950683594,37.408846611034505,37.17976052179807,37.32400134982364,1175800
2015-11-27,37.43431091308594,37.54461237547655,37.16280211077078,37.349465626102536,838100
2015-11-30,37.27309799194336,37.62945202788201,37.26461152253163,37.58702939074261,3652900
2015-12-01,37.59552001953125,37.748244119441495,37.26461564529897,37.48521856145382,1881500
2015-12-02,37.46824645996094,37.705815828335794,37.40885411786722,37.544608505029984,1701500
2015-12-03,36.967655181884766,37.654913655017886,36.747055494814994,37.502189549877194,2349600
2015-12-04,37.59552001953125,37.70581824096857,36.891291865873974,37.07795537390652,2752900
2015-12-07,37.28158950805664,37.595524213246634,37.0525033326371,37.485222742865275,1781500
2015-12-08,37.5700798034668,37.72280396824849,37.01009227814775,37.111910545763195,2269300
2015-12-09,37.29854965209961,37.77369158708469,37.0779500045306,37.383398160118176,1919000
2015-12-10,37.451271057128906,37.74823595904112,37.13733969146345,37.35793932328905,1608700
2015-12-11,36.67070770263672,37.21372551579729,36.49252735292221,37.14584667083149,2112300
2015-12-14,36.543426513671875,36.806452111170515,36.25494797457809,36.66221122330333,2776600
2015-12-15,37.01008224487305,37.256138136610126,36.62827193642595,36.738573411453025,2128700
2015-12-16,37.5870246887207,37.65490348896411,36.96764520137667,37.25612362913245,1241700
2015-12-17,37.196739196777344,37.76520970466593,37.196739196777344,37.70581736015936,1643700
2015-12-18,36.97614288330078,37.247651693334866,36.87432465205776,37.145833462091844,2259300
2015-12-21,37.20522689819336,37.46825248162298,36.976143962809346,37.12886484085188,968100
2015-12-22,37.5700798034668,37.72280396824849,36.95069990702615,37.23069528800641,1412200
2015-12-23,37.74824905395508,37.89248670236969,37.63794758145886,37.68037022883724,963700
2015-12-24,37.68037414550781,37.81612857321389,37.340986457922185,37.74825297768128,585200
2015-12-28,38.05370330810547,38.147035097011646,37.62098702102567,37.62098702102567,810200
2015-12-29,38.393089294433594,38.47793460595267,38.20642572512222,38.24036514438632,1001100
2015-12-30,38.04288864135742,38.46140983091107,38.02580567836147,38.31620953280855,722500
2015-12-31,37.573123931884766,38.06851689658911,37.573123931884766,37.94039628493251,929000
2016-01-04,36.84709930419922,37.12042013635785,36.65065015972529,37.086254217777686,1920200
2016-01-05,37.444984436035156,37.49623330650055,36.72751654072394,36.8214711741234,2096500
2016-01-06,37.573123931884766,37.63291268179318,36.87273538193586,37.026478812626785,2346300
2016-01-07,37.70977783203125,37.94893279002907,36.99230969979587,37.000849551906384,3022600
2016-01-08,37.69268798828125,38.0001747399953,37.51331854428716,37.837888255345476,3167300
2016-01-11,38.00871276855469,38.11975036984901,37.684143073055004,37.73539194863112,2466700
2016-01-12,38.145381927490234,38.33329125612676,37.7695665284591,38.256419554252,2310200
2016-01-13,37.42790603637695,38.26495147311724,37.265622814171806,38.153913869376225,2212400
2016-01-14,37.846435546875,37.991635829986556,37.29125071067288,37.52186579994568,2299000
2016-01-15,36.9581413269043,37.325416849926555,36.701903423415715,37.137507533522125,2628700
2016-01-19,37.368125915527344,37.99163939695739,37.12897095230541,37.39374873066055,2269300
2016-01-20,36.43712615966797,37.22292617056888,35.71965800112455,36.8983563883549,3313000
2016-01-21,36.044219970703125,36.79585389250758,35.899016445037546,36.573778678722896,3289200
2016-01-22,36.6677360534668,36.83856240179719,36.34316631746321,36.437120971957,3710700
2016-01-25,36.22359848022461,36.72753454972495,36.138186912475724,36.69336861932842,1841400
2016-01-26,36.34316635131836,36.47982677846166,36.18088311228619,36.283377618083264,1926900
2016-01-27,36.06131362915039,36.45421203688792,35.796532567461725,36.377340325961676,2302200
2016-01-28,36.47128677368164,36.71044170561505,36.0527623845566,36.23212858350666,1903800
2016-01-29,37.325416564941406,37.368122338823156,36.65065425958808,36.7275259558719,2792000
2016-02-01,37.45353317260742,37.59019360136885,36.95814034018784,37.12896669070004,1370200
2016-02-02,37.26563262939453,37.45353871032345,36.98376862063798,37.13751203300662,2241300
2016-02-03,37.61581039428711,37.726844725229284,37.00938009486755,37.47060689177997,1736100
2016-02-04,37.69268798828125,37.86351432348254,37.453529815702915,37.5047786937357,1324700
2016-02-05,37.222930908203125,37.81227854770785,36.98377265275453,37.692701049104784,1723600
2016-02-08,37.08625411987305,37.222917793832906,36.35170642178671,36.958136812897656,1751500
2016-02-09,37.444984436035156,37.752471142345804,36.787305260479805,36.787305260479805,2364200
2016-02-10,37.8293571472168,38.247878344027434,37.282715354835986,37.47916454533271,1624700
2016-02-11,37.42790603637695,37.70976997089464,37.163125060761054,37.20583408713616,2923000
2016-02-12,37.75247573852539,38.264951472607315,36.98375887916126,37.581649407751,2505500
2016-02-16,38.803062438964844,38.82014540190119,37.803730285761596,38.23079458444424,2611100
2016-02-17,38.632225036621094,38.956794723248564,38.52118743836202,38.87137993295655,2397100
2016-02-18,38.9653434753418,39.059298137007744,38.427244835650775,38.68348274858581,1783700
2016-02-19,39.016578674316406,39.21302778059419,38.79450350496539,38.99095586948387,2032300
2016-02-22,39.332618713378906,39.46927914978983,39.11908657784673,39.17033546334151,1432100
2016-02-23,39.2557487487793,39.55469570667846,39.15325423150282,39.31553748871074,967300
2016-02-24,39.2899055480957,39.31552835690293,38.7005581378411,38.973878959255515,1201300
2016-02-25,39.48636245727539,39.50344541925652,39.042215220491485,39.392407795500084,1560600
2016-02-26,39.469276428222656,39.819468976018555,39.400947843849636,39.71697447033823,1602200
2016-02-29,39.033668518066406,39.52906129560857,39.033668518066406,39.43510665032266,1824600
2016-03-01,39.79384231567383,39.93050272944495,39.28990642897257,39.29844627935271,1531000
2016-03-02,40.19529724121094,40.20383709446663,39.648652143818246,39.81093867985763,1642600
2016-03-03,40.323421478271484,40.35758741361581,39.64011906259959,40.03301754433056,1741900
2016-03-04,40.22092056274414,40.35758102424256,39.92197682141708,40.32341509430736,2240100
2016-03-07,40.067169189453125,40.144040887439594,39.83655409549372,40.01592030471489,1253600
2016-03-08,39.82801818847656,40.17821078993391,39.47782558701921,39.92197285734791,1493200
2016-03-09,40.14403533935547,40.45152208880531,39.97320900541207,40.041540842285954,1566700
2016-03-10,40.084259033203125,40.40882884245465,39.6913606241442,40.26362527322016,1180500
2016-03-11,40.40027618408203,40.57964238171301,40.2465327980436,40.46006491662569,1261100
2016-03-14,40.15257263183594,40.460059361696665,40.024455333221375,40.21236461441206,1486100
2016-03-15,40.52840805053711,40.63944569544469,39.8707285510729,39.8707285510729,1503300
2016-03-16,40.87858581542969,41.02378607972291,40.33194415981074,40.5369331515472,1184300
2016-03-17,40.9896354675293,41.05796406544405,40.759020340362824,40.887137683293815,1587100
2016-03-18,41.16046142578125,41.21171032142803,40.801728930981156,41.04088392751455,4448400
2016-03-21,41.14337158203125,41.22878639382919,40.998171289337634,41.16045454439084,895000
2016-03-22,40.665061950683594,41.1433718670984,40.588190248653795,40.895677056772996,1553700
2016-03-23,40.89567184448242,40.9469174671429,40.57110211525277,40.613807886883684,1317700
2016-03-24,41.100669860839844,41.10921297198358,40.86151488069097,40.86151488069097,1487300
2016-03-28,41.26295852661133,41.40815884115051,41.05796620569685,41.228792596751845,1100600
2016-03-29,41.6131477355957,41.64731040439979,41.10921171551139,41.228789201931036,1231100
2016-03-30,41.5529899597168,41.8537891748591,41.47564196478647,41.699093184998446,1091800
2016-03-31,40.951385498046875,41.64751396000368,40.917007893438715,41.57876202921617,2981400
2016-04-01,41.45845031738281,41.50142069079611,40.7451296606906,40.83107040751719,1577400
2016-04-04,39.765380859375,40.573234825844985,39.688032895042774,40.43572769796864,4409600
2016-04-05,39.98024368286133,39.98024368286133,39.27551910641363,39.52475184839442,2874400
2016-04-06,39.765380859375,40.32400213206019,39.50755540441041,40.0146135531598,1664100
2016-04-07,39.73960494995117,39.90289366302154,39.619283327319906,39.696631302654076,1326100
2016-04-08,39.8685188293457,40.1607219477716,39.78257808563247,39.9458668100593,1048000
2016-04-11,39.44740295410156,40.18650184320038,39.421618109317016,40.05759073299401,1256500
2016-04-12,39.47317886352539,39.57630839259674,39.344264493364754,39.48177162493608,1695800
2016-04-13,39.54194259643555,39.70523461785152,39.29271309996784,39.57632020919992,1789200
2016-04-14,39.48176956176758,39.80835021159434,39.413017638788936,39.550524763174664,1489600
2016-04-15,39.662254333496094,39.885702203788135,39.55912152096551,39.696628659244176,1034600
2016-04-18,39.94587326049805,40.01462848931457,39.46459649407165,39.54194448727536,1436500
2016-04-19,39.92008590698242,40.21228903027117,39.90289710226787,40.014622693697795,1270500
2016-04-20,39.688053131103516,40.220893113504125,39.670864321551214,40.02322672129794,829800
2016-04-21,39.20676803588867,39.7739855178497,39.19817527213859,39.5677264035527,1808300
2016-04-22,39.30989074707031,39.49036824520498,39.15519481197527,39.24972830259676,1323800
2016-04-25,39.32707977294922,39.37864618205006,39.155198299470975,39.20676143014287,986600
2016-04-26,39.627872467041016,39.688031628665556,39.43879894283335,39.43879894283335,1103000
2016-04-27,39.95446014404297,39.98883447214141,39.58490906994547,39.63647220130763,1313800
2016-04-28,40.60762405395508,40.6591904710836,39.73101463334705,39.73101463334705,2753100
2016-04-29,40.45291519165039,40.83965500081528,40.17790094478389,40.650581476683904,2905500
2016-05-02,40.87404251098633,40.92560564575725,40.43573619485816,40.47011380365825,2205700
2016-05-03,40.513084411621094,40.813883572731655,40.212288528939766,40.788098726766655,2164600
2016-05-04,40.8912353515625,40.94279849142297,40.21229226367691,40.26385540353738,1521700
2016-05-05,40.77091598510742,41.14046714074388,40.590438428660704,40.80529359922005,1130000
2016-05-06,41.21780776977539,41.2435926149683,40.39276484904345,40.73653437189633,1120500
2016-05-09,41.57877731323242,41.64752926929258,40.985774890259655,41.22641493254528,1387800
2016-05-10,41.86237716674805,41.86237716674805,41.43266686133261,41.56158126432903,1098900
2016-05-11,41.776432037353516,41.93112799335969,41.55298086604277,41.86237277805512,1025400
2016-05-12,41.97409439086914,42.068631163750474,41.733457716937586,41.785020845106466,777600
2016-05-13,41.64752197265625,42.07723227764469,41.561581223030345,41.931132347594755,944300
2016-05-16,41.776432037353516,41.93112799335969,41.34672177698729,41.59595451482269,966600
2016-05-17,40.882633209228516,41.81940169193049,40.8052852325493,41.793620125847106,1809300
2016-05-18,40.968570709228516,41.38109540452024,40.68496366944785,40.86544117461999,1427300
2016-05-19,40.994361877441406,41.071709859940384,40.624810769771784,40.79669553959498,867200
2016-05-20,40.98575973510742,41.35531078776959,40.87403743801705,41.183426043531334,1354400
2016-05-23,40.968570709228516,41.080296284137894,40.8482523724471,41.080296284137894,1158000
2016-05-24,41.467037200927734,41.50141480615558,41.06310853557275,41.06310853557275,893600
2016-05-25,41.12327575683594,41.6819004766578,41.05452381134852,41.595959725191136,1511200
2016-05-26,41.43265914916992,41.441255189598685,41.02873376659702,41.05451533102561,1073200
2016-05-27,41.54438018798828,41.707668875581945,41.40687306200717,41.467032224722125,696400
2016-05-31,41.49282455444336,41.71627574116993,41.28656545115812,41.595957384515316,3231100
2016-06-01,41.61314392089844,41.647521531756645,41.20921846781747,41.44126242346624,919200
2016-06-02,41.83660125732422,41.86238283003954,41.510020463067235,41.59596450283481,1065200
2016-06-03,41.948326110839844,42.00848529837374,41.621745322491655,41.707686082274414,809800
2016-06-06,42.137393951416016,42.18896037130051,41.96551244199365,41.96551244199365,876900
2016-06-07,42.24052047729492,42.36083882727788,42.103013323253094,42.13738765294168,756100
2016-06-08,42.506935119628906,42.54990548689749,42.23192083499532,42.29208000485711,801800
2016-06-09,42.79914093017578,42.80773697123379,42.197545914849336,42.31786754065789,724500
2016-06-10,42.60147476196289,42.910866672606474,42.429590002891004,42.773359521034784,1284700
2016-06-13,42.58429718017578,42.79055960110286,42.48116760892722,42.567108371896026,1181400
2016-06-14,42.55850601196289,42.61866518816389,42.25770685252868,42.50693959874951,1056300
2016-06-15,42.403812408447266,42.73039315343178,42.38662360308709,42.56710114172482,1027100
2016-06-16,42.910865783691406,42.97102495635598,42.20614123668149,42.24911160595204,1042500
2016-06-17,42.32646560668945,42.971031072781166,42.249117619621266,42.971031072781166,2153300
2016-06-20,42.49834060668945,42.61006617972797,42.352237429880816,42.48115180480439,1494600
2016-06-21,42.68741989135742,42.88508951559317,42.489753545551096,42.50694235106853,1136100
2016-06-22,42.69601058959961,42.979617649068075,42.618662613666565,42.81632893473344,1116500
2016-06-23,42.84210968017578,43.28900872385014,42.72179133734595,42.97961682604259,972400
2016-06-24,42.69601058959961,42.9108657140326,41.82799405097005,41.88815650196599,3089900
2016-06-27,42.446781158447266,42.74758032309642,42.20614444947136,42.524129140393704,2373900
2016-06-28,42.781951904296875,42.80773674890791,42.30927127986282,42.575692817983025,1661500
2016-06-29,43.439083099365234,43.4823140098154,43.00676739824949,43.041350147625394,1401000
2016-06-30,44.36423110961914,44.36423110961914,43.482306829186356,43.5947065181338,1349600
2016-07-01,44.58038330078125,44.67548995674551,44.2258846610593,44.30370159652539,1319900
2016-07-05,44.72737121582031,45.090518031981105,44.29505561934228,44.41610345862713,2112800
2016-07-06,45.22021484375,45.401786619187334,44.45069353977664,44.83977827164703,2049400
2016-07-07,45.038639068603516,45.42772376592079,44.978115148832636,45.280734747687035,1860900
2016-07-08,45.44501495361328,45.53147675028441,44.917589418323494,44.978113335654506,1114300
2016-07-11,45.48825454711914,45.61794726691686,45.384499711619625,45.4709615248181,1328200
2016-07-12,45.19426727294922,45.756275500014105,45.15968123790669,45.60064493893439,1114200
2016-07-13,45.367210388183594,45.635244009936144,45.142404378247946,45.289393430637716,973300
2016-07-14,45.358551025390625,45.74763571703133,45.29802710650276,45.61793972038236,951400
2016-07-15,45.2634391784668,45.54876903986327,45.055929550456696,45.505538142220004,1146600
2016-07-18,45.07322311401367,45.52283171121178,45.01269919692028,45.34125666162551,799100
2016-07-19,45.22021484375,45.3066799498915,45.08187397223014,45.10781185491932,1181200
2016-07-20,45.272090911865234,45.30667695203334,45.142394910388,45.19427397064016,718900
2016-07-21,44.99540710449219,45.33261273475764,44.934883186152554,45.25479579713436,866300
2016-07-22,45.29802703857422,45.323964918542636,44.986759285728425,45.03863834397146,792400
2016-07-25,45.3239631652832,45.33261132380894,45.02999174152961,45.26343924882733,648600
2016-07-26,45.22885513305664,45.56606074256358,45.02999037099629,45.47095079151168,899900
2016-07-27,44.69278335571289,45.41042879981636,44.658200616116304,45.306673984414374,1946800
2016-07-28,44.874351501464844,44.96081328461301,44.63225257169989,44.64954558799064,759000
2016-07-29,44.32099533081055,44.95217903025554,44.13077870334959,44.744666084117874,1852300
2016-08-01,44.277774810791016,44.63227356573586,44.21725087445705,44.34694690849106,1350300
2016-08-02,44.07890319824219,44.27776800108464,43.84545235186888,44.174013168798716,1414700
2016-08-03,43.897335052490234,44.08755500935622,43.672529049229176,44.03567593976361,1803400
2016-08-04,43.96650314331055,44.10484402836984,43.905979212241284,43.97515130392436,853100
2016-08-05,44.19129943847656,44.26911637537784,43.9924346660191,44.13077552069847,1251900
2016-08-08,43.975135803222656,44.320986244809376,43.91461189348734,44.269110492639506,1672200
2016-08-09,44.11349868774414,44.243191431295834,44.06161961133905,44.08756079869527,651500
2016-08-10,44.545799255371094,44.56309227494873,44.11348366084882,44.130776680426465,855800
2016-08-11,44.796539306640625,44.97811104940432,44.65819846001506,44.68413633803674,923000
2016-08-12,44.7100715637207,44.95217050468287,44.580378883000094,44.79653664917353,826200
2016-08-15,44.38152313232422,44.805190592872016,44.355581952275884,44.649556705807726,707700
2016-08-16,43.31801986694336,44.19994404737066,43.3007301462247,44.19994404737066,1474500
2016-08-17,44.286415100097656,44.37287690854668,43.387197779678914,43.439076843732266,2318700
2016-08-18,44.18265151977539,44.295054495533655,43.7762771122444,44.25182359664391,1079100
2016-08-19,44.26912307739258,44.26912307739258,43.966500144381136,44.07890313654576,1161800
2016-08-22,44.3469352722168,44.50256915289768,44.1480704909704,44.26911833187635,1129000
2016-08-23,44.338287353515625,44.47662821505911,44.217239511953366,44.34693551265939,919000
2016-08-24,44.32963943481445,44.40745637020899,44.14806768499591,44.26046735966106,876900
2016-08-25,44.208595275878906,44.43339794219915,44.14807135424244,44.24317801802377,1078400
2016-08-26,43.71575164794922,44.47662467675454,43.61199353631627,44.33828382621666,1518500
2016-08-29,43.854103088378906,44.10484367294226,43.810868882271954,43.84545492783478,1342400
2016-08-30,43.750343322753906,43.99244233437286,43.53418549349463,43.957856290097766,747800
2016-08-31,43.68117141723633,43.81086412655838,43.43042756158463,43.69846443814057,1238000
2016-09-01,43.854103088378906,43.854103088378906,43.53418711438306,43.75899311223456,623600
2016-09-02,44.165367126464844,44.33829074288332,44.018378094541255,44.02702295603956,836500
2016-09-06,44.277774810791016,44.52851871749294,43.99244815354622,44.02703090408908,1204700
2016-09-07,43.897335052490234,44.208602873432056,43.7762871884144,44.12213775744437,1012200
2016-09-08,43.94921112060547,44.06161081625283,43.66388120479288,43.73305329285897,1040400
2016-09-09,42.8165283203125,43.68115933655878,42.79923530419091,43.5860493970428,1477000
2016-09-12,43.46501922607422,43.56877406661499,42.73008058495091,42.79925267751603,1522000
2016-09-13,43.19697570800781,43.68117038698693,43.1537448059201,43.16238966701508,2010300
2016-09-14,43.05863571166992,43.43042741408208,42.9981117878639,43.18833171885797,1276300
2016-09-15,43.439083099365234,43.551482806874255,42.98947437440801,43.04999830869965,1182500
2016-09-16,43.45637130737305,43.508250377085815,43.032703782126326,43.28344767161099,2159000
2016-09-19,43.8454475402832,43.9837884009185,43.387194057861215,43.387194057861215,1616800
2016-09-20,43.8886833190918,44.424757099656965,43.845452413770516,44.09619628226326,1585600
2016-09-21,44.38152313232422,44.442047055259614,43.871390568792684,43.99243841466348,1433300
2016-09-22,44.277774810791016,44.60633567825192,44.13078905063915,44.52851871749294,1456000
2016-09-23,43.905967712402344,44.23452846522671,43.828150778794104,44.113480634793,1298000
2016-09-26,43.905967712402344,44.1048324764443,43.73304412510048,43.758982003534555,939100
2016-09-27,43.897335052490234,44.26047864471775,43.845455982897626,44.02702777901138,1118000
2016-09-28,43.74168395996094,44.0529516586345,43.42177140223784,43.957841717561394,1156600
2016-09-29,43.56766128540039,43.785195045890426,43.4980522080805,43.62857047279346,1317300
2016-09-30,43.89832305908203,44.05494766617509,43.69819235430812,43.69819235430812,1523500
2016-10-03,43.85480880737305,44.0897423550284,43.68078112970453,43.92441788685933,1146800
2016-10-04,43.43714141845703,43.976627555695494,43.30662314858468,43.89831526605132,1315900
2016-10-05,43.376243591308594,43.74170214514929,43.24572528724623,43.498065322124006,1533900
2016-10-06,43.26311492919922,43.384933302804896,43.00207176369937,43.24571183021245,1775200
2016-10-07,43.06298828125,43.37623413428649,42.84545450260403,43.28052205989597,1296300
2016-10-10,43.411041259765625,43.4893535545176,43.09779208075771,43.09779208075771,1056700
2016-10-11,43.15869903564453,43.489351298478084,42.96727157341621,43.35012981717479,1226000
2016-10-12,43.23701095581055,43.37623243592077,43.080386375773806,43.20220807525943,1334600
2016-10-13,43.18480682373047,43.33272820048433,42.79324535687899,42.99337603564707,1463500
2016-10-14,43.350135803222656,43.828709503830694,43.315329598265095,43.315329598265095,1262000
2016-10-17,43.63728332519531,43.715595629049616,43.350137104628686,43.350137104628686,846400
2016-10-18,43.71559524536133,44.072350555499185,43.63728294219436,43.78520433745282,696300
2016-10-19,43.65467834472656,43.924421432854075,43.437144559905,43.793903153542416,713100
2016-10-20,43.48934555053711,43.69817940454167,43.32402110062206,43.585060928651636,1115400
2016-10-21,43.44583511352539,43.480641305589664,43.019467558991,43.24570448810759,856700
2016-10-24,43.9853401184082,44.011446435345576,43.63728797917077,43.645987871948,888500
2016-10-25,44.33338165283203,44.66403390266459,43.898314125953014,43.898314125953014,1806800
2016-10-26,44.629234313964844,44.91637719819709,44.1680604100429,44.43780351160848,1519500
2016-10-27,44.35079574584961,44.87287557979628,44.15936492439461,44.61183566282295,1644100
2016-10-28,45.22962951660156,45.481969533613665,44.56832819265186,45.16002042322385,3055400
2016-10-31,45.79521560668945,45.917034001210425,45.36884790656373,45.36884790656373,2013000
2016-11-01,44.629234313964844,45.57768179580872,44.50741591948436,45.50806938793285,2367500
2016-11-02,44.507408142089844,44.89896625041125,44.45519884530619,44.67273260295218,1221100
2016-11-03,44.40300369262695,44.6988498300362,44.281185280629515,44.53352531651151,1277700
2016-11-04,44.5770263671875,44.85546936857599,44.50741727649158,44.53352027058975,1855600
2016-11-07,45.25572967529297,45.264432885983794,44.95118368716069,45.03819587825497,1363300
2016-11-08,45.45586395263672,45.54287614423459,45.17741763705839,45.27313303939745,1322000
2016-11-09,45.908329010009766,46.05625371140674,44.8902724787394,45.0207940788366,1548600
2016-11-10,46.03014373779297,46.16066199879251,45.49065763722951,45.943128244491604,1788900
2016-11-11,46.70015335083008,46.76976575824698,45.97794288004224,46.0127490837507,1661500
2016-11-14,47.07430648803711,47.23093106794053,46.37819908807852,46.682748357580465,1660200
2016-11-15,47.77911376953125,47.78781365923015,47.10910940645866,47.23963098705395,1732100
2016-11-16,47.483272552490234,48.12717399255698,47.30924486712338,47.822624713339486,2083000
2016-11-17,47.570289611816406,47.63120212934549,47.31795292743528,47.40496511938707,1237700
2016-11-18,47.518070220947266,47.79651313981544,47.396251858855116,47.55287641563115,1396600
2016-11-21,48.16197204589844,48.18807835363259,47.70080154731584,47.866126006224285,1362000
2016-11-22,48.231597900390625,48.457831608309164,48.092376391063226,48.32731331042245,1512400
2016-11-23,48.01405334472656,48.4317177792847,47.8922349662265,48.188081022284585,1493400
2016-11-25,48.405616760253906,48.51873193386555,48.1445768929395,48.1445768929395,471900
2016-11-28,48.60575485229492,48.66666405331865,48.231596434976304,48.370817940073756,1236700
2016-11-29,48.64056396484375,48.7449792700804,48.44042992746134,48.588354652574075,1125500
2016-11-30,48.28379821777344,48.57964428490261,48.2663951174362,48.57964428490261,1318000
2016-12-01,48.26639175415039,48.47522230504167,48.05755788395735,48.283794853274955,1007000
2016-12-02,48.56222915649414,48.64054142896407,48.309889243057555,48.47521367636023,1033500
2016-12-05,48.101070404052734,48.7188688880289,47.91834281776362,48.605750388244225,1535900
2016-12-06,48.48393249511719,48.5013355967475,47.97055261458065,48.21418939880062,1268800
2016-12-07,48.97990417480469,48.97990417480469,48.32730286846912,48.50133054735232,1274200
2016-12-08,49.11043167114258,49.336668691985714,48.91030096458289,48.9886132688282,1592900
2016-12-09,49.18004608154297,49.336670696396816,48.73627523302284,49.05822767427945,1412900
2016-12-12,49.5280876159668,49.667312416577424,49.07562029119003,49.11912638172988,1293000
2016-12-13,49.64120864868164,49.910951734723966,49.31925957903907,49.66731495978387,1412900
2016-12-14,49.17134094238281,49.80654258844599,49.119134952346535,49.70212396976841,1265600
2016-12-15,49.29315185546875,49.44977642983893,48.93639661813709,49.05821499391349,1073300
2016-12-16,49.2409553527832,49.59771068281732,49.15394315299055,49.41498307167116,2404300
2016-12-19,49.95446014404297,50.07627853716213,49.484586354038534,49.484586354038534,978500
2016-12-20,50.032779693603516,50.467847343113114,49.90225807102954,50.02407980110654,1195900
2016-12-21,49.85003662109375,50.23289483900537,49.85003662109375,50.03276418059918,786600
2016-12-22,49.87615203857422,49.98927054996664,49.702124325501856,49.823942728861745,942200
2016-12-23,49.910945892333984,50.01536116661411,49.702112024471994,49.86743980465907,662500
2016-12-27,49.95446014404297,50.08498174770051,49.85004485269829,50.01536934060255,543400
2016-12-28,49.87615203857422,50.07628274685155,49.83264594013176,49.96316423545913,598200
2016-12-29,50.00739669799805,50.077396565578574,49.91989269110169,49.93739349248096,632100
2016-12-30,49.91990280151367,50.296161762531355,49.79740050498461,50.156158661078535,693000
2017-01-03,49.76239776611328,50.05115603389799,49.50864444531912,49.972404082496446,1174700
2017-01-04,49.84990310668945,50.23491080264415,49.84115103522613,49.95490459868851,1348600
2017-01-05,50.05989456176758,50.35740150219601,49.83239082517477,49.86739242709258,1113100
2017-01-06,49.90239334106445,50.14740122956342,49.81489266955982,49.96364447870503,1147500
2017-01-09,49.36863708496094,50.05990383010811,49.35988835182994,49.937401538651564,1374900
2017-01-10,49.604881286621094,49.648634955813215,49.14987049810076,49.21112496738247,1210200
2017-01-11,49.79739761352539,49.92865197386374,49.45614028217014,49.54364096377101,1260600
2017-01-12,49.96364974975586,49.98990262432619,49.56989334850794,49.79739712118312,1081800
2017-01-13,50.086151123046875,50.29615407415599,49.94614804299522,50.00739918189677,962700
2017-01-17,49.79739761352539,50.07740380017262,49.7273977358321,49.972402314664166,877000
2017-01-18,50.19115447998047,50.20865528288502,49.77114522408176,49.814895562374716,943900
2017-01-19,50.14740753173828,50.27865855548995,49.86740134221024,49.86740134221024,1239400
2017-01-20,50.19115447998047,50.392408706477546,50.01614978887179,50.25240562117798,985400
2017-01-23,50.086151123046875,50.35740521305755,49.88489356615693,50.23490293525444,1278500
2017-01-24,50.34865188598633,50.392402218646595,49.99864254883135,50.10364401480327,968100
2017-01-25,50.59366989135742,50.82117702246987,50.35741402655787,50.40116437086802,2194600
2017-01-26,50.44491195678711,50.82117088067017,50.38366081456772,50.672415722468145,1181800
2017-01-27,50.32240676879883,50.724918569919645,50.2786564293983,50.619913749834076,918000
2017-01-30,50.269901275634766,50.40115227707142,50.173648538485985,50.40115227707142,748500
2017-01-31,50.20866012573242,50.55866620377256,50.12990817403439,50.29616081075817,994800
2017-02-01,49.78864669799805,50.45366052764932,49.72739555597504,50.19990388901866,1876800
2017-02-02,50.18240737915039,50.234909793063395,49.80614842428351,49.867402909483936,1638700
2017-02-03,50.383663177490234,50.663669365892744,50.26115754936921,50.40991271454764,1736700
2017-02-06,50.19115447998047,50.541160524260974,50.14740414168751,50.46240858015891,903700
2017-02-07,50.44491195678711,50.68116445509796,50.199904049972645,50.226156923735886,1134900
2017-02-08,50.52366638183594,50.567416723006005,50.33990960822233,50.40116075344784,1260300
2017-02-09,50.628665924072266,50.73366740643576,50.44491249545192,50.55866271053864,957500
2017-02-10,50.716163635253906,51.057420936418325,50.52366148517514,50.55865975195699,1154900
2017-02-13,51.17992401123047,51.311175015501874,50.82116592552344,50.82116592552344,1114400
2017-02-14,51.12742233276367,51.25867667683545,50.88241778429541,50.934916851574826,989400
2017-02-15,51.722442626953125,51.79244250461498,50.803672118808386,50.829921655689446,1299800
2017-02-16,51.6699333190918,51.731184455597386,51.34617683499988,51.5561797778943,1922900
2017-02-17,53.157466888427734,53.19246849077591,51.27617248641988,51.81868730900702,2822500
2017-02-21,53.5687255859375,53.83997965025469,52.91246058449437,52.938710116412445,1821700
2017-02-22,53.97123336791992,54.00623496870097,53.55122417235645,53.682475168380826,1402100
2017-02-23,53.87498474121094,54.233742831721095,53.5949785894926,54.1112405575864,1337800
2017-02-24,53.682491302490234,53.93624797751408,53.51623865571808,53.85749602105624,1992900
2017-02-27,54.03249740600586,54.07624774846378,53.708740866292686,53.708740866292686,980900
2017-02-28,54.20750045776367,54.25125079888504,53.94499507309841,53.97999334323327,1314900
2017-03-01,54.426246643066406,54.548748913442985,53.91873342243601,54.38249630906571,1395400
2017-03-02,54.45250701904297,54.59251011848603,54.1287504774441,54.2862543815597,1184800
2017-03-03,54.259986877441406,54.46999313895827,54.11998381574226,54.46999313895827,1322500
2017-03-06,54.18999481201172,54.356247428593555,53.98874059048526,54.02374219542988,1428900
2017-03-07,54.321258544921875,54.461261650947456,53.953748305393894,54.05000106664973,1011400
2017-03-08,54.347503662109375,54.56625870609601,54.08499827691283,54.19874849647118,955500
2017-03-09,54.513763427734375,54.56626584681915,54.260006742397536,54.36501158056709,1525800
2017-03-10,54.92500305175781,54.96000465111085,54.53999547268313,54.74999839292887,1080400
2017-03-13,55.117523193359375,55.117523193359375,54.68001309870414,54.82001619547633,1016600
2017-03-14,55.012516021728516,55.1262695761111,54.83751132374077,55.04751762891346,953300
2017-03-15,55.73004150390625,55.800044729863245,54.87252201355826,55.00377639325886,1430000
2017-03-16,55.178775787353516,55.86129048478359,55.0300206155404,55.61628589348812,1418500
2017-03-17,55.45001983642578,55.66002611788499,55.21376402151039,55.292515959815525,1771700
2017-03-20,55.31877899169922,55.52878197379342,55.31877899169922,55.39753094446885,777200
2017-03-21,54.75876235961914,55.572528024805194,54.61875593178666,55.555030559263095,1725800
2017-03-22,54.90751266479492,55.10001815980731,54.81125991728873,54.925013467790315,1385000
2017-03-23,54.802520751953125,55.20502927730466,54.76751913985192,54.86377190416152,1544800
2017-03-24,54.68000793457031,54.986263636730484,54.566254386080765,54.89001089092677,1443200
2017-03-27,54.33876037597656,54.52251717946522,54.17250771732623,54.44376521738083,1192700
2017-03-28,54.61874771118164,54.69749964601607,54.189989773255895,54.189989773255895,1146700
2017-03-29,54.531246185302734,54.66250052060327,54.32124325434556,54.42624471982415,1348300
2017-03-30,55.252479553222656,55.27886457308534,54.557644952072565,54.557644952072565,965800
2017-03-31,55.2436637878418,55.42836556406712,55.10293814569431,55.129323155108224,904100
2017-04-03,54.95343017578125,55.41078947566046,54.91824791690634,55.314039941336894,1175300
2017-04-04,55.06776809692383,55.29644605789182,54.97981245411713,55.01499471123981,816300
2017-04-05,55.13813018798828,55.49873994167924,55.067769027718334,55.120539059129605,1275200
2017-04-06,55.08536911010742,55.19091254524966,54.71596205436162,55.08536911010742,1027100
2017-04-07,55.252479553222656,55.463569777620066,55.111753855346144,55.19091227009951,1500900
2017-04-10,55.11175537109375,55.32284560129681,55.032596954163274,55.17332265591019,1069200
2017-04-11,55.31403732299805,55.31403732299805,54.94463368779216,55.11174437679034,830200
2017-04-12,54.97981643676758,55.13813325012313,54.63679779288551,55.07656597328097,900700
2017-04-13,54.698368072509766,55.05897786602388,54.68077694170845,54.90066104397718,1291500
2017-04-17,55.2084846496582,55.22607577531344,54.830283835980985,54.85666884688177,997700
2017-04-18,55.287654876708984,55.34042490981061,54.99740627399056,55.023794645706246,743800
2017-04-19,55.454769134521484,55.489951395625056,55.270067296475354,55.384407967479426,856100
2017-04-20,55.41958236694336,55.60428754513517,55.401994592986824,55.586696416013815,1280600
2017-04-21,55.7450065612793,55.894526108195635,55.4459641122822,55.45475799820957,1291700
2017-04-24,56.30791091918945,56.33430264484075,56.00887179843578,56.246347001826685,1325700
2017-04-25,56.193580627441406,56.38707971105103,56.14081059021342,56.32551243084163,1450100
2017-04-26,55.61309051513672,56.299131242258056,55.533932098744465,56.15840218630261,1685000
2017-04-27,55.70983123779297,56.18478166090333,55.56910555929711,55.83296578708125,1533600
2017-04-28,55.40199279785156,55.894530976630996,55.04138305046032,55.27006101129867,1553800
2017-05-01,55.67464828491211,55.718624429800116,55.27885627059044,55.59548988204777,1263000
2017-05-02,55.70103454589844,55.920918617173584,55.56910276106749,55.832962975564726,1018600
2017-05-03,55.41078186035156,55.665848169392646,55.34921459336433,55.48994025435864,1237900
2017-05-04,55.49874496459961,55.74501743574524,55.41079266751086,55.621882877754956,2023700
2017-05-05,55.61309051513672,55.80658961191009,55.533932098744465,55.64827277912558,1556600
2017-05-08,55.56031036376953,55.85055897363928,55.49874308685746,55.68344827275864,1186900
2017-05-09,55.41958236694336,55.77139823904081,55.270062802159075,55.5163318995284,975900
2017-05-10,55.94729232788086,56.0528357213217,55.29643413214038,55.36679863121026,1577900
2017-05-11,55.70983123779297,55.98248870776332,55.51633217167434,55.91212419093298,794600
2017-05-12,55.12934494018555,55.8329734289709,55.05018652549936,55.665862711373535,1206400
2017-05-15,55.31403732299805,55.37560459553236,54.97101870311695,55.11174437679034,1610900
2017-05-16,54.68956756591797,55.489945467104256,54.6016152777209,55.3140375355454,1090600
2017-05-17,53.8715934753418,54.68956242836014,53.84520846239425,54.68956242836014,2064000
2017-05-18,54.24101257324219,54.53126121924335,53.66051863640525,53.95956117084642,1484500
2017-05-19,53.98593521118164,54.26738653884139,53.82761841997747,54.24099817019771,1498500
2017-05-22,54.43450927734375,54.51366769048517,54.06510558612729,54.082696717399294,1053300
2017-05-23,54.8478889465332,54.88307120681431,54.34655348060495,54.53125531433325,1660400
2017-05-24,54.89186477661133,55.05018159179503,54.81270636901948,54.97102318420318,917300
2017-05-25,55.27005386352539,55.31403000163426,54.92703528904622,55.0061936797079,1190800
2017-05-26,55.47236251831055,55.6130882132759,55.155728865847195,55.2436845221788,948700
2017-05-30,55.305233001708984,55.45475253389219,55.15571011436169,55.41957028332058,1592200
2017-05-31,55.94729232788086,55.96488345264833,55.340410266477065,55.41077476554695,2070200
2017-06-01,56.66852569580078,56.66852569580078,55.85935053200602,56.11441687152995,1466700
2017-06-02,56.88841247558594,57.04672929003023,56.598163864049745,56.6861161586677,976300
2017-06-05,56.466224670410156,56.94997229293739,56.43983965651395,56.7300882300303,926300
2017-06-06,56.29033279418945,56.59816920959156,56.21996826771738,56.42226460374195,922300
2017-06-07,56.3870849609375,56.51021953282068,56.114427440935145,56.272744277689355,1050400
2017-06-08,56.026466369628906,56.606960228531776,55.797785038905545,56.387076140232736,1056300
2017-06-09,56.2375602722168,56.30792144461568,55.87695045636349,55.98249724770983,968500
2017-06-12,56.439842224121094,56.45743670773836,56.175982007661744,56.23754927966343,602100
2017-06-13,56.62454605102539,56.80045734179832,56.378276954272906,56.378276954272906,612900
2017-06-14,56.42224884033203,56.72128792879608,56.237543687528934,56.66851790385036,1208700
2017-06-15,57.04672622680664,57.064314000653845,56.20237216521947,56.20237216521947,1264900
2017-06-16,57.00275802612305,57.20505437227903,56.65973933030583,57.04673753495332,1407200
2017-06-19,57.2666130065918,57.468902611854915,56.76527754919074,57.081911176005086,897900
2017-06-20,56.791664123535156,57.442519169685966,56.7564818628878,57.27541181952365,584700
2017-06-21,56.36069869995117,56.98516878942941,56.27274303970858,56.809257468944224,833000
2017-06-22,56.193580627441406,56.50141702848842,56.0528549362249,56.36069469243704,672300
2017-06-23,56.32551574707031,56.35190076723775,56.017675972733755,56.202381179401826,1348000
2017-06-26,56.34309768676758,56.527799519135776,56.15839585439938,56.44864446683368,940600
2017-06-27,56.27273941040039,56.51021464499138,56.18478711099565,56.246354391611995,777400
2017-06-28,56.49263381958008,56.80926079432597,56.45745155342362,56.510221597492745,577200
2017-06-29,55.89154052734375,56.61637462060307,55.476087538809686,56.536816492790976,1339400
2017-06-30,56.33351516723633,56.56334153456819,56.1478885126746,56.2186019835704,1055400
2017-07-03,56.38655090332031,56.73128707076129,56.33351327295841,56.42190932356158,601300
2017-07-05,56.54566192626953,56.669413028440566,56.19208445838259,56.439586662724665,812200
2017-07-06,56.200927734375,56.466109158672666,56.08601454745893,56.466109158672666,1091600
2017-07-07,56.651729583740234,56.78432197517116,56.27163836369839,56.3158347035205,638300
2017-07-10,56.87270736694336,57.022982321403866,56.64288777810411,56.740121736431604,762500
2017-07-11,56.7843132019043,57.137890609782104,56.66940341051347,56.934588152403855,702200
2017-07-12,56.9522705078125,57.2704895369388,56.86387783170606,57.067180312357976,659300
2017-07-13,56.8462028503418,57.16442192201329,56.536825070641676,57.00531238617754,824600
2017-07-14,56.96994400024414,57.09369509048461,56.748958947110644,56.86387549085438,646500
2017-07-17,57.13788986206055,57.182089566439906,56.766636623414826,56.943421953076204,663400
2017-07-18,57.30584716796875,57.45611538967575,56.91691130573526,57.16441349300064,627100
2017-07-19,57.21745300292969,57.4207554754906,57.084860622082466,57.39423834810688,849200
2017-07-20,57.26164627075195,57.39423865230192,57.164412307210554,57.21745330618774,608400
2017-07-21,57.36772155761719,57.4472729402355,57.120219375344185,57.120219375344185,825900
2017-07-24,57.02299499511719,57.447282594911975,56.99647786312124,57.367731198924126,720500
2017-07-25,57.43844223022461,57.68594442902929,57.03182376769791,57.18209874034,906500
2017-07-26,57.279335021972656,57.677105465542574,57.040667360687195,57.62407120478109,900200
2017-07-27,57.8096923828125,57.87156792914681,57.146737210403934,57.2793295936714,1127900
2017-07-28,56.837371826171875,57.9334560610357,56.386560322699005,57.9334560610357,1601100
2017-07-31,56.76664733886719,57.01414954468363,56.70477178741307,56.99647370595216,988300
2017-08-01,57.084861755371094,57.35003977840139,56.81083569779905,57.00530362771187,1030100
2017-08-02,57.06719207763672,57.15559151589696,56.74013843422287,57.031833651118674,799000
2017-08-03,57.27049255371094,57.41191949414524,56.97879063765804,56.97879063765804,705000
2017-08-04,57.21745300292969,57.4384380563655,56.961109531672705,57.27048725769712,590400
2017-08-07,57.19092559814453,57.36771767632748,57.09369164112597,57.279325009200114,671100
2017-08-08,56.96111297607422,57.297007849793694,56.925754556114946,57.146739622913586,739000
2017-08-09,56.9080696105957,57.20861279580243,56.810835645728424,57.02298615667273,517100
2017-08-10,56.64289093017578,56.978785786044675,56.60753251209558,56.7489594404877,883600
2017-08-11,56.554500579833984,57.0053086538763,56.554500579833984,56.775489029105906,634200
2017-08-14,57.102535247802734,57.15557624537372,56.68708227712717,56.74012327469816,628500
2017-08-15,57.06719207763672,57.252818758908695,57.031833651118674,57.093709211542674,495100
2017-08-16,57.1467399597168,57.42960057712897,57.09369895750077,57.09369895750077,526200
2017-08-17,56.68708038330078,57.26164283963711,56.642887421384614,57.07601621416136,815600
2017-08-18,56.474937438964844,56.90806623793137,56.457258230767245,56.687081193407664,881300
2017-08-21,56.70476531982422,56.87270937237054,56.22743680136556,56.483780269274575,1027900
2017-08-22,57.323524475097656,57.33236576599205,56.75780324857828,56.89039563627822,824300
2017-08-23,56.899227142333984,57.296997493101124,56.899227142333984,57.05833663142641,548000
2017-08-24,56.713600158691406,57.19092187892379,56.669400456038,56.97877814282853,890100
2017-08-25,56.899227142333984,57.08485375562051,56.66055953673145,56.810827736449895,1045700
2017-08-28,56.91690444946289,57.137889482033856,56.61636804225182,57.00529711370567,558400
2017-08-29,57.350032806396484,57.46494933860851,56.79315295619648,56.84618720556945,774000
2017-08-30,57.526832580566406,57.53566712735958,57.20861355386205,57.305847520017764,731900
2017-08-31,57.66824722290039,57.800839579758836,57.38538667543517,57.63288881147631,980300
2017-09-01,57.62407302856445,57.88041653690714,57.52683905147138,57.730141553444454,792500
2017-09-05,57.12905502319336,57.82736861888437,57.0229865109909,57.62406614121045,979600
2017-09-06,56.98762512207031,57.36771967348571,56.98762512207031,57.21745145974504,838000
2017-09-07,57.111366271972656,57.38538552510711,57.01413232848741,57.01413232848741,785000
2017-09-08,57.86272430419922,57.968799555319556,56.952266983183854,57.01414252702193,908900
2017-09-11,58.587562561035156,58.587562561035156,57.87157306929696,58.03068259456426,1196700
2017-09-12,58.9853401184082,59.0560502181393,58.640597191545666,58.6671210658654,889500
2017-09-13,58.63176345825195,59.01185806829369,58.59640503593069,58.95881706284705,991200
2017-09-14,59.082557678222656,59.10908154820111,58.54336037937011,58.54336037937011,895700
2017-09-15,59.12675857543945,59.16211699219477,58.56103739521131,59.04720719568632,1071600
2017-09-18,59.170963287353516,59.17979783434329,58.93229564004951,59.17979783434329,753000
2017-09-19,59.10024642944336,59.206321688648636,58.888102654961806,59.056046718792246,929700
2017-09-20,58.86157989501953,59.38310816606064,58.852745347865486,59.10024754676128,1108600
2017-09-21,58.47264099121094,58.80853581304344,58.172097839947746,58.782018688152455,1546200
2017-09-22,58.56988525390625,58.667119224905896,58.446134153348375,58.49916841246484,885600
2017-09-25,58.817386627197266,58.870420885567306,58.454967877857776,58.578718976673926,724000
2017-09-26,58.711307525634766,58.92345803309421,58.631756143283965,58.86157574380538,693900
2017-09-27,58.86157989501953,58.949979317993,58.614077696123736,58.79970434529559,746300
2017-09-28,58.64942932128906,58.8615730752019,58.393085861010555,58.746663280150855,921400
2017-09-29,58.69829559326172,58.876011733921764,58.59167268804328,58.662752365129705,1048100
2017-10-02,59.15147018432617,59.15147018432617,58.57390452330692,58.769388911268365,999700
2017-10-03,59.13371276855469,59.231454980404564,58.90268510607501,59.08928202528488,1233700
2017-10-04,56.25476837158203,58.16517147722751,55.499489887368256,57.77420267471092,3957700
2017-10-05,56.60129928588867,56.87675423563005,56.2192180351073,56.2192180351073,2021800
2017-10-06,56.13925552368164,56.47690947998347,56.01485758967294,56.263653457690346,1310300
2017-10-09,56.530216217041016,56.6279584111872,56.1481349433364,56.1481349433364,949200
2017-10-10,56.316959381103516,56.82343854045471,56.219217194283296,56.707924738795455,1037800
2017-10-11,56.26365280151367,56.51244866662949,56.17479810385501,56.41470985504073,1510600
2017-10-12,56.574642181396484,56.770126564916076,56.148133572472105,56.148133572472105,1439800
2017-10-13,56.27254104614258,56.85899087134587,56.18368295772421,56.672390580462036,1126400
2017-10-16,55.76605987548828,56.263655014884385,55.703860906762465,56.19257193187898,1531200
2017-10-17,55.97042465209961,56.192564766247415,55.69496969030424,55.757168651098496,1250500
2017-10-18,56.00596618652344,56.29919277306131,55.988194570103936,56.06816514919706,1057200
2017-10-19,56.55686569213867,56.5924055288314,55.91710117742886,55.97041601685089,1055300
2017-10-20,57.036705017089844,57.18775868661463,56.60130884744332,56.77013413507506,1293200
2017-10-23,56.99226760864258,57.169976989740114,56.85898557281943,56.894525415285436,684200
2017-10-24,56.78789520263672,57.18774806178122,56.77012358783153,56.92117722929226,750800
2017-10-25,56.66350173950195,57.01004317104061,56.547987928989066,56.654614236606776,983900
2017-10-26,58.085201263427734,58.20071168581135,56.93895742588515,56.94783814971416,1460400
2017-10-27,58.09407424926758,58.37841329502808,57.8808216597416,58.03187529485677,957100
2017-10-30,58.200706481933594,58.58278772695157,57.61425336108735,58.13850752479941,2358300
2017-10-31,57.81862258911133,58.28955849715764,57.52539604211652,58.12073663791199,1231300
2017-11-01,57.356590270996094,58.0141232263332,57.04558863315578,57.92526852088431,1353800
2017-11-02,57.57872009277344,57.934138850795655,57.17886382123105,57.35657997942042,1381100
2017-11-03,56.779014587402344,57.60537608400542,56.476903896283055,56.9034125091122,2170100
2017-11-06,56.468013763427734,56.93895308886616,56.37915907765618,56.779011942806164,1492000
2017-11-07,56.99226760864258,57.03669834350614,56.30807564473173,56.37916210884208,1768000
2017-11-08,56.76124572753906,57.081124660500755,56.71681838042683,56.894527768875776,844400
2017-11-09,56.66350173950195,56.7523564309185,56.16590665463731,56.47690485377366,1154700
2017-11-10,56.3791618347168,56.64572929465617,56.2903037550109,56.583530333656626,835100
2017-11-13,56.78789520263672,56.79677931524485,56.3613866160789,56.396929845689286,768900
2017-11-14,56.79678726196289,56.93896020029655,56.5302197817661,56.592418747492374,1192400
2017-11-15,56.10370635986328,56.85009727463351,56.09482224676837,56.82344154575965,1266900
2017-11-16,56.192562103271484,56.38804308953705,56.050392572537895,56.10370402806988,1258200
2017-11-17,55.481712341308594,56.085933708277466,55.481712341308594,55.97042329223126,918700
2017-11-20,55.67720413208008,55.703859864009424,55.13518165225334,55.481719725692855,1244500
2017-11-21,55.97930908203125,56.0059648112113,55.30400462261962,55.748284853429396,1612000
2017-11-22,55.40174865722656,55.997085985310314,55.250694991491414,55.89045966893318,1057700
2017-11-24,55.383975982666016,55.57945698206504,55.29511790149445,55.490602290482684,602600
2017-11-27,55.66831970214844,55.854916603774264,55.48171941093312,55.53503426407885,1113700
2017-11-28,56.423587799072266,56.432471912030884,55.73939585523046,55.872681276733196,1048000
2017-11-29,57.143314361572266,57.31214299865705,56.27252900847472,56.43246675423536,1180400
2017-11-30,57.7031135559082,57.98745260786556,57.02780576531783,57.28548909040071,2539000
2017-12-01,57.0633544921875,57.996338918574814,56.565759408525075,57.84528526561378,1163600
2017-12-04,57.783084869384766,58.458392708275575,57.35657965053242,57.640918722826726,1715000
2017-12-05,57.8275146484375,58.21847662939896,57.66757349921478,57.96968079264764,1296600
2017-12-06,58.0052375793457,58.18295377511337,57.73867345446375,57.96081361478856,1201700
2017-12-07,57.96968460083008,58.06742679728591,57.64092155745914,57.92526064373651,789900
2017-12-08,57.880828857421875,58.11185647932436,57.76531843605985,58.11185647932436,1066300
2017-12-11,57.97855758666992,58.09406798120482,57.78307324270557,58.02298831181704,871000
2017-12-12,57.57872009277344,58.1473982406229,57.5698325900694,58.01411281677544,1369300
2017-12-13,57.880828857421875,58.147399711861546,57.303263192254875,57.4720918520119,1475800
2017-12-14,57.62314987182617,58.15628484192094,57.47209620648212,58.0318869082048,1317500
2017-12-15,58.72496032714844,58.991531189437936,57.83639982508831,57.83639982508831,3176500
2017-12-18,59.03594970703125,59.23143406169197,58.733835673689065,58.733835673689065,1435900
2017-12-19,58.200706481933594,59.27586375764049,58.17405075447293,59.06261115877726,1997600
2017-12-20,58.8937873840332,59.39137908226509,58.23625452862985,58.476162874797815,1349900
2017-12-21,59.32030487060547,59.41804707451811,58.89379281906133,58.9737667946167,1211400
2017-12-22,59.47134017944336,59.604625578103224,59.124802210433906,59.13368971145843,1244200
2017-12-26,59.32918167114258,59.5779843059419,58.64499306818567,58.68942380490878,842400
2017-12-27,59.47134017944336,59.55130735113308,59.14257043330596,59.27585583196583,798600
2017-12-28,59.89784622192383,59.95115766448586,59.249194294321654,59.53353328661306,1234500
2017-12-29,60.384620666503906,60.732941402955475,60.072026007387436,60.13454493921073,1260900
2018-01-02,59.46470260620117,60.34890096803376,59.26821256711543,60.34890096803376,1555200
2018-01-03,59.75050354003906,59.7594367636955,59.29500453030468,59.48256134277104,1426200
2018-01-04,61.12592697143555,61.73325671299005,60.5096640062257,60.62576865753276,1926400
2018-01-05,60.96514129638672,61.34025478763556,60.643613499873226,61.25986943148183,1554300
2018-01-08,60.88479232788086,61.10807527479025,60.66150938097147,61.10807527479025,1188500
2018-01-09,60.71507263183594,61.48315932973619,60.69720618883157,60.86690332711555,1682800
2018-01-10,60.31315612792969,60.706136083873965,60.12559937097022,60.572165024888314,769100
2018-01-11,60.96514129638672,60.96514129638672,60.31315248288694,60.348878550727406,824200
2018-01-12,61.07231521606445,61.17056020318332,60.554304246043415,60.95621060131079,964500
2018-01-16,60.813323974609375,61.34920835590334,60.79546434179096,61.09913261212774,874300
2018-01-17,60.95622634887695,61.12592351847694,60.68828416677728,61.12592351847694,1090400
2018-01-18,60.65257263183594,61.13485771859332,60.61684654873287,61.02768628333773,1251000
2018-01-19,60.91155242919922,61.04552348809776,60.50071284554786,60.74186211437545,1240100
2018-01-22,60.98301315307617,61.054465303086424,60.661485292082105,60.920494225330216,1073700
2018-01-23,60.98301315307617,61.04553208082212,60.42034280336259,60.78652314757401,755100
2018-01-24,60.84904861450195,61.37599975989162,60.715084336401254,61.108057575584624,1184900
2018-01-25,61.17950439453125,61.19736402536858,60.68827937085209,61.06339975895809,1018100
2018-01-26,61.89399337768555,61.98330513269957,61.09017395445909,61.42062812941599,1062600
2018-01-29,61.12592697143555,61.84042814064176,61.108060524124845,61.67073777550884,759100
2018-01-30,60.97408676147461,61.688594713516224,60.893708194247665,60.893708194247665,954800
2018-01-31,61.44745635986328,61.724324973357724,61.04554305434687,61.09020235964424,945500
2018-02-01,61.438507080078125,61.626063848016344,60.857970333192306,61.38492137896764,1309000
2018-02-02,60.94728469848633,61.47423576667293,60.822246847876315,61.00087721592762,1492000
2018-02-05,57.99995422363281,60.9204908494269,57.77667137776302,60.73293407658248,2216700
2018-02-06,57.66056442260742,58.18751552316104,56.070791526586795,56.98178601744924,3727900
2018-02-07,57.6963005065918,58.66981750249475,57.598055484600124,57.66057442458997,2526000
2018-02-08,56.0172119140625,58.035691125278895,56.0172119140625,57.696296775237656,2282100
2018-02-09,55.33842849731445,57.23186978426308,53.82010422269579,56.94606456166452,3167900
2018-02-12,55.92789077758789,56.186899717314255,55.400943082673535,55.60636290855186,2153500
2018-02-13,56.517356872558594,56.66919099019316,55.57956953466945,55.57956953466945,2654200
2018-02-14,57.62483596801758,57.84811882204036,56.16903421284771,56.16903421284771,2129100
2018-02-15,57.356903076171875,58.39293201968613,56.856748235314896,58.09820381849422,2116800
2018-02-16,58.178585052490234,58.348282217075884,57.38369856688252,57.38369856688252,1955500
2018-02-20,57.928504943847656,58.43758958505789,57.767741014304846,57.767741014304846,1667400
2018-02-21,57.99995422363281,58.69659561249828,57.80346422901913,57.96422815060744,1995300
2018-02-22,58.4465217590332,59.30392709653333,58.18751283196776,58.21430568406903,2143300
2018-02-23,59.30393981933594,59.32179945321767,58.46439393177359,58.72340291440567,1849800
2018-02-26,59.830875396728516,59.92912040376512,59.27713824512476,59.27713824512476,1615800
2018-02-27,59.884456634521484,60.420334053893825,59.70582628536331,59.7683452040559,1898500
2018-02-28,60.000579833984375,60.91157104765942,59.97378697682529,60.20600309562606,2802200
2018-03-01,59.57185745239258,60.50071486056051,59.26819606855665,60.06308241336405,3169600
2018-03-02,59.42898178100586,59.71478364111972,58.794859116817406,59.41111533184346,4681300
2018-03-05,60.67041778564453,60.813315269896655,59.08957816645429,59.4736181365296,2973900
2018-03-06,60.804405212402344,60.849057707090665,60.18814218484063,60.66150087567054,2273500
2018-03-07,60.61684036254883,60.80439716915882,60.241719935275924,60.30423887081258,2150300
2018-03-08,60.91155242919922,60.911552429199226,60.590024613463186,60.670409974422746,2859100
2018-03-09,61.53675079345703,61.55461042210481,60.777590515976314,61.233082594033924,2176100
2018-03-12,61.49212646484375,61.724342653609874,61.30456959416717,61.545719009362244,2140200
2018-03-13,61.62606430053711,61.92079928691205,61.501026454326805,61.83148751305492,2104400
2018-03-14,61.13484573364258,61.929732188207865,61.045533950420506,61.89401292616086,1966700
2018-03-15,61.24203872680664,61.46532164571932,61.11700083733986,61.39386947629432,1277100
2018-03-16,61.41172409057617,61.626073743488355,61.13484869092646,61.25988655629629,2380000
2018-03-19,61.27775192260742,61.518894426128455,61.01874297346113,61.429582640159644,1332500
2018-03-20,61.250946044921875,61.45636242756884,61.00979677862199,61.31346496321239,1209300
2018-03-21,60.732948303222656,61.313485201284706,60.732948303222656,61.18844732343175,1308300
2018-03-22,59.48253631591797,60.52749818030735,59.42895062463142,60.42926001763209,1824100
2018-03-23,58.4465217590332,60.161332434033454,58.34827675862728,59.57186243159792,2128000
2018-03-26,59.50041961669922,59.50041961669922,58.53583601589992,59.00026137144095,1868000
2018-03-27,58.89308547973633,59.8398025636801,58.598350488453256,59.75942401008563,1876700
2018-03-28,58.81269073486328,59.33070848893931,58.53582223122464,59.03597354464944,2139800
2018-03-29,59.46363067626953,59.912548294133764,59.03266674914661,59.09551494165003,1374300
2018-04-02,59.113487243652344,59.87665291424763,58.664569484451064,59.46364939777542,1769400
2018-04-03,60.27169418334961,60.29863500209211,59.257142542167095,59.319990752683864,1848600
2018-04-04,60.83732604980469,60.891193979546216,59.580355172960836,59.8048140134708,2200800
2018-04-05,61.16054916381836,61.4478562142968,60.76549940068286,61.124634926266005,1467900
2018-04-06,60.02029037475586,61.05280237311267,59.679115415708026,60.72060083539823,1537900
2018-04-09,60.038246154785156,60.67570836582747,59.79582679921422,60.24474442811213,2515500
2018-04-10,60.64878845214844,60.80141883734201,60.02927978879207,60.550026002919424,1710700
2018-04-11,58.84413146972656,60.1639505707852,58.63762631890542,59.75094711908323,2596100
2018-04-12,58.94289779663086,59.319987036105694,58.74537290454191,58.99676573085847,1536400
2018-04-13,58.826175689697266,59.29305395982027,58.58376313209018,59.131443304768595,1282700
2018-04-16,58.91596603393555,59.31100898295372,58.862091247751366,59.14939832428323,1707300
2018-04-17,59.21224594116211,59.47261904696898,58.89800489965071,59.17633855065306,1173800
2018-04-18,59.221214294433594,59.44567311461411,58.86207881215686,59.427719422973084,1496900
2018-04-19,59.15836715698242,59.37384571022703,58.8441261730966,58.9877762586131,1619900
2018-04-20,58.85310363769531,59.517499807649926,58.628644824202865,59.03266794851352,2004400
2018-04-23,58.99675369262695,59.36486943457737,58.77229487922481,58.94288576939104,1749200
2018-04-24,58.287471771240234,59.2122411253065,57.982211027154065,59.2122411253065,1381200
2018-04-25,58.422142028808594,58.4939704959726,57.89242249583824,58.24257771083822,828500
2018-04-26,58.601715087890625,58.73639177142678,58.01812754246838,58.46704525429513,1072900
2018-04-27,58.8082275390625,59.05962039285716,58.56581495860094,58.6017223520503,793000
2018-04-30,58.071998596191406,59.09553048615687,58.071998596191406,58.88902531364687,1294700
2018-05-01,58.09893035888672,58.21564649982373,57.578184160969386,57.946299978444294,1044200
2018-05-02,57.793670654296875,58.404199037165974,57.70388162892188,58.09893142076097,1655500
2018-05-03,60.37045669555664,61.12464207244834,58.808224854058324,59.28407656986393,3967300
2018-05-04,61.55559539794922,61.97757914952999,59.91256175341453,60.2357762089424,2356200
2018-05-07,61.08871841430664,61.51070212741035,60.60388650031133,61.51070212741035,1640700
2018-05-08,60.81038284301758,61.30418810712723,60.675706189191615,61.13359722228507,1250700
2018-05-09,60.72060012817383,60.98995346371751,60.62183769513714,60.792428597644125,1141400
2018-05-10,61.08871841430664,61.95063953365159,60.954041740984586,61.91472529743636,1524600
2018-05-11,60.97201156616211,61.340120556012124,60.8822225369849,61.23237783096419,1054100
2018-05-14,60.85527420043945,61.142581216126985,60.765492042400766,61.142581216126985,1303800
2018-05-15,60.5859375,60.81039635627603,60.406366305014764,60.5859375,960400
2018-05-16,60.06520080566406,60.77449172562694,60.029286560989036,60.63083474692682,1239500
2018-05-17,59.804813385009766,60.24475078980295,59.62524905446483,60.01131168014243,866600
2018-05-18,59.804813385009766,60.002338258573275,59.670136712131,59.87664185720379,1871900
2018-05-21,60.460243225097656,60.621853899635155,59.91256983632569,59.97541805142684,1263400
2018-05-22,60.24475860595703,60.8283530308538,60.19089066979275,60.442283505147415,1318700
2018-05-23,60.693668365478516,60.80141107359092,60.11007401726485,60.154968524796715,1318500
2018-05-24,60.75652313232422,60.90018009199983,60.37943388808703,60.729589164870255,1169600
2018-05-25,60.79243087768555,60.972002058096166,60.66673447636818,60.75651664160342,749900
2018-05-29,60.21781539916992,60.63979910089147,60.002336837630814,60.38840630410586,1031300
2018-05-30,61.35807418823242,61.46581691316859,60.442285001069166,60.442285001069166,1252100
2018-05-31,60.54103469848633,61.4927379267927,60.514100735411965,61.36704153248581,1559200
2018-06-01,61.03485107421875,61.15156720558996,60.630821050351855,60.882213856345366,965000
2018-06-04,60.98095703125,61.49272275320189,60.900155161965095,61.21439607019204,1078300
2018-06-05,60.99894332885742,61.295223824626895,60.87324691248468,61.03485756924119,933300
2018-06-06,61.27726745605469,61.33113538930977,60.84630344019207,60.98098012327043,1074500
2018-06-07,61.16054916381836,61.5196778394611,61.034852757355324,61.27726529840821,927600
2018-06-08,61.268287658691406,61.28624820320939,61.03485537948318,61.15157151908729,792300
2018-06-11,61.69926071166992,61.941673298630285,61.2144286878075,61.48378209548941,2378000
2018-06-12,62.31875991821289,62.55219219593524,61.49274612416086,61.851881662886875,2021500
2018-06-13,61.708229064941406,62.525255703850924,61.66333455568621,62.309777129294844,1668900
2018-06-14,62.15713882446289,62.21998701943446,61.41193390555748,61.69026064758308,1864300
2018-06-15,62.731754302978516,62.821536462169064,61.78902450662867,62.21100818975785,2199800
2018-06-18,62.15713882446289,62.57014222712456,61.87880523249779,62.32772286799172,1452300
2018-06-19,62.09428405761719,62.12121801690589,61.72616834750147,61.82493076485258,1338800
2018-06-20,61.86984634399414,62.2379553295936,61.77108389299258,62.103278637324095,982200
2018-06-21,62.09428405761719,62.23793412380321,61.851864724141286,61.95062714149239,1573000
2018-06-22,62.60606002807617,62.76767066006227,62.273858492899215,62.31875299898309,1849000
2018-06-25,62.363643646240234,62.64197041747779,62.06735633173173,62.5162740143421,1455100
2018-06-26,62.14817428588867,62.65095997293583,62.04043156011803,62.399567129412254,1596000
2018-06-27,61.25032424926758,62.38159862654603,61.232363707598296,62.13019899275334,1314800
2018-06-28,61.81596755981445,61.9596245155967,61.26828740329081,61.349096153403494,1402700
2018-06-29,61.68510818481445,62.32578065330157,61.65803858373461,61.991906176300255,1502500
2018-07-02,62.20850372314453,62.25361744969059,61.57684959155173,61.57684959155173,1031400
2018-07-03,61.748291015625,62.533344099663594,61.658056690714716,62.39798917007933,734700
2018-07-05,62.22654724121094,62.2445982392075,61.82048928399008,62.04607856787691,1367600
2018-07-06,62.109214782714844,62.41601276344449,61.84753050739139,62.163353982976446,1093200
2018-07-09,62.25361251831055,62.42506256514479,62.00997913783283,62.226542907639484,909600
2018-07-10,62.5604133605957,62.704786902761285,62.28970350293344,62.39798882288588,1204400
2018-07-11,62.90332794189453,63.002587797835254,62.41605416303278,62.41605416303278,1148800
2018-07-12,63.33642578125,63.61615418528635,63.06571598838927,63.16497578680914,1392000
2018-07-13,63.29130935668945,63.66127897234031,63.22814465211936,63.33642995328371,1167000
2018-07-16,62.605533599853516,63.44472598466855,62.53335026347292,63.237187705361976,1109100
2018-07-17,62.54237747192383,62.74089716423614,62.26264893335975,62.55140297187602,1027800
2018-07-18,61.77537155151367,62.52432966117671,61.721232323878866,62.35287959441461,1481000
2018-07-19,61.8656005859375,62.10021535962937,61.62196719803933,61.72122702981519,1016700
2018-07-20,61.58586120605469,61.802424944191834,61.41441118429268,61.612930812767196,949200
2018-07-23,61.748291015625,61.82949984271294,61.31515661784288,61.5587968679821,1877100
2018-07-24,61.73023223876953,61.991909653509644,61.251977349935515,61.94679594399131,1585800
2018-07-25,63.69736099243164,63.796620787734824,61.68510925369072,61.68510925369072,2939600
2018-07-26,64.15757751464844,64.34707164726736,63.65225982766467,63.83272846317683,2120800
2018-07-27,65.41187286376953,65.64648766830267,63.93200757567909,63.93200757567909,2514400
2018-07-30,64.56363677978516,65.44794265679265,64.50047207428462,65.1501632375316,1670600
2018-07-31,65.40283966064453,65.43892788304106,64.49145714528389,64.83435033355254,2001500
2018-08-01,65.60133361816406,65.88106889483896,65.34867482718214,65.56524540611154,2490100
2018-08-02,65.96229553222656,66.15178967669479,65.402838596493,65.52916802613849,2841200
2018-08-03,65.55623626708984,65.9352245481199,64.95165874005083,65.77280001561596,1218900
2018-08-06,65.89012145996094,65.90817245972491,65.42992423256867,65.52015857807072,808200
2018-08-07,65.75474548339844,65.96228370154829,65.61939058035843,65.9261886017752,996800
2018-08-08,65.73670196533203,65.8991264905599,65.49306861970881,65.79986667600747,837600
2018-08-09,66.03450012207031,66.07059523617605,65.64648625098248,65.90817066491977,792400
2018-08-10,65.74571990966797,66.1066640225361,65.66450421416538,65.94423951596725,1307300
2018-08-13,65.93522644042969,66.28714512354857,65.55623814852285,65.66451658367473,1243900
2018-08-14,66.03450012207031,66.53981795067249,65.96230989385883,66.09766485064559,1437700
2018-08-15,66.33226013183594,66.42249444832929,65.74572674797362,65.98936009094935,1583600
2018-08-16,66.69318389892578,66.74732309538791,66.32321436460803,66.70220250871283,1293300
2018-08-17,67.21658325195312,67.44217254306467,66.73833505630687,66.73833505630687,1639400
2018-08-20,67.2436294555664,67.47824416428787,67.02706573913544,67.32484515200079,813600
2018-08-21,66.56684875488281,67.46920542811087,66.47661446444702,67.30678095155243,1282400
2018-08-22,66.106689453125,66.5037219340217,66.02547372637953,66.44055720630365,1089200
2018-08-23,66.05254364013672,66.35032316548939,65.94426518323685,66.11570836814131,1173900
2018-08-24,66.0705795288086,66.30519427249995,65.8540157800983,66.16983934789195,1592300
2018-08-27,66.00740051269531,66.43150930516651,65.4298927183112,66.178843621242,2084000
2018-08-28,65.98934936523438,66.12470426019273,65.77278566396257,66.09763465808825,1229000
2018-08-29,66.27812957763672,66.3232501886834,65.91719222701795,66.13375601427694,849400
2018-08-30,66.26908874511719,66.39541815236737,65.97130933469761,66.22396814919797,749200
2018-08-31,66.19690704345703,66.42249628314045,65.99838741102566,66.24202764516862,1389200
2018-09-04,66.47664642333984,66.48567192205299,66.10668358936158,66.29617775570728,1382100
2018-09-05,66.7563705444336,66.83757936583473,66.34128028692597,66.34128028692597,1062600
2018-09-06,67.1353530883789,67.29777760176805,66.73831385910843,66.81050406160062,890200
2018-09-07,67.36998748779297,67.91140039579618,67.03611286704565,67.11732170524874,1368200
2018-09-10,67.85724639892578,68.10991215210298,67.40606788062325,67.60458753018642,982300
2018-09-11,67.88432312011719,68.24526042841677,67.5775181467371,67.71287307956838,1275300
2018-09-12,67.22559356689453,67.9655259992332,66.93683961487059,67.90236128736663,1321500
2018-09-13,67.4511947631836,67.4511947631836,67.05415542710908,67.43315064992497,1234000
2018-09-14,67.6136245727539,67.68581480027338,67.14440186275539,67.40607938974519,790300
2018-09-17,67.78506469726562,67.82115980572985,67.43314599528692,67.61361465317005,767400
2018-09-18,68.08283996582031,68.41671456888675,67.63166141897076,67.8933458022761,1092500
2018-09-19,67.39703369140625,67.91137680802747,67.28874839364106,67.90235131210464,627400
2018-09-20,67.4963150024414,67.77604350526451,67.25267472593744,67.55947972515754,1169600
2018-09-21,67.3609619140625,67.68581103539204,67.32486680231048,67.49631686202291,2436400
2018-09-24,66.53079986572266,67.42413157253249,66.49470475132924,67.28877661466696,1143900
2018-09-25,66.09764099121094,66.74733904171289,66.06154589013454,66.66612334318185,1585300
2018-09-26,65.61036682128906,66.18787466407491,65.5381766198317,66.0795962463254,1048600
2018-09-27,65.55623626708984,65.98936376414207,65.44795095060806,65.85401572408665,974200
2018-09-28,65.90544891357422,65.9689413589181,65.41564708371098,65.46099487600945,1197200
2018-10-01,65.76033020019531,66.24105978270929,65.66055535248577,66.20477739080049,632000
2018-10-02,65.46100616455078,65.9508080788788,65.40658603634502,65.71497598972263,1455100
2018-10-03,65.30679321289062,65.82380504901974,65.14352595305213,65.59704535036387,1425500
2018-10-04,64.97119903564453,65.15261098203484,64.50861414270511,65.08004620347872,968200
2018-10-05,65.46100616455078,65.5970634052239,64.97120425022277,65.03469670651573,822200
2018-10-08,66.07778930664062,66.17756414955973,65.42472012395498,65.50635723186986,967900
2018-10-09,66.07778930664062,66.48596100589833,65.80568176062717,65.9961591188841,1594100
2018-10-10,64.83516693115234,66.04152384263026,64.8079499414329,65.83290869590195,1484100
2018-10-11,63.583412170410156,65.07095510081027,63.565274441083595,64.94397023505583,1437000
2018-10-12,64.06417083740234,64.29093061840426,63.65600599966264,64.08231549517173,1647700
2018-10-15,64.01881408691406,64.3816310698467,63.85554679060229,63.85554679060229,1331600
2018-10-16,65.29772186279297,65.3521488969901,64.12764096982984,64.20020573532142,748100
2018-10-17,65.27051544189453,65.38842800226936,64.69908345216787,65.27958776812561,855600
2018-10-18,65.26144409179688,65.70589812172274,64.96212652326726,65.32493653604952,1089800
2018-10-19,65.39752197265625,65.71498429423933,65.30681944079818,65.32495717910595,658000
2018-10-22,65.04375457763672,65.59704882527961,64.87141498307862,65.59704882527961,751600
2018-10-23,64.3543930053711,64.78070230165194,63.57433916965638,64.56301495126712,1149200
2018-10-24,62.794307708740234,63.94624409653173,62.74895299450936,63.79204914039924,1820700
2018-10-25,62.00516891479492,62.97570009127224,61.20697731363109,62.83964289603298,2744900
2018-10-26,63.438316345214844,64.07324094191435,61.587955766057426,62.71268230313618,3660500
2018-10-29,64.318115234375,64.73535219100808,63.78295882206667,63.81924119918553,1588800
2018-10-30,65.29772186279297,65.42470674232476,64.31812520928445,64.31812520928445,1850000
2018-10-31,65.92357635498047,66.3045309675721,65.15259480469079,65.69681666841548,1930700
2018-11-01,65.27051544189453,66.30453918720409,65.26144311566344,65.86009208408335,1395800
2018-11-02,64.97119903564453,65.72404304280845,64.6537367796592,65.66962291897045,1989000
2018-11-05,65.27051544189453,65.75124492978229,65.1435305552886,65.1435305552886,1121000
2018-11-06,65.58797454833984,65.69682169747956,65.03468031715431,65.24330228963287,1109400
2018-11-07,66.54945373535156,66.5675914704312,65.61519775502835,65.9145222850302,1337900
2018-11-08,67.14810180664062,67.28415905231067,66.53131495707419,66.57666967901719,1038800
2018-11-09,67.7920913696289,67.9462932554174,66.93947943486505,67.06646433834388,1061500
2018-11-12,67.73768615722656,68.3998278026955,67.66512136207605,67.8918811568016,918300
2018-11-13,67.66510772705078,68.1458372877728,67.37485552509644,67.84651967837121,787900
2018-11-14,67.74673461914062,68.15489933778423,67.3748453651325,67.82836479480642,1634600
2018-11-15,68.61749267578125,68.73540523895849,67.07552242724296,67.3839192450136,1247900
2018-11-16,68.60841369628906,69.07100541800818,68.35444394166893,68.59934137072212,1986000
2018-11-19,69.39756774902344,69.42477781647234,68.42703612910815,68.66286132710506,1327200
2018-11-20,69.66059112548828,69.89641625980977,69.04380438926727,69.33405656395023,2540300
2018-11-21,69.49732208251953,70.141318862513,69.45196737006128,69.65151703262553,2588200
2018-11-23,68.8079605102539,69.54265968737882,68.71725801878212,69.3158999986211,474000
2018-11-26,69.29778289794922,69.65152756410653,68.89868351247591,69.17986339579106,1968000
2018-11-27,69.22521209716797,69.28870454659564,68.73541023580108,69.11636493236712,1786200
2018-11-28,69.84201049804688,70.00527781238114,69.12544878069976,69.26150602933818,3148500
2018-11-29,69.6515121459961,70.00525673384824,69.29776755814395,69.74221464439154,1682500
2018-11-30,70.15037536621094,70.2592225102026,69.51545099331781,69.82384777454922,2611100
2018-12-03,70.15946960449219,70.82161116030741,69.40662552709978,70.64019919699422,1740500
2018-12-04,68.9803237915039,71.23884912997205,68.90775900532881,70.11412262489378,4443300
2018-12-06,68.49958038330078,68.60842755161521,66.93947915840987,68.39074013514455,3954800
2018-12-07,67.92813110351562,68.79888746886188,67.57438654634859,68.24559328044033,2110200
2018-12-10,67.35671997070312,67.96443445694491,66.76714322010142,67.96443445694491,2410000
2018-12-11,67.24787139892578,67.95536071688225,67.20251668053024,67.78302801132774,1833700
2018-12-12,66.83971405029297,68.01886073802096,66.83064172157283,67.58348584168297,2546100
2018-12-13,67.90093994140625,68.01885251988492,66.69457641327242,66.79435125666143,2560200
2018-12-14,67.5018539428711,68.18213332613878,67.3113765459753,67.5472086698195,1785000
2018-12-17,66.92133331298828,67.64696724852469,66.60387106125037,67.5381200821468,1928600
2018-12-18,66.71271514892578,67.38392201021891,66.51316547985432,67.1571622808482,2082900
2018-12-19,65.95079803466797,67.04831428067259,65.54263329497022,66.76713443422113,1456600
2018-12-20,65.39752197265625,66.01430887751462,64.61746774238951,65.81475915533109,1646600
2018-12-21,64.90770721435547,65.86917323915942,64.63559967236654,65.33401664231219,2636900
2018-12-24,62.730831146240234,64.85329944268798,62.70361415871487,64.75352458224032,829900
2018-12-26,64.78981018066406,64.78981018066406,62.53128451561241,63.1299267877235,1210000
2018-12-27,65.27051544189453,65.29772550043047,63.36573522264836,64.35440425695981,1470400
2018-12-28,65.24333190917969,66.13223339697696,64.73539215624417,65.58800432436306,1358600
2018-12-31,65.73110961914062,65.99553024525405,64.9834401425669,65.43933633453683,1092500
2019-01-02,65.22051239013672,65.24786505042205,64.64608565487175,65.07462921647348,1572700
2019-01-03,65.06551361083984,65.39375946863686,64.20842643143378,64.98344866817823,2319600
2019-01-04,66.38761138916016,66.54262140498946,65.4119936675781,65.4119936675781,1488900
2019-01-07,66.65201568603516,67.19908967431813,66.12317448291158,66.2690645898794,1285200
2019-01-08,67.45441436767578,67.47264715743191,66.66115236299841,67.01675089285466,1274100
2019-01-09,67.3906021118164,67.70060829218421,66.89823321673846,67.52736545231616,908800
2019-01-10,67.97412109375,68.03794627869605,66.17788908772393,66.53348754048383,1063300
2019-01-11,68.06531524658203,68.12914044682296,67.50912123458602,67.76442203554974,1348900
2019-01-14,67.33586120605469,67.71881230957852,67.04408794292843,67.53645662878336,1765300
2019-01-15,68.27501678466797,68.31148931777703,67.29028621642098,67.32675179310564,1389100
2019-01-16,67.85559844970703,68.34796725094395,67.64589006329173,68.18384431719831,1028100
2019-01-17,68.45738220214844,68.61238525677464,67.6550003543428,67.700592761668,1050700
2019-01-18,69.53329467773438,69.53329467773438,68.4938518338795,68.69444033090507,1696900
2019-01-22,69.46035766601562,69.84330887259406,69.00446138491981,69.38741259149825,1284300
2019-01-23,69.54242706298828,69.69743711086677,69.25977354840772,69.35095142829567,1241400
2019-01-24,69.15034484863281,69.59712821448446,68.94063645410468,69.46035793833447,688500
2019-01-25,69.51506042480469,69.89801857365633,69.32358482859134,69.43300243632393,852000
2019-01-28,69.050048828125,69.31446253048443,68.65797777633125,69.16857934836973,891800
2019-01-29,69.33269500732422,69.70652627439652,68.9770965274455,69.17769196869482,747200
2019-01-30,69.80681610107422,69.92535355191188,69.02267416836742,69.49681005887176,842800
2019-01-31,69.94361877441406,70.2900975039878,69.45124987043471,69.83420114360985,1284400
2019-02-01,70.16241455078125,70.1988870774732,69.68828561663224,70.02565127121541,1063400
2019-02-04,70.8736343383789,70.90098700044842,69.8250715683575,70.08949222907071,1485900
2019-02-05,71.28395080566406,71.33865613949064,70.66393151540093,70.95570488985264,1188900
2019-02-06,70.54537963867188,71.1289262110967,70.41772926073044,71.1289262110967,1211300
2019-02-07,70.8736343383789,70.88274725478558,70.29008073638873,70.29008073638873,1479900
2019-02-08,69.916259765625,70.52715916359112,68.4118005215209,70.52715916359112,2042000
2019-02-11,70.1168441772461,70.8553938713024,69.72477312658386,70.02566631913446,1393200
2019-02-12,70.72773742675781,70.74597021425016,70.0894855181645,70.3265465376854,1139800
2019-02-13,70.40859985351562,71.01949900184678,70.09858686591197,70.75507841008637,1567300
2019-02-14,69.7977294921875,70.6092243866409,69.77036986954374,70.19891352409401,2749500
2019-02-15,70.78244018554688,70.8918577758157,70.27183867714002,70.54537917460017,1530800
2019-02-19,70.4542007446289,70.79156646115885,70.33567022843299,70.53626568386028,1082300
2019-02-20,70.417724609375,70.63655282047392,70.08035894342898,70.54537497888465,1218300
2019-02-21,70.79156494140625,70.83715734626983,70.1533130118618,70.55449695767932,886200
2019-02-22,70.78244018554688,71.08333334146826,70.34478373731925,71.03774789617411,1034600
2019-02-25,70.83715057373047,71.05597879202068,70.63655514178791,70.87362310284944,999300
2019-02-26,70.6639175415039,71.27481683651436,70.59097247320949,70.89186566260554,1455800
2019-02-27,71.11982727050781,71.18365247826277,70.44510265189456,70.49980798527712,850300
2019-02-28,71.51188659667969,71.62130420182406,70.97392540025085,71.11069566757511,1977200
2019-03-01,71.59394836425781,71.88572170362724,71.31129489823826,71.88572170362724,987500
2019-03-04,71.1654052734375,72.01337255126536,70.76421435941265,71.9313076113855,1155800
2019-03-05,71.18363952636719,71.50276550707686,71.11981433022525,71.2018723153686,926300
2019-03-06,71.53010559082031,71.66687583176731,71.17450713821218,71.23833232313098,1149600
2019-03-07,71.55746459960938,71.70334775400987,71.18362640794078,71.52099207190342,1348600
2019-03-08,71.02864837646484,71.64866765279534,70.60922459489214,71.33865453641718,1142800
2019-03-11,71.55746459960938,71.57569738525068,71.05597603918159,71.05597603918159,826900
2019-03-12,71.52100372314453,71.70335943495792,71.31128839377708,71.62130145156924,1136400
2019-03-13,71.75804901123047,71.86746658816352,71.42980323685427,71.6942238304586,927400
2019-03-14,71.96776580810547,72.11364895732791,71.62128724183192,71.89482075528268,1082100
2019-03-15,71.6942367553711,72.24131778224022,71.63041156309292,72.05895512114243,2331600
2019-03-18,72.01337432861328,72.01337432861328,71.54835820828245,71.69424139016732,1666400
2019-03-19,71.86748504638672,72.35073396155035,71.6213041305877,72.16837824291588,1157200
2019-03-20,71.49365234375,71.89483630821678,71.31128967224272,71.81277832335697,1127300
2019-03-21,72.35984802246094,72.41455334237239,71.30216546134483,71.35687773768049,957200
2019-03-22,71.9404296875,72.46015113457688,71.92218994189044,72.18661060183128,1311500
2019-03-25,72.42367553710938,72.7883939132053,71.79453651225451,71.91307398442973,1000600
2019-03-26,73.49958038330078,73.50870025441242,72.72455829297314,72.85220866284247,1063700
2019-03-27,73.18047332763672,74.03755360969029,73.16223358071045,73.48135958766791,1217300
2019-03-28,73.49958038330078,73.59075822514696,73.05280408875812,73.31722469960843,1418200
2019-03-29,73.63243103027344,73.84312656267997,73.31181347134056,73.79732105900158,1327400
2019-04-01,73.27515411376953,74.15456507442006,72.86293262841171,74.05379857996601,1359400
2019-04-02,73.0461196899414,73.458348046095,72.78962577354453,73.42170505961901,950000
2019-04-03,73.2201919555664,73.79730342373384,72.82628848045427,73.247672455631,2207500
2019-04-04,72.87208557128906,73.4858399650912,72.76215659476814,73.44003447764011,851500
2019-04-05,73.06446838378906,73.14690988840732,72.75300639215523,72.85377289042465,1122700
2019-04-08,73.03699493408203,73.0827934447572,72.61560390666726,73.00950744095134,1057800
2019-04-09,72.63391876220703,73.08278324221388,72.56979526506319,72.87209474685714,854900
2019-04-10,72.96370697021484,73.04614848057828,72.58812145250279,72.81713496654054,1194500
2019-04-11,70.9300537109375,71.55297064209432,69.73918084612879,71.45220415404421,2376600
2019-04-12,71.65375518798828,71.69039819187171,71.01251310343591,71.12244211508619,1381000
2019-04-15,72.44154357910156,72.72551804964166,71.8827501449225,72.51482956793015,1426900
2019-04-16,72.14840698242188,72.62475193437548,71.86442552149005,72.55146594517136,945600
2019-04-17,72.00184631347656,72.35910683079148,71.89192430134132,72.28582781901389,1029300
2019-04-18,72.40491485595703,72.60644787049027,71.80031581235731,72.13009583815025,1135300
2019-04-22,72.30412292480469,72.47817537414377,72.09342748671341,72.26747993605248,965400
2019-04-23,72.8812484741211,72.9087289738062,72.12092902339809,72.30413701392335,1009100
2019-04-24,72.6613998413086,73.21103081962455,72.63391934073336,72.75300383953841,1749400
2019-04-25,72.79878997802734,73.17436836759526,72.45984758686124,72.78046498989121,1350500
2019-04-26,73.78815460205078,74.66756562848339,72.50567756765165,73.0278280830003,1435500
2019-04-29,75.21721649169922,75.4828730680464,74.44772727246264,74.75918935777774,1769300
2019-04-30,75.86759185791016,75.91339735339905,75.18055135920089,75.43704536048904,1494600
2019-05-01,75.1347427368164,75.83094570343692,75.12558722924955,75.78514719879139,897500
2019-05-02,75.29046630859375,75.35458979695271,74.64922443606805,75.12557634010841,886600
2019-05-03,76.27066040039062,76.27066040039062,75.29963837731377,75.52865188453057,1164000
2019-05-06,76.26150512695312,76.35310914072939,75.51950352974572,75.70271155729823,811700
2019-05-07,75.72102355957031,76.12408254880793,75.27215208789866,75.98667305725411,1232300
2019-05-08,75.61111450195312,75.95921258191339,75.3729384530651,75.58363399418506,881400
2019-05-09,75.73016357421875,75.86757303766132,75.05228574055394,75.44618914165693,1004600
2019-05-10,77.02181243896484,77.12257892557474,75.51032212875279,75.52864013134709,965500
2019-05-13,76.67371368408203,76.75616217475904,76.04164120393125,76.32561569517381,1105800
2019-05-14,76.72868347167969,77.14090496791054,76.57294898318298,76.77448197740686,1567800
2019-05-15,76.97599029541016,77.2233287050091,76.22482655070021,76.49964545271348,1082000
2019-05-16,77.94702911376953,78.19436759998572,76.9760141400218,77.17754713206843,968000
2019-05-17,77.7088623046875,78.14856430979245,77.32412130298633,77.36991980951036,1257900
2019-05-20,77.69969940185547,78.12108339993671,77.40656240367126,77.64473839873885,803200
2019-05-21,78.01116180419922,78.2310128067599,77.77298580787834,78.02947980902205,868500
2019-05-22,77.83711242675781,78.1027689354253,77.7455084210988,78.04780094087978,1013300
2019-05-23,77.69053649902344,77.74550449079013,77.10426250571878,77.52564650159792,921400
2019-05-24,77.46153259277344,78.05696915658521,77.12259704811088,77.85543613600848,887300
2019-05-28,76.99435424804688,78.01117491557652,76.96686675278676,77.64475185709888,1720400
2019-05-29,76.646240234375,76.93022174067879,76.18821321207477,76.7378442410475,1174700
2019-05-30,76.94854736328125,77.30580791692427,76.71953382946197,76.7744948411183,1318600
2019-05-31,77.489013671875,77.61726767686919,76.47220004141339,76.47220004141339,1197600
2019-06-03,78.29512786865234,78.41421235950956,77.55312644689465,77.72717193523418,956700
2019-06-04,77.43402862548828,78.66154438391084,77.05845019189017,78.66154438391084,1565600
2019-06-05,78.95470428466797,78.97302229134245,77.52565515122706,77.78215616723608,872100
2019-06-06,79.11959838867188,79.28448841301439,78.56996031490458,78.95470836432938,907700
2019-06-07,79.50431060791016,80.14554547610427,79.4035441302031,79.56843409472957,722000
2019-06-10,79.30280303955078,79.84327859199514,79.0829520127803,79.64174557206464,610200
2019-06-11,78.92719268798828,79.56842750306073,78.66153626776246,79.39437505799737,957600
2019-06-12,79.53180694580078,79.53180694580078,78.81728595350576,79.08294244865547,1002500
2019-06-13,78.9638671875,79.66923281693177,78.69821762668613,79.51350528433365,616500
2019-06-14,79.68753814697266,79.8890711518891,78.4966721008245,78.84477011635624,783600
2019-06-17,79.50431060791016,79.94401252069015,79.33942064338368,79.94401252069015,715300
2019-06-18,79.06461334228516,79.84326478260552,79.01881483863725,79.60508880125093,825300
2019-06-19,79.40357208251953,79.53181910130496,78.84477850540947,79.04631153176894,808000
2019-06-20,79.97150421142578,80.04478320811907,79.14705434543387,79.53179528658467,1576400
2019-06-21,79.43102264404297,80.17302397142853,79.43102264404297,79.97149800997911,1700600
2019-06-24,79.93486022949219,80.4020426569931,79.62339828888874,79.79745075537114,948300
2019-06-25,79.55928039550781,80.41121080825774,79.50431939756804,80.37456781331899,906400
2019-06-26,78.31344604492188,79.59592290419656,78.04778957494139,79.47683841307563,1181300
2019-06-27,79.31194305419922,79.46767052947715,78.46001270441222,78.46001270441222,1159400
2019-06-28,79.71216583251953,79.82257302207738,79.20614165455366,79.50975616133319,1211900
2019-07-01,79.69377899169922,80.35620116119576,79.32576199575202,80.08939603395791,720300
2019-07-02,80.1353759765625,80.21818311644921,79.73056368831921,79.7949661218583,984300
2019-07-03,80.67821502685547,80.7978175593239,80.26419330183722,80.31019805550811,600400
2019-07-05,80.5033950805664,80.84381196386913,79.83176366738509,80.84381196386913,543900
2019-07-08,80.04338073730469,80.68740513090354,79.96977594393925,80.3285905374214,653300
2019-07-09,80.23660278320312,80.28260754233577,79.67537841462033,79.91459052729678,728200
2019-07-10,80.5125961303711,80.73340347360195,80.15378156536886,80.22737933355323,741300
2019-07-11,80.41141510009766,80.6690249133297,80.06179576556193,80.41141510009766,872100
2019-07-12,80.01578521728516,80.59540720428556,79.28895363523331,80.31939974257388,1137500
2019-07-15,80.31941223144531,80.33780992401749,79.84098799247775,80.10780016049026,789700
2019-07-16,80.66900634765625,80.71501109772028,80.14458448588736,80.31939411292345,805500
2019-07-17,80.8070068359375,81.08301425527344,80.7058020097127,80.76100208971214,761800
2019-07-18,81.0002212524414,81.01861894094483,80.144584840575,80.62300195439715,758200
2019-07-19,80.14458465576172,81.29463321640651,79.9789773822553,81.06462350427755,1118200
2019-07-22,80.30097198486328,80.55858168292217,79.68454777603127,80.18136948771819,710100
2019-07-23,80.25498962402344,80.62299953777607,79.98817752301537,80.55859710093544,750500
2019-07-24,79.76736450195312,80.22738392127081,79.5097547502295,80.18138619094262,954300
2019-07-25,80.12616729736328,80.38378403051935,79.81335750753829,79.98816710734535,1389200
2019-07-26,83.0703125,83.16231498544171,78.7553278451889,78.76453019953499,1550100
2019-07-29,82.88629150390625,83.11630120218905,82.38947673263368,82.63788411826997,1087700
2019-07-30,82.3066635131836,83.3555070983532,82.03985144055785,82.82188295310173,684000
2019-07-31,81.56143951416016,82.53667837791994,80.88061278017723,82.21466620774821,853400
2019-08-01,81.18423461914062,81.99387338389374,81.04622737339044,81.48784915592304,904000
2019-08-02,81.34062957763672,81.74544185608327,80.75179831752251,81.16581996825882,1451200
2019-08-05,79.92377471923828,81.3682353840371,79.43614824901037,81.01861614050242,1321900
2019-08-06,80.99102020263672,81.083022685314,79.75817149221412,79.96977650043794,1887100
2019-08-07,81.16582489013672,81.54303715194266,79.93296923545746,80.52179351193921,2042800
2019-08-08,82.61028289794922,82.6562806253456,81.27622245535514,81.78224659208718,1207700
2019-08-09,82.75750732421875,83.08872193409844,82.22389002549318,82.72990727661889,996700
2019-08-12,82.41708374023438,83.05190578800735,82.11346922819452,82.76669598421572,824000
2019-08-13,83.05188751220703,83.35550195743568,82.17785358491751,82.17785358491751,1030400
2019-08-14,81.58905029296875,82.98750633863308,81.57065260339702,82.63789408205194,1413200
2019-08-15,82.38946533203125,82.61027264641373,81.5982315178779,81.74543405435357,928900
2019-08-16,82.72989654541016,83.08871115634652,82.35268424490722,82.58269397085822,1187100
2019-08-19,83.12551879882812,83.37393324935681,82.76670416525579,83.14392350889555,919500
2019-08-20,81.88347625732422,83.2635348459308,81.88347625732422,82.94152257912413,844800
2019-08-21,82.15946197509766,82.49067648177632,81.97545001619923,82.29746217009836,558800
2019-08-22,81.90184783935547,82.45387671428185,81.60743571508614,82.24226470964824,571100
2019-08-23,80.42979431152344,82.15947183607621,80.08018207666288,81.82825728964437,1073200
2019-08-26,81.19342041015625,81.23942515580116,80.40218651656684,80.71500334440712,805900
2019-08-27,81.51544189453125,81.99386603433616,81.42343941205785,81.79145636129097,878500
2019-08-28,81.80984497070312,81.84664736347601,81.20262303829718,81.4786304550858,862800
2019-08-29,82.2514877319336,82.42629036820412,81.74546347587037,82.3342878723764,1065000
2019-08-30,82.11349487304688,82.9415315193325,81.83748031783776,82.79432188472984,1182600
2019-09-03,82.49989318847656,82.55510030011786,81.78226391120265,81.929473516459,799500
2019-09-04,82.6470947265625,82.80349965237548,82.38948496184946,82.80349965237548,792800
2019-09-05,81.70864868164062,83.18991180364048,81.64424624239452,82.80349716816386,900300
2019-09-06,81.7730484008789,82.17786773086864,81.349831382862,81.92946033613624,843300
2019-09-09,80.61381530761719,81.98467137738999,80.53100815207917,81.91106657676511,1048500
2019-09-10,78.98535919189453,80.6046300524592,78.48853721128918,80.38382262308181,2178200
2019-09-11,78.2861099243164,79.55576815209382,78.01010245431178,78.9669437928759,1716600
2019-09-12,79.04973602294922,79.49135775786965,78.59891895348622,78.74612151890014,1260600
2019-09-13,78.33211517333984,79.64777114475109,78.09290308235414,79.17854931763992,1169500
2019-09-16,78.10209655761719,78.45170878981729,77.8352844517253,78.10209655761719,790700
2019-09-17,78.74612426757812,78.84732910579378,78.01929973034156,78.12050456855721,1076300
2019-09-18,79.25212860107422,79.29813334122322,78.2768898800882,78.87491640533612,777600
2019-09-19,79.16015625,79.72138060046733,79.13255620314759,79.45456844865987,1001200
2019-09-20,80.4849853515625,80.57698781402213,79.45453952173595,79.59254672509438,2051300
2019-09-23,80.11697387695312,80.49418610423807,79.93296192030571,80.08017148562364,715700
2019-09-24,79.9881820678711,81.02782347003814,79.60176040553205,80.34699666770484,1150900
2019-09-25,79.21533966064453,80.4021905607262,79.1417348716459,80.02497830095149,1150700
2019-09-26,79.89617919921875,80.25500084818759,78.96694491189322,79.3993643423022,731800
2019-09-27,79.32574462890625,80.33778588168884,78.59891315135489,80.0893784999292,1283100
2019-09-30,80.00517272949219,80.45811741286234,79.24718064504003,79.35810184363942,1073400
2019-10-01,79.63540649414062,80.96651003648425,79.4967479651037,80.30096179154532,1127200
2019-10-02,78.64632415771484,79.47826833053307,78.09169705999142,79.1547293921004,1179200
2019-10-03,78.61861419677734,79.09004347292928,77.90683681107124,78.49844014200026,875700
2019-10-04,80.18079376220703,80.27323043764518,78.90515071524155,78.91439649852525,766100
2019-10-07,80.03289794921875,80.26399316825497,79.75558086538871,80.05138246365642,743400
2019-10-08,79.12700653076172,79.83878379924089,78.87742678169597,79.7648316319374,940100
2019-10-09,79.66314697265625,79.82953581827663,79.00683737394998,79.44129752931798,622900
2019-10-10,80.30096435546875,80.51356799464328,79.33960745657419,79.49675050334945,894800
2019-10-11,79.8480224609375,81.234593860564,79.82029216133967,80.92955351252097,770500
2019-10-14,79.59843444824219,80.15306154001847,79.44129139852436,79.89423603402062,426400
2019-10-15,79.57994079589844,80.1160833599623,79.39506745430825,79.57070206554508,914800
2019-10-16,79.21019744873047,79.49675325600361,78.56312662098094,79.49675325600361,1077900
2019-10-17,79.59843444824219,79.98667270723898,79.38582375262047,79.4043153187438,786500
2019-10-18,81.56737518310547,81.9556205521178,79.70937450286765,80.31021649408258,1458100
2019-10-21,81.06820678710938,81.98334900869422,80.87408763320359,81.77073828634008,1003400
2019-10-22,80.65223693847656,81.67830034510037,80.59677633891859,81.095942892341,740800
2019-10-23,80.19927978515625,81.15139087604227,79.8202802738513,80.7446610692693,891300
2019-10-24,80.31946563720703,80.5782911923937,79.3858388395973,80.0883703840093,710900
2019-10-25,79.52448272705078,80.59676788919973,79.41356153956374,80.38415719240601,801200
2019-10-28,79.53373718261719,79.6169280823037,78.90515785927376,79.49676109860087,986000
2019-10-29,81.24383544921875,81.32703339618281,79.36734338035278,79.4228039766845,1497800
2019-10-30,82.06651306152344,82.26987793312327,80.50430750465634,80.99423517372168,1042100
2019-10-31,80.89257049560547,82.00182469924584,79.49675343159277,80.74466617380476,1591000
2019-11-01,80.12535095214844,81.23460540855008,79.54299342040774,81.02200171309921,1243500
2019-11-04,79.70010375976562,80.3656589811151,79.38581065969952,80.07909617319439,848400
2019-11-05,79.23794555664062,79.90350104794187,78.4707075845868,79.60769939097108,1028800
2019-11-06,79.61692810058594,79.85726912051368,79.21020528124697,79.22868979702591,1140500
2019-11-07,79.0345687866211,79.89424332569705,78.96986240421609,79.6723938792323,1231400
2019-11-08,79.66314697265625,79.67239275643145,78.98834580639958,78.99759159017478,843300
2019-11-11,79.50599670410156,79.82028279930388,79.27490149793539,79.49675092116443,807300
2019-11-12,79.51524353027344,79.70012394550925,79.29339408445719,79.65390207858361,735800
2019-11-13,80.2547378540039,80.38415059709823,79.45052404837581,79.4690156130839,798100
2019-11-14,80.54130554199219,80.763162036495,79.95894811197216,80.31945609995597,618000
2019-11-15,80.33795166015625,80.7816505662803,79.9034914857457,80.5967771974731,772100
2019-11-18,80.64297485351562,81.0127285649175,80.38414937127395,80.50431633018174,789500
2019-11-19,80.96651458740234,81.18837106731772,80.485839652518,80.73541937684011,719300
2019-11-20,81.07743835449219,81.57660482806462,80.57827188091976,80.61524795886575,748300
2019-11-21,80.1900405883789,81.19761235295105,80.0976039117386,80.96651713511712,701700
2019-11-22,80.65223693847656,80.95728434097919,80.04214213347132,80.69845880641945,826700
2019-11-25,80.47660827636719,81.69679092447487,80.4581237592982,80.92031426316426,955100
2019-11-26,81.85392761230469,81.88165790958755,80.46735632843142,80.46735632843142,1681400
2019-11-27,81.91862487792969,82.23291094879765,81.6967684194124,81.98333124854753,1656100
2019-11-29,81.94637298583984,82.47326984754204,81.73376226332594,81.94637298583984,611500
2019-12-02,81.05897521972656,82.12200776805213,81.02199913202872,81.87242799167622,943300
2019-12-03,81.3270492553711,81.6505812178407,80.69846984865822,80.69846984865822,927400
2019-12-04,81.3547592163086,82.12198994904365,81.14214852129564,81.16987881793514,955000
2019-12-05,81.57660675048828,81.87240832856139,81.34551154722911,81.34551154722911,928600
2019-12-06,82.05728149414062,82.61191562274549,81.59509108861384,82.04804276380554,947000
2019-12-09,81.97409057617188,82.07577302954763,81.62282840698846,81.91862998431816,766100
2019-12-10,81.84468841552734,82.18671189862836,81.69678408149443,81.79846654802536,1013300
2019-12-11,82.1127700805664,82.26991316593156,81.69679437802209,82.02033338637912,1075100
2019-12-12,81.88168334960938,82.15899346106244,81.42873151170635,82.04807223746859,1346400
2019-12-13,82.40855407714844,82.47326045446276,81.5581253888842,81.72451422375906,864100
2019-12-16,82.5379638671875,82.88922603821061,82.048043163338,82.69510691324,1105500
2019-12-17,82.9077377319336,83.49934103331866,82.63042059895476,82.96319833754231,850700
2019-12-18,82.3438720703125,83.20354679618401,82.21445927738287,82.87076902794547,1185800
2019-12-19,82.09426879882812,82.3993162007812,81.7799826652766,82.26990343373448,1147300
2019-12-20,82.48251342773438,82.89848202494885,82.02956169458365,82.58418884169187,1475900
2019-12-23,82.64891052246094,82.79680781862672,82.21445031393506,82.5934428654897,1149900
2019-12-24,82.8060531616211,82.92622015489371,82.3253710835957,82.57495790746552,250100
2019-12-26,82.78755950927734,83.03714632686848,82.55646426093527,82.93546385340058,618200
2019-12-27,83.37915802001953,83.52706235569767,82.68587231457879,82.83377665025692,942600
2019-12-30,83.19428253173828,83.45310806010902,83.01864790071527,83.29596499680774,698000
2019-12-31,83.2267837524414,83.49606685212022,82.80893481962575,83.26392698181228,1123700
2020-01-02,83.41248321533203,83.42176370755851,82.42820554474346,83.31034112607902,1688500
2020-01-03,83.76534271240234,83.94177126557952,82.69749798440463,82.81821524051365,1362400
2020-01-06,84.12747192382812,84.16461514628541,83.31962985950442,83.57033775565945,988700
2020-01-07,83.69105529785156,83.98819401937541,83.50534625352887,83.96962594868153,772900
2020-01-08,83.76534271240234,84.01605771790106,83.42177318367469,83.77463029002904,1337400
2020-01-09,84.46174621582031,84.87960211747894,83.89532452209139,83.93246774119513,1672500
2020-01-10,84.39676666259766,84.66604974945054,84.11819599775777,84.25748133017771,1118900
2020-01-13,85.26962280273438,85.3996205693673,84.57320315962353,84.57320315962353,926000
2020-01-14,85.55746459960938,85.63175105363267,85.13961569333416,85.22318264085074,1294000
2020-01-15,85.94747161865234,86.30032878958951,85.67818849295983,85.67818849295983,1717700
2020-01-16,86.83888244628906,86.90388132875606,86.07746392981275,86.16103796975423,1131600
2020-01-17,86.78316497802734,87.19173340128167,86.72745367825497,87.19173340128167,832800
2020-01-21,87.10816192626953,87.1453051553244,86.40246182726685,86.55102765913973,802500
2020-01-22,87.59101867675781,87.85101420130775,87.3774468762508,87.40530252754591,669000
2020-01-23,87.66529083251953,87.7581453498015,87.15458036095038,87.40528826604624,932200
2020-01-24,87.87886810302734,88.14815120076342,87.46101917322626,87.74887034334049,760700
2020-01-27,87.87886810302734,87.99029779033603,87.29387818443651,87.45173159486389,867000
2020-01-28,87.61885070800781,88.38026900364879,87.60956313196426,87.96242017817129,1010700
2020-01-29,87.72100830078125,87.90671734841742,87.30315231708079,87.76743202051726,1800700
2020-01-30,88.89100646972656,89.00242907877504,87.34959425731753,87.56316606523873,1212200
2020-01-31,88.25957489013672,89.51312867869767,87.80457567780695,88.92813171551542,1324700
2020-02-03,88.99312591552734,89.40169430208232,88.50099058682017,88.57527703607484,1019700
2020-02-04,89.35528564453125,89.92170043361114,89.31814241364378,89.44814017957647,861900
2020-02-05,89.96810913085938,90.14453766312535,89.35526368270916,89.69882608637005,1058900
2020-02-06,89.6988525390625,90.23741878686734,89.62456607363826,90.01456647494189,1023300
2020-02-07,90.20027923583984,90.57170449377416,89.6710005456964,90.00528256940252,1100300
2020-02-10,90.84097290039062,91.03596953521264,90.07955443303238,90.20026461144228,1248600
2020-02-11,91.04524993896484,91.40738753000441,90.85024623516276,91.08238607989816,956600
2020-02-12,91.43522644042969,91.75093317099292,90.35809435754312,90.74809460941093,1101500
2020-02-13,91.93666076660156,92.25236753666636,91.14738675709415,91.22166611900353,1080700
2020-02-14,93.2552261352539,93.46879792652676,91.9830971344553,92.1038143973103,1450900
2020-02-18,93.10665130615234,93.28307986555784,92.6795148167436,93.28307986555784,1133000
2020-02-19,92.89308166503906,93.7009308798276,92.80950763658362,93.31093055427864,704800
2020-02-20,92.03882598876953,92.76310131090307,91.43526085887585,92.43810688229792,1171900
2020-02-21,92.32665252685547,92.58664800030154,91.76023078069998,92.02951383086778,1226500
2020-02-24,91.86238098144531,92.38237197424355,91.082387407902,91.45381258176329,1288500
2020-02-25,90.11669921875,92.68880582844311,90.01455711050458,92.0109542995732,1384300
2020-02-26,89.9774169921875,91.305257360935,89.92169860481602,90.39526593356636,1490600
2020-02-27,84.81460571289062,90.29310717102227,84.80532522032908,89.29026847977507,1922600
2020-02-28,83.81177520751953,84.17391281446254,80.74752628870597,83.61677857949994,3320300
2020-03-02,87.35887145996094,87.55386808698164,83.93248495175675,84.40605223700479,1857400
2020-03-03,84.7867431640625,88.85383722808388,84.31318304553952,87.34028111100584,2056100
2020-03-04,89.66171264648438,89.71743103980185,86.83889061433113,86.9410327370077,1543100
2020-03-05,88.13885498046875,89.51312598514366,87.34958092137285,88.12028690991117,1681800
2020-03-06,88.69598388671875,89.02098531897046,85.42745816951873,86.26316298152442,1577700
2020-03-09,85.46460723876953,88.06456928420948,83.5703452300991,84.9353286690194,1966400
2020-03-10,86.67172241210938,87.38671704653471,83.57033772373646,87.10814642038413,1925900
2020-03-11,84.75889587402344,86.22602133929574,83.50534217520291,85.28817441727413,1955700
2020-03-12,73.9040298461914,80.27394708679509,73.89474935410085,78.9182513853378,2767700
2020-03-13,78.90898132324219,78.91826181655942,73.17048391920603,76.94043283504523,2672500
2020-03-16,70.68194580078125,75.11117112960281,70.2733773878343,71.03479583101513,2481900
2020-03-17,75.8075942993164,76.42044694786254,71.22050826654457,72.0840688540027,2568900
2020-03-18,70.4683837890625,74.26619603815249,68.53697822190541,72.79907024669583,1888800
2020-03-19,68.71339416503906,69.9855230668374,66.77270846005302,69.92052419356864,2460500
2020-03-20,66.42914581298828,69.17768101388829,65.48201117952378,68.37911929718159,2674200
2020-03-23,61.52634048461914,66.72627108715267,60.69992328399742,65.63985841905605,2274300
2020-03-24,66.38272094726562,67.12557142885326,63.54133096123532,63.83846973700092,2055200
2020-03-25,66.6148452758789,67.98911622047986,63.262745481269825,65.92771334575122,2745400
2020-03-26,71.87049102783203,72.3997695439188,66.85626940554695,67.28340583218319,1959200
2020-03-27,70.1990966796875,73.23549020744736,68.64840401721578,69.48410898285366,1612700
2020-03-30,71.17408752441406,72.53907113120493,69.73481745692851,71.64765485590917,1776400
2020-03-31,70.06790161132812,71.06673768619702,69.27443489947534,70.33861512421497,2441700
2020-04-01,67.87418365478516,68.0702160658195,66.57663070414587,68.02354575194092,1627300
2020-04-02,70.2265853881836,70.62798711357098,67.02470849645908,67.0807157207533,1691100
2020-04-03,67.7061538696289,70.37594078057214,66.93135402637421,69.17173559721859,2923900
2020-04-06,69.18106079101562,70.47861350296786,68.84500325621032,69.99320102045769,2269500
2020-04-07,69.97454833984375,72.28027435276424,69.7971826090106,71.44013026194618,2041200
2020-04-08,73.0363998413086,73.35379077152702,69.84385944581223,70.69334044194672,1294800
2020-04-09,76.3782958984375,77.40513541515246,73.6711683565694,73.6711683565694,1667900
2020-04-13,73.64318084716797,76.37831260056775,72.51365641958355,76.07959545543783,931700
2020-04-14,73.91387176513672,74.57665000561174,73.101731436792,73.89520506514117,1501500
2020-04-15,71.87886810302734,72.77501937019406,70.73067006329605,72.34561399980025,1748300
2020-04-16,72.21492767333984,72.57898891291977,70.58131699041239,72.00022142134219,1390700
2020-04-17,74.94071960449219,75.22076998969563,73.05506932631737,74.47397371047121,1333100
2020-04-20,73.08307647705078,74.76335750365155,72.71901523185507,74.53932145783361,998100
2020-04-21,71.47745513916016,72.68166021865049,71.1507344870448,71.5894767007323,1210900
2020-04-22,72.69100189208984,73.7178413468649,72.03755342306825,72.40161461956143,1740000
2020-04-23,71.41213989257812,73.06441764269645,71.2721146644714,72.67235270158078,1435400
2020-04-24,71.0387191772461,71.85085954567056,70.32926346880554,71.70149745042973,1332200
2020-04-27,73.39114379882812,73.88589342062551,71.4401418102176,71.7575327944895,976800
2020-04-28,73.7271728515625,75.23942475010696,73.33510095011023,75.23942475010696,1104900
2020-04-29,74.46463012695312,75.24876686208358,73.29776549644318,74.9500498015521,1234600
2020-04-30,73.12974548339844,74.01656698222757,72.11224282199962,73.20442653799029,1331300
2020-05-01,72.00020599365234,72.24291580869196,71.24408006146166,72.16823476991425,865500
2020-05-04,72.06556701660156,72.28961018545769,71.12274538841442,71.4214624915784,1175700
2020-05-05,72.32693481445312,73.11106436714702,72.2429168641068,72.76566989923607,1531700
2020-05-06,73.3257827758789,79.56150820287063,73.27910533770098,79.56150820287063,2333600
2020-05-07,75.80886840820312,76.40630259190164,73.88587757454712,74.10057670076336,1757300
2020-05-08,75.90220642089844,76.90104223623985,75.69683711124344,76.37828917310082,1032200
2020-05-11,76.5929946899414,77.12508465916908,74.83802578499831,75.08073561435823,1264000
2020-05-12,74.9127197265625,76.94773221086722,74.86604228604155,76.5276637340887,951600
2020-05-13,73.90453338623047,75.27676727287805,73.37244342222183,74.63265574519215,1156900
2020-05-14,74.66999816894531,74.6793350799837,72.6256562140747,73.26043084713362,1419700
2020-05-15,74.18460845947266,74.40864453952011,73.18577233020366,73.95123546551281,2297200
2020-05-18,76.74237060546875,77.32113816518758,75.64084984469952,76.36897240958494,1292100
2020-05-19,75.62216186523438,77.04106606404285,75.5754844331387,76.37828783574619,1239200
2020-05-20,76.27562713623047,77.1531118569649,75.70619647132558,76.10759829868512,715900
2020-05-21,75.43547058105469,76.68635330480855,75.21143454171717,75.53815524949633,677700
2020-05-22,75.72486877441406,75.79954271694773,75.09009397001888,75.69685803373834,591100
2020-05-26,77.26512908935547,77.93724446350512,76.64902807770409,76.94774523043964,1083300
2020-05-27,78.38529205322266,78.42263257246078,76.55564934240942,78.2266001879425,1880000
2020-05-28,79.24412536621094,79.80421907153125,78.35731092628527,79.23478845322853,1096700
2020-05-29,79.7762222290039,80.41099704813153,78.73070866750591,79.44950146665406,1878400
2020-06-01,79.39347839355469,79.89755768522926,79.104091100065,79.78554323018027,767300
2020-06-02,80.86839294433594,81.51250457233198,78.88939486500692,79.46815522919832,1450700
2020-06-03,81.4658203125,82.06326157315846,81.21378067854668,81.63384910912778,1089600
2020-06-04,81.06442260742188,81.39115042740208,80.01891637381185,80.99907846782125,1103200
2020-06-05,83.93025207519531,84.16362502774966,81.98858740066858,82.61402520423968,1604900
2020-06-08,83.83688354492188,84.20094472186618,83.19277914369988,83.58484393087433,1227900
2020-06-09,81.97925567626953,83.26747189197931,81.40982506624371,82.85674031243609,952900
2020-06-10,80.88705444335938,82.28729194513025,80.1682618708103,82.28729194513025,1242300
2020-06-11,76.22895050048828,79.33747305475616,76.11692891073946,79.29080273384422,1199300
2020-06-12,76.29427337646484,78.28260796680722,74.92203955302715,77.56381542977992,1296700
2020-06-15,76.22895050048828,76.90105867304764,73.9885685593568,74.67935055786324,1398600
2020-06-16,77.26512908935547,78.56268951121471,76.63035424954509,78.06793277270326,1282400
2020-06-17,77.12506866455078,78.17057456439923,76.69566343825947,77.52647028594969,1092600
2020-06-18,77.03173828125,77.10641933266207,76.1916013797838,76.76103193334106,880100
2020-06-19,74.62333679199219,78.19860497429367,74.4086305442619,78.0492499896799,3528500
2020-06-22,75.82754516601562,75.92089292545903,74.01656872050799,74.52065516787539,1118700
2020-06-23,75.9208755493164,77.14374729869252,75.72484316275828,76.6770014863229,994200
2020-06-24,74.10057830810547,75.58483400934813,73.57782516652436,75.52882677902942,1686600
2020-06-25,74.8100357055664,74.92205729060434,73.01773307682475,73.78319610297343,1076300
2020-06-26,75.16474914550781,75.3887922831049,74.5019708878969,74.62332936792279,2228900
2020-06-29,75.69684600830078,75.97689639474186,75.03406769049923,75.97689639474186,1107500
2020-06-30,76.97746276855469,77.41840015832656,75.53266863413197,75.6358687264283,1257500
2020-07-01,76.3582763671875,77.40903788453427,76.18002032786895,77.23078184521572,1295000
2020-07-02,76.20817565917969,77.2870742588162,75.73908682186725,77.01500187424767,1714500
2020-07-06,76.52713012695312,77.34334704061722,76.04865764944483,77.02436300303651,1354200
2020-07-07,75.87040710449219,76.78981692622853,75.76720702033653,76.32072823742111,1156800
2020-07-08,75.0541763305664,75.78595340455358,74.88530414751366,75.61708122150084,1091700
2020-07-09,75.52328491210938,75.76721305387696,73.92838610624837,74.76336346619895,1716000
2020-07-10,76.7241439819336,76.97745587952774,75.32626170828446,75.33564548612414,1188100
2020-07-13,76.6772232055664,77.72797705436636,76.40515096750964,77.13692801441638,1063100
2020-07-14,77.90626525878906,77.94379322002834,76.53652688332564,76.67725494854125,915300
2020-07-15,79.08834838867188,79.416709008538,78.50667589224851,78.72245981828894,1545400
2020-07-16,79.36980438232422,79.7544605412438,78.83504356563199,78.90071569548103,949000
2020-07-17,81.6026840209961,81.6871165622757,79.43548907770867,79.83890569851746,1409900
2020-07-20,79.74508666992188,81.54638573331759,79.5949748357758,81.16173668433912,833300
2020-07-21,79.77323150634766,80.58006472721182,79.5480709110005,79.95148752143257,831200
2020-07-22,80.36426544189453,80.63633054143705,79.21968806915984,79.51052072174105,897500
2020-07-23,80.54251861572266,81.49946345629323,80.12034169988101,80.5988141201663,700300
2020-07-24,79.77323150634766,81.18049775328845,79.61374304954867,80.96472093708424,822800
2020-07-27,79.79199981689453,80.17664887266707,79.37919942342769,79.97024867593366,656600
2020-07-28,80.06405639648438,80.58005683290136,79.6043514716837,79.62311902813099,580900
2020-07-29,81.49948120117188,81.65896965675084,80.39243147573792,80.55191993131687,738800
2020-07-30,81.677734375,81.97795090161249,80.3361402059477,81.47133417088017,810000
2020-07-31,81.85598754882812,81.874747949583,80.65512148417896,81.05853809880888,836500
2020-08-03,82.02485656738281,82.28754511399956,81.54638405305884,82.01547278851048,1030500
2020-08-04,81.25556945800781,82.05301905466435,80.68328050044458,81.67774655102373,956100
2020-08-05,81.15235900878906,81.99672024505014,80.76770277315417,81.63083156895813,1083000
2020-08-06,82.46580505371094,82.46580505371094,80.97409908187245,81.03977122165614,1049500
2020-08-07,84.98948669433594,87.72897012493176,83.22571577023972,83.22571577023972,1719800
2020-08-10,85.27094268798828,85.7963197376629,84.56730964314886,84.84876572417483,1213100
2020-08-11,85.26158142089844,86.05903814177695,84.91446027474072,85.82449373157206,1282000
2020-08-12,85.59931945800781,86.38739233859901,85.27095874014765,85.52427069230178,1028200
2020-08-13,85.1020736694336,85.4492018947155,84.4453523326578,85.08331327026532,798400
2020-08-14,84.7831039428711,85.43044155589384,84.37968732827369,84.80186434362444,485100
2020-08-17,84.24833679199219,85.13960249496486,84.13575292265557,84.75494630969244,619300
2020-08-18,83.61038208007812,84.27648725175398,83.44150984234858,84.07947083402391,799600
2020-08-19,83.63851928710938,84.14513595806119,83.2913910613482,83.79800773230002,910600
2020-08-20,83.48839569091797,83.71356339585431,83.12250711755233,83.30076309452909,698100
2020-08-21,84.2577133178711,84.31400883133888,83.27263130375744,83.67604788793517,871900
2020-08-24,85.4491958618164,85.4491958618164,84.32337873260995,84.64236275775562,805800
2020-08-25,85.84324645996094,86.05903044745678,85.27095757760972,85.73066257634659,809000
2020-08-26,86.349853515625,86.62192583555213,85.3741481069047,85.65560420551233,971700
2020-08-27,86.95028686523438,87.5976316000254,86.47181435874857,86.91275890808588,713300
2020-08-28,87.1754379272461,87.18482170493961,86.35922821103956,87.00656571738868,833300
2020-08-31,86.98780822753906,87.60700157923108,86.68759175083754,87.06286413614579,950900
2020-09-01,87.52257537841797,87.58824751376575,86.29356520645557,86.62192588319446,1139400
2020-09-02,88.85479736328125,89.3614141132442,87.58825906723733,88.0292036731899,1734100
2020-09-03,87.69145202636719,89.54903946711119,86.88461880415272,89.19253459407099,2673700
2020-09-04,87.71958923339844,88.5827107465039,87.06286789901942,88.17929416746374,1436600
2020-09-08,87.52257537841797,88.60148088003942,87.06287043098351,87.38184732903675,1560000
2020-09-09,89.27698516845703,89.92432285475023,87.67269514999552,87.87909537027605,1194400
2020-09-10,89.10810852050781,89.58657392642299,88.66716391849724,89.31450157289036,1296500
2020-09-11,89.82112121582031,90.14010532111385,89.07996005457652,89.32388823418604,870800
2020-09-14,90.77806091308594,91.30343804581513,90.25267662263015,90.32773254379906,1062400
2020-09-15,90.83433532714844,91.79127312306761,90.78742359418969,91.01259132312109,962500
2020-09-16,90.430908203125,92.04457428346083,90.32770812884365,91.10639699561206,1117400
2020-09-17,90.47783660888672,91.02197409627212,89.13624255365055,89.9899803209503,773500
2020-09-18,89.85863494873047,90.97506840386991,89.83987454914386,90.2151469604091,1429800
2020-09-21,88.2262191772461,89.15501296354554,87.4100021179364,89.04243623655579,1035500
2020-09-22,89.20191955566406,89.37079179412716,87.87908582808211,88.0948698052341,700900
2020-09-23,86.44367980957031,88.58272350122778,86.40615184824146,86.66884041981669,1156800
2020-09-24,86.67820739746094,87.25049617076895,85.49610189679065,86.76264708351435,1177900
2020-09-25,88.25434875488281,88.52642106296419,86.34984975603876,86.54686615339585,747200
2020-09-28,88.62025451660156,89.67101599684075,88.3669497160608,89.04243872780549,852000
2020-09-29,88.1136245727539,89.08932998174738,87.98228030209383,88.71405756940744,966500
2020-09-30,87.97696685791016,88.69322485302544,87.4492015932265,88.30682014833744,1302900
2020-10-01,87.61884307861328,88.27854967168884,86.87431295770654,88.27854967168884,1261200
2020-10-02,87.94869995117188,88.47646524709141,86.09208779054548,86.09208779054548,2064300
2020-10-05,88.14661407470703,89.02308557112103,87.80733432188464,88.40107748445536,1040200
2020-10-06,87.15705108642578,88.94768537588021,86.94971266800151,88.71207484408222,1008400
2020-10-07,87.57171630859375,88.01466523643674,87.15704668295852,87.74135617052804,1095700
2020-10-08,88.11833190917969,88.58955293543198,87.52459600459619,87.98639059705002,948900
2020-10-09,87.77906036376953,88.54243619645403,87.76021468468105,88.40107562763313,1091100
2020-10-12,89.06078338623047,89.35293815253924,87.92042924485739,88.05237057094928,1345900
2020-10-13,88.23143768310547,89.71107158795958,87.99582714290409,89.03251208173754,843900
2020-10-14,88.07120513916016,89.04192647331658,87.83559463082612,88.25969785998466,668700
2020-10-15,88.0429458618164,88.34452706883224,87.50575411212375,87.68482042544235,719300
2020-10-16,88.18431091308594,88.90998819849429,88.14661236458561,88.22200946158627,818700
2020-10-19,86.79891204833984,89.00423020158847,86.73294139193244,88.87228888877368,718100
2020-10-20,86.96855163574219,88.07120711380524,86.94027952455015,87.37380200677335,674600
2020-10-21,86.3936538696289,87.21358097397238,86.32768321918253,86.73293355485644,766700
2020-10-22,86.4879150390625,87.39266585243358,86.39367225982977,86.39367225982977,675900
2020-10-23,87.52460479736328,87.76963457864147,86.53503766671614,86.87431741492298,697000
2020-10-26,85.63028717041016,87.43034778759095,85.15906613477738,86.94970750823443,731600
2020-10-27,84.27316284179688,85.63028163761629,84.24489073192763,85.5737374178778,878600
2020-10-28,81.71915435791016,83.54749434912102,81.31390396368081,83.18936174615489,1243000
2020-10-29,82.36944580078125,83.2364908578837,81.21966522101961,81.75685696186167,1284800
2020-10-30,83.09512329101562,83.45325591259046,82.0678647907917,82.18095324790961,1523600
2020-11-02,84.6878662109375,85.22505803786464,83.76426958713888,83.86793881604274,1116600
2020-11-03,87.08165740966797,87.48690782788233,85.68683984294364,85.97900180322299,1992900
2020-11-04,88.467041015625,90.3519251836687,87.4397754051047,87.4397754051047,1664900
2020-11-05,90.01264953613281,91.10587866418932,89.5131563594142,90.47444416495117,1803600
2020-11-06,91.49227142333984,93.57506738819555,90.71004283478997,91.53938920935664,1684000
2020-11-09,94.630615234375,97.81606696145366,94.62118880004947,95.10183628697459,2114000
2020-11-10,96.20449829101562,96.61916795579769,94.44212884733663,94.96989416083916,1438800
2020-11-11,96.66629791259766,96.99615125050354,95.9406205692047,96.51551089681075,985100
2020-11-12,95.13011169433594,96.6285912421735,94.48925075299502,96.20449515625118,996500
2020-11-13,95.2431869506836,96.129084738372,94.40441413946189,95.75210649742405,720000
2020-11-16,95.89349365234375,96.45895753312554,95.02644855579412,95.808677305845,868600
2020-11-17,95.43170166015625,96.06313622486837,94.63062720743422,95.4411209054109,1101300
2020-11-18,94.22537994384766,95.97831592543474,94.17825495492951,95.56364622206299,1436100
2020-11-19,94.15938568115234,94.32901834212177,92.89650963526017,93.83895165537653,1131600
2020-11-20,93.16983795166016,94.42328782329409,92.95307307849065,94.21594938554851,1144000
2020-11-23,92.1520004272461,93.65048731722148,91.89754418795559,93.25465611461101,1057000
2020-11-24,92.1520004272461,93.02847199187903,91.85041920018226,92.6326479795322,1264500
2020-11-25,91.83155822753906,92.34047781163896,91.31321220940146,92.34047781163896,1195200
2020-11-27,91.45458984375,92.18026715731477,90.94567020464373,91.83156815311723,598300
2020-11-30,91.15301513671875,91.4734420488675,90.49330125069955,91.10589014833748,3328500
2020-12-01,91.55825805664062,92.74573720156042,91.32264751464734,91.96350847647959,1690800
2020-12-02,90.23883056640625,91.63364803026049,89.36235913073561,91.15300054869593,1926000
2020-12-03,89.29638671875,90.8137190366326,89.2115703832191,90.3519244325743,2037600
2020-12-04,90.16342163085938,90.182274496824,89.18328111828633,89.24925176863925,2262800
2020-12-07,89.39065551757812,90.19173007754617,89.1738978034853,90.0032444835294,1262100
2020-12-08,89.23041534423828,89.47545229535208,88.81573853316299,88.88170919035566,1306900
2020-12-09,88.89114379882812,89.63567396433449,88.50474625409824,89.54143118685863,1704500
2020-12-10,88.10892486572266,89.1267642320889,87.92043928984616,88.8817272312384,1088200
2020-12-11,89.5131607055664,89.71107269895496,87.92043113319633,87.92043113319633,2175400
2020-12-14,89.43775939941406,90.40847364096571,89.40948728601164,89.72991415825622,1764500
2020-12-15,90.66293334960938,90.96451455464157,89.82416039841789,89.95610172622803,1756900
2020-12-16,89.90898895263672,91.13415952075283,89.89013608174649,90.8797032858426,1798500
2020-12-17,91.3132095336914,91.64306281272142,90.25767185053314,90.25767185053314,1111400
2020-12-18,91.20954895019531,92.06717474696043,90.92682062299956,91.2378210638886,2337100
2020-12-21,89.75818634033203,90.35192948328852,88.26913324131674,90.02206898597366,998100
2020-12-22,90.30480194091797,90.42731682570363,89.4566026109256,89.72048524908709,644700
2020-12-23,89.54142761230469,90.93623791989675,89.5320011778545,90.4555976168785,1306900
2020-12-24,90.12574768066406,90.21057122012631,89.44719531628391,89.49431311352865,307200
2020-12-28,90.87027740478516,91.56768982670886,90.53099762932592,90.53099762932592,780500
2020-12-29,90.11631774902344,91.39803960241136,90.03149421961989,91.21897329943043,712000
2020-12-30,90.20114135742188,90.70063456887229,89.87128802818702,90.20114135742188,561600
2020-12-31,91.16197967529297,91.32290770365347,90.03546903210307,90.40466026061631,587800
2021-01-04,88.54923248291016,91.06730608563754,88.05697271421684,91.04837635099531,1297300
2021-01-05,88.6438980102539,88.8426927298991,87.58365228314642,88.23684009221857,1038000
2021-01-06,90.764404296875,90.9537378061143,88.51138970443894,88.88058101953698,1608900
2021-01-07,91.6069107055664,92.07077234672244,90.60346847071361,91.08625985000482,1329000
2021-01-08,91.79623413085938,92.36422010296658,91.38917619342139,91.59743940173853,863100
2021-01-11,90.6413345336914,91.44598201197795,90.25320629246639,90.36680638748366,904700
2021-01-12,90.16800689697266,90.85906146624092,89.60002089641912,90.58453333446771,721300
2021-01-13,89.4012222290039,90.4803977493362,89.36335553431971,89.99760642002958,933500
2021-01-14,88.70069885253906,89.7325464170981,88.0853849278236,89.60948507662171,952200
2021-01-15,88.8048324584961,89.17402371058,87.8960534362639,88.27471316777739,1147800
2021-01-19,89.61893463134766,90.45198735759045,88.91841892982467,89.18347853459917,1479500
2021-01-20,89.62841033935547,90.02599977858945,89.25921911401917,89.54320847532925,1293200
2021-01-21,88.95630645751953,89.77042241851021,88.55871695722202,89.61895562468206,825300
2021-01-22,89.36334991455078,89.6378780169969,88.68176389776498,88.99415869251398,782000
2021-01-25,89.11721801757812,89.65680573165228,88.5113653990504,89.3065442524932,674300
2021-01-26,88.36936950683594,89.43908370786475,87.98124854804064,89.30654667303247,1092100
2021-01-27,85.57677459716797,87.80139059638319,85.2643797759717,87.56472916620424,1403500
2021-01-28,86.97781372070312,88.46404734151336,85.39691696412386,86.16369775288766,1163600
2021-01-29,85.69037628173828,86.87368355443445,85.20759211455903,86.43822734476238,1240900
2021-02-01,86.11637115478516,86.82635551775546,85.51997966759606,86.07850445541328,994700
2021-02-02,86.96833801269531,87.2523273728167,86.29622047137501,86.60860804527522,1210700
2021-02-03,86.61808013916016,86.9304749484319,85.91756435482358,86.92100646933274,1404600
2021-02-04,87.12926483154297,87.48898757164486,86.28675079689232,86.71273844233752,875000
2021-02-05,86.07848358154297,87.49845196314392,86.0406168913537,87.49845196314392,2132700
2021-02-08,86.88314056396484,86.97780368881558,85.70930192668207,86.14475807886224,1672500
2021-02-09,86.65593719482422,87.19552488612582,86.16367744908752,87.11032302837683,1081300
2021-02-10,85.69037628173828,87.1292819698441,85.38744990882144,87.07248553190169,1341400
2021-02-11,86.41927337646484,86.4476715874739,85.72821894513719,85.86074874473442,1223500
2021-02-12,86.39088439941406,86.72220893382105,86.03115442862948,86.39088439941406,850900
2021-02-16,85.55785369873047,86.22997141992509,85.2927940027478,85.51052573721073,1703900
2021-02-17,85.27384185791016,85.49156631283351,84.4691945001358,85.19810847257457,1285400
2021-02-18,86.82634735107422,86.92101047943291,85.1034524145444,85.25491197545158,1829000
2021-02-19,85.7566146850586,87.0061937121099,85.68088853199396,86.86419543882387,1608100
2021-02-22,84.25145721435547,85.61462917031847,83.93906243739184,85.42529571958323,1960400
2021-02-23,84.2136001586914,87.08193545890576,83.92014230439449,86.52341796558797,2596000
2021-02-24,84.80998229980469,85.16024379853442,83.89174206459425,83.92960875815963,1334100
2021-02-25,85.61465454101562,86.53290218777641,84.66800867381231,84.8384052188023,2298700
2021-02-26,84.33665466308594,86.61807406978588,84.32719340698314,85.71876362138246,2081600
2021-03-01,85.9081039428711,86.68435318822736,84.84785807653864,84.98038790703843,1519600
2021-03-02,86.72221374511719,87.0251400822859,85.5294381327444,85.78503651799107,1489900
2021-03-03,86.48555755615234,86.96834891793046,85.84183814789286,86.52342425338337,1395500
2021-03-04,86.51396179199219,88.36938675138455,86.17316871553905,86.4760950921269,2343500
2021-03-05,89.41067504882812,89.64733645152204,86.93992942691702,86.9967330747499,1759300
2021-03-08,90.53718566894531,92.05181720225761,89.524275153949,89.92186457725607,1565500
2021-03-09,89.58106994628906,91.18090331104746,89.56214021223839,90.5182542842833,1504000
2021-03-10,90.73597717285156,91.18090174991815,89.30654032835378,89.66627027015193,1293400
2021-03-11,90.12065887451172,90.52771677431134,89.8177325692422,90.22479046904182,1291800
2021-03-12,91.04838562011719,91.4649120479799,90.1964030278224,90.5277275852888,1040800
2021-03-15,91.4175796508789,91.50278152386417,90.23427246516165,91.04838838672184,973400
2021-03-16,91.44597625732422,91.97610277837664,90.67919552562992,91.42704652051303,762300
2021-03-17,89.20243072509766,91.6731694471894,89.04149546128542,91.6731694471894,963100
2021-03-18,91.55958557128906,91.91930838561974,89.15510430328638,89.44856219859996,1571700
2021-03-19,90.887451171875,92.09915645220957,90.52772120142163,91.79623013212593,2301800
2021-03-22,91.50276184082031,91.550089784668,90.0165214018222,90.86850383673654,2037700
2021-03-23,91.65422821044922,92.04235637955209,90.66971590357804,90.84011240327368,1363500
2021-03-24,92.97953796386719,93.34872919381047,91.58796768685025,91.58796768685025,1438300
2021-03-25,93.80311584472656,94.06818269872242,92.40208429955774,93.27299658140142,1046800
2021-03-26,95.88574981689453,95.98988142819417,93.90725642453539,94.12498812698027,1250900
2021-03-29,95.72481536865234,96.54839250178506,95.21362582619058,95.4029520764356,949600
2021-03-30,95.07162475585938,96.00880194521909,94.90122824667277,95.48815116105627,662500
2021-03-31,94.44892120361328,95.02882961293508,94.13519883404071,94.66757816656478,1294100
2021-04-01,94.8006820678711,95.01933180289409,93.85001338648937,94.83870968548955,898300
2021-04-05,96.0650863647461,96.39781899837848,95.34257603669617,95.54221561687561,1072300
2021-04-06,96.56893920898438,97.10131142022888,95.71333583160755,96.1791615164465,826500
2021-04-07,97.3294677734375,98.09000570402544,97.04427148923745,97.42454045453142,983700
2021-04-08,97.30094909667969,97.41503196244146,96.80660451776656,97.10130952136704,978200
2021-04-09,98.4417495727539,98.52730627672297,97.28193256543928,97.41502560696455,928000
2021-04-12,98.194580078125,99.18327648896724,97.7097369649271,98.8220177072394,1090700
2021-04-13,98.51780700683594,98.98363994987632,97.45306257252074,97.55763672275205,1276700
2021-04-14,98.35618591308594,98.66990833464108,98.09950854737606,98.39421353264052,776900
2021-04-15,99.0691909790039,99.3924221301844,98.41322721118692,98.46076355057517,808500
2021-04-16,99.17375946044922,99.99133513065962,99.0121475206005,99.55402839476072,1118400
2021-04-19,99.50650024414062,99.65861073158949,98.4512573098027,98.99313822854158,1130400
2021-04-20,99.82974243164062,100.58077172707424,99.51601995639088,99.51601995639088,910500
2021-04-21,100.66629791259766,100.95150139505128,99.8202034351513,100.29553773722346,739600
2021-04-22,100.4001235961914,101.09410769661787,99.99133575851937,100.58075297305456,953200
2021-04-23,101.14163208007812,101.38880794767395,99.86773963367237,100.476166959273,947800
2021-04-26,99.46846771240234,101.12263654313448,99.43044009241721,101.12263654313448,1040800
2021-04-27,99.72515106201172,100.05788366635385,98.86954775582709,99.48748387990636,946200
2021-04-28,99.50650024414062,100.17197274718853,99.30686066913444,100.17197274718853,636200
2021-04-29,100.8469467163086,100.87546561944855,99.61107439137733,100.01035354139121,752400
2021-04-30,101.05609130859375,101.27474106000963,100.55223077714317,100.92299826346401,1054900
2021-05-03,102.6627197265625,103.14756283617925,101.31277179699065,101.55043899246571,974300
2021-05-04,103.33769226074219,103.575359452927,102.27294788169162,102.27294788169162,1264800
2021-05-05,103.96512603759766,104.16476558737024,102.87185561958238,103.35669867075941,1525100
2021-05-06,105.30558013916016,106.5984902917547,104.50702182592508,104.573568352028,1536600
2021-05-07,105.41014099121094,105.7143546797401,104.7731947141384,105.16297235573668,1148500
2021-05-10,106.52244567871094,107.69176428204293,105.69536118260159,105.94253711012179,1117800
2021-05-11,104.47850036621094,106.68405164555486,103.81302786843536,106.26575506141177,1692100
2021-05-12,102.52960205078125,104.61156850404458,102.4915744382758,104.25981852813842,1277800
2021-05-13,104.82072448730469,105.23901374970411,102.53911833966069,102.90036980560247,739400
2021-05-14,105.61927795410156,106.07560206455311,104.80170239376908,105.2009887102988,910900
2021-05-17,104.6020736694336,106.06610430657014,104.12673932957212,105.50521326698627,1294700
2021-05-18,103.83204650878906,104.68764987125566,103.74648254602876,104.42145651724483,986300
2021-05-19,102.85286712646484,103.7084633050477,101.8451531945554,103.54685133825119,1231400
2021-05-20,104.03167724609375,104.38342727995325,102.38701718613521,103.1000187187769,1323600
2021-05-21,104.09822082519531,105.02987932619537,103.55633996581535,104.22180514293936,1238000
2021-05-24,103.99364471435547,104.84924796370959,103.85104296395872,104.65910987883849,910800
2021-05-25,103.27115631103516,104.18379755210734,103.07151671952198,103.81303727457887,1410900
2021-05-26,102.63420104980469,103.35671135648899,102.35850623208269,102.75778538063432,1212200
2021-05-27,103.62288665771484,103.69894189323585,102.13984583018758,102.99544184420625,2564400
2021-05-28,103.79400634765625,104.49749913712921,103.54683046102063,104.36440610271612,872100
2021-06-01,103.02396392822266,104.4214407473369,102.91938979676819,104.3358840505248,1084200
2021-06-02,103.5848617553711,103.61338065618246,102.71975700097745,103.27113934039274,1132300
2021-06-03,103.51831817626953,103.73697517707878,102.93840966654375,103.57535597951244,666400
2021-06-04,103.84153747558594,104.01265811882577,103.06198949038803,103.78449242582197,866200
2021-06-07,103.20458984375,104.18377742616978,102.72925550253446,104.09822072620368,1095300
2021-06-08,103.63238525390625,104.00314542457689,103.02395793521465,103.47076608095242,1126400
2021-06-09,103.84153747558594,104.10772353106434,103.39472205973603,103.56584270297586,867300
2021-06-10,103.71797180175781,104.44999089007412,103.67994417676482,104.2218251401162,639400
2021-06-11,104.16476440429688,104.22180220271942,103.58485594358024,103.86055072433292,764400
2021-06-14,104.23131561279297,104.35489993261452,103.74647254529424,104.26934323112881,768400
2021-06-15,105.16297912597656,105.1914980278268,103.65141205067205,104.25033800163457,1006900
2021-06-16,103.81301879882812,105.40064103492927,103.65140686108374,105.40064103492927,1295400
2021-06-17,103.26165008544922,104.03168951051458,102.59617755804763,104.02218079144424,1073100
2021-06-18,101.2652359008789,102.55814603017673,101.2081980946834,102.30146864926972,2127600
2021-06-21,103.08100891113281,103.18558304987639,101.75007126141823,101.9877384398306,1161700
2021-06-22,103.40423583984375,103.74647716708621,102.75778080538876,103.00495670906984,712800
2021-06-23,102.52960205078125,103.48977932072341,102.48207297491855,103.41372409571255,806000
2021-06-24,102.9859390258789,103.46127336209766,102.39652183787818,102.88136489166868,866800
2021-06-25,103.4327621459961,103.5373362879747,102.77679839231698,103.03347576161099,1121200
2021-06-28,103.41373443603516,103.5848550829072,102.76727946485478,103.28064140547092,1532000
2021-06-29,104.26934814453125,104.5830705708153,103.28065178028959,103.5373364028954,1611300
2021-06-30,104.9898910522461,105.19985290793608,104.08323824642486,104.40772673646592,2020800
2021-07-01,105.56251525878906,105.88699648479452,105.04715629874417,105.67704189921271,1100100
2021-07-02,106.32599639892578,106.89861495652177,105.35253829789661,105.6102213816208,1348300
2021-07-06,107.09904479980469,107.17539589225693,105.87745644553259,106.45962078330928,1598400
2021-07-07,108.79782104492188,108.89325627380076,106.84136608731933,107.07041937411812,1573700
2021-07-08,107.27082824707031,108.38743563965494,106.96543116667347,107.77664147886126,1092000
2021-07-09,107.52851104736328,107.94843479060036,107.02269778277746,107.69075166407171,765000
2021-07-12,107.50941467285156,107.6621095649435,107.1658420640942,107.566674347231,744900
2021-07-13,107.47125244140625,109.65675341955887,107.3567257972212,109.4754213865762,1200200
2021-07-14,108.65465545654297,108.69283100114394,107.44261286073466,107.5094182434762,944000
2021-07-15,109.30361938476562,109.57084090163163,108.1011152776284,108.2060961994315,1094500
2021-07-16,109.98123931884766,110.90697637517628,109.39907492839853,109.6949336181091,957400
2021-07-19,108.5401382446289,109.37043269204331,107.48079052509122,109.12229528786347,1097800
2021-07-20,109.84761047363281,110.88787400795401,108.77872438330984,108.79780851439115,1060900
2021-07-21,109.63766479492188,110.31526440746711,109.56132097809703,110.29618027357127,849100
2021-07-22,109.7712631225586,110.07666019893561,109.05548804218363,109.73309485909702,631800
2021-07-23,110.87834167480469,110.99286831882678,109.78081833362712,109.85716942964184,482600
2021-07-26,110.53475189208984,111.04056508261871,110.20072500034816,110.75425943880019,1122100
2021-07-27,110.81153869628906,111.98540587777208,110.28663400132255,110.51568729434872,886400
2021-07-28,110.08621978759766,110.77336511640705,109.79991408808812,110.50614355103485,782100
2021-07-29,110.21027374267578,111.10737352217873,110.21027374267578,110.62065172990512,928700
2021-07-30,112.95885467529297,113.14972512219641,110.09575428429616,110.09575428429616,2013100
2021-08-02,112.61528015136719,113.48375741702156,111.70863462196687,113.34060094363186,1054500
2021-08-03,114.27586364746094,114.64806606828245,112.40530583785439,112.79659966967387,1571100
2021-08-04,113.72234344482422,115.02982120956408,113.34059529522325,114.09454588834407,990400
2021-08-05,112.83479309082031,114.40949252941263,112.35760967761269,114.05638146363326,1091000
2021-08-06,112.91114807128906,114.01821719442721,112.50077000409017,112.7393617342932,832700
2021-08-09,112.44348907470703,113.23561521682147,112.2907941824717,113.09245874949808,771600
2021-08-10,112.08084106445312,113.05429201184083,111.88996333274115,112.38623815395133,745900
2021-08-11,114.2090835571289,114.2758889479326,112.23354439337248,112.30034978417618,973800
2021-08-12,114.60991668701172,114.93440521688197,114.12319481406868,114.17090878997443,1246700
2021-08-13,115.0679931640625,115.26840929807364,114.58126410646972,114.99164208027538,518100
2021-08-16,116.16553497314453,116.21324894723914,114.4667631330618,114.91531672075043,716100
2021-08-17,115.86967468261719,116.356396499721,115.20161356540612,116.05099942024302,641300
2021-08-18,113.94184112548828,115.71696379172029,113.8368602047038,115.41156673523092,998500
2021-08-19,115.5929183959961,115.93649105312313,113.14973424739925,113.39787167337798,856000
2021-08-20,116.5281982421875,116.73816012736353,115.05847232719697,115.47839609754902,1185000
2021-08-23,116.03192901611328,117.00538004673109,115.89831823311165,116.86222355601747,721700
2021-08-24,116.8526840209961,116.92902783824307,116.03192791534863,116.65226784839494,857300
2021-08-25,117.06263732910156,117.20578652673325,116.69042757153628,116.98628623620402,1011300
2021-08-26,117.44437408447266,117.55890071977537,116.76677454172331,117.14852271149158,790400
2021-08-27,117.92155456542969,118.37010810774163,117.6352489061016,117.88337902127117,1126900
2021-08-30,118.59917449951172,118.88548748934791,117.75933422722962,118.15062816125631,716300
2021-08-31,118.4655532836914,119.20996553548422,117.92156447588509,118.4655532836914,1319700
2021-09-01,119.12405395507812,119.24811900769818,117.41573664885912,117.88337430391654,725700
2021-09-02,120.34565734863281,120.36474876297241,119.0477178607042,119.57262253642575,790000
2021-09-03,119.74439239501953,120.30746525951827,119.55351468407409,120.2502055868547,906100
2021-09-07,117.71160125732422,119.52489968965,117.61616603062097,119.52489968965,1293400
2021-09-08,118.93319702148438,119.38174331551399,117.38712013504431,117.60662770977461,1098400
2021-09-09,118.33193969726562,119.1717871569025,118.16015337881636,118.87592849214816,939800
2021-09-10,118.57051849365234,119.2099497256942,118.09333513671254,118.56098006900648,921000
2021-09-13,119.13361358642578,120.39337751553491,118.46555243415753,119.22904881353807,1208300
2021-09-14,119.24810791015625,120.21202024847018,119.00951625184763,119.40081006646876,966200
2021-09-15,119.56306457519531,120.48880148227542,118.97136185365247,119.1813164211816,871000
2021-09-16,118.38922119140625,119.91620683105675,118.33195422406557,119.62034812998188,1013700
2021-09-17,117.80704498291016,118.20787730795136,117.11035398641756,117.55890756592417,2720200
2021-09-20,117.91202545166016,118.40829300242936,116.29914316948827,116.86221610750029,1807600
2021-09-21,117.8833999633789,119.42947701087874,117.8833999633789,118.58009102586884,915400
2021-09-22,118.80913543701172,119.3149487379312,118.06473040688554,118.71370020157738,717000
2021-09-23,118.89502716064453,120.00208895056893,118.67551957541635,119.31494363484413,847000
2021-09-24,119.1145248413086,119.67760507199817,118.63734141381359,118.82821915355635,869800
2021-09-27,117.20579528808594,119.03818524839672,116.75724168533387,119.03818524839672,1328300
2021-09-28,115.35432434082031,116.89085555927986,114.85804949891569,116.49956165388423,1013600
2021-09-29,116.90038299560547,117.1962416439725,115.51655409897596,115.58335948127034,1116000
2021-09-30,115.01319122314453,117.55179807334697,115.01319122314453,117.29315092883535,1682000
2021-10-01,115.655029296875,116.27770022415427,113.3846513504813,115.62628422953628,947900
2021-10-04,114.96529388427734,116.39265859760148,114.01690399641237,115.30057991644243,868200
2021-10-05,116.28729248046875,116.70879913549138,114.38094546025935,115.2239514616166,741400
2021-10-06,118.31818389892578,118.49061778153684,115.4538651095149,115.57840515782128,1310200
2021-10-07,119.7934341430664,120.6460217533769,118.75883098380625,118.98874036074606,944100
2021-10-08,120.358642578125,120.7418297869585,118.98875323990966,119.63058761221014,656900
2021-10-11,120.8376235961914,121.795587954689,119.76470088354641,120.2436830627952,1041800
2021-10-12,120.91425323486328,122.23624131717544,120.68434385287149,121.53693148191655,955300
2021-10-13,121.23039245605469,121.67105518379273,119.5922669718552,121.25913021741117,855600
2021-10-14,123.24211120605469,123.3091757287592,121.68063190328115,122.13087632968575,1000500
2021-10-15,122.36080169677734,124.17134660327615,122.30331886020609,124.05639554751103,1003900
2021-10-18,122.0254898071289,122.62900468452784,121.57525272577975,122.34161977996588,735500
2021-10-19,123.00260925292969,123.04093601034194,121.68062116102112,122.32246279130058,678400
2021-10-20,124.056396484375,124.3533631255958,122.79187639189962,122.98348097612498,581900
2021-10-21,125.7711410522461,125.89568110320076,123.72109779799283,125.2155345573181,1108600
2021-10-22,127.66793823242188,127.77331491642933,125.72327138723051,125.94359913838107,682900
2021-10-25,125.74240112304688,127.66791891054989,125.42627111886911,127.66791891054989,676500
2021-10-26,124.93769073486328,125.46457397476898,123.22294122757803,124.96642849182416,1840800
2021-10-27,123.70193481445312,125.177193405737,123.66360805669889,124.97602908834043,933600
2021-10-28,124.46831512451172,124.88024744286176,123.32834969705476,124.22882400979447,1577000
2021-10-29,128.9420166015625,139.84364174634854,126.59499208188974,134.44072300967653,2668700
2021-11-01,127.073974609375,129.95745687194855,126.85364688539207,129.49762342531847,1730500
2021-11-02,128.5587921142578,129.72750960217255,127.05479592833798,127.40923800311793,1279700
2021-11-03,126.84405517578125,129.4018180765752,126.48959844858601,128.31931375107015,1102300
2021-11-04,127.92652130126953,128.0797990676182,126.47042637307409,126.70991740147927,667000
2021-11-05,127.17931365966797,128.5013088472623,127.07393701982535,128.3671944526783,1023700
2021-11-08,127.48589324951172,128.21394086925628,126.49919117092844,127.63917104862914,765300
2021-11-09,127.54337310791016,127.80202757554636,126.99734102887366,127.4858975856301,543900
2021-11-10,128.7887420654297,128.8845297393105,127.169779817857,127.30389425519205,628100
2021-11-11,127.99359893798828,128.98987528673018,127.82115777881009,128.70249771705625,545900
2021-11-12,129.59341430664062,130.18734751786764,127.93614009692205,128.48217216783624,948000
2021-11-15,129.57424926757812,129.7371014486555,129.1527572434002,129.26770828477822,507200
2021-11-16,130.68548583984375,130.91540253020707,129.51676824423623,129.83289821197022,845200
2021-11-17,131.6721954345703,131.9116865192521,130.58970567162416,130.82919675630595,631700
2021-11-18,131.66265869140625,131.99793753538034,130.83880853989456,131.62433192117038,668300
2021-11-19,130.7142333984375,132.28529435692997,129.90954684790194,132.1032787905854,1075100
2021-11-22,131.21237182617188,131.81589401496635,130.34062080177438,131.1932084472359,911600
2021-11-23,132.08409118652344,132.19904219783217,130.68545720698975,130.91537384697895,724000
2021-11-24,132.57269287109375,132.72597068342577,131.26028631927045,131.5572529448033,689000
2021-11-26,129.34437561035156,132.11289253184464,129.03781994280553,131.13576461326508,675700
2021-11-29,132.4193878173828,133.15702434727913,130.1298539546677,130.31186949219557,879200
2021-11-30,126.7003402709961,131.92125687307754,125.82860395516414,131.2506702368432,2365700
2021-12-01,126.38423919677734,130.18735912206898,126.33635266957191,127.88825035588036,1477300
2021-12-02,130.30230712890625,131.1548947643412,126.83446645103453,126.93026872721263,1270400
2021-12-03,129.7083740234375,131.28902405520873,128.51091852241842,131.17405838729474,592300
2021-12-06,129.5838623046875,131.4518901604907,129.00907775641963,130.8579568466913,859600
2021-12-07,129.89999389648438,131.8829728386816,129.2677338093114,130.4747638342411,1021500
2021-12-08,129.5838623046875,130.34064782977455,128.3959810597104,129.84250219576762,803600
2021-12-09,128.84619140625,130.06281009454932,128.30014476833733,129.47845131834643,825400
2021-12-10,129.7946014404297,130.6567635509693,128.9132759490804,129.47847143526474,904900
2021-12-13,130.43641662597656,131.18362757638602,129.46886337214224,130.206499942245,832400
2021-12-14,129.77542114257812,130.66632089950957,128.89409576611513,129.9957488323502,1061200
2021-12-15,131.38479614257812,131.58597507453518,129.7179476379695,130.2352419214127,1126300
2021-12-16,133.24325561523438,133.9425801030786,131.35606470917665,131.70093245387187,1098000
2021-12-17,129.30601501464844,133.10913439308294,129.2293761178119,133.0516588747993,1950900
2021-12-20,128.09898376464844,128.75039245399788,126.32674401251435,128.46301486597594,1393400
2021-12-21,127.77327728271484,129.27727356524653,126.98773957559513,128.84619257304954,886900
2021-12-22,128.43429565429688,128.75041104677106,127.32305342888894,127.95531344859107,478000
2021-12-23,129.72752380371094,130.36935813088218,128.5971329455997,128.9420006784324,544500
2021-12-27,131.5093536376953,131.64346807101444,130.15862030523877,130.30232373782303,449100
2021-12-28,132.60145568847656,132.69725799362988,131.41357434452092,131.41357434452092,298400
2021-12-29,133.5498046875,133.70308248150812,132.19907153538153,132.4960381254129,386500
2021-12-30,132.75469970703125,134.12458169395768,132.63015966553766,134.11500731283348,313600
2021-12-31,134.03305053710938,134.64818909869936,132.17802858292998,132.61054536331883,447900
2022-01-03,130.1499481201172,134.0426271897367,128.48714009981992,133.78311134081397,1150600
2022-01-04,131.27452087402344,132.48557061023146,130.57288199506579,130.69782214284365,912500
2022-01-05,128.94851684570312,131.98576918867602,128.57366710290978,131.39946424060884,1011800
2022-01-06,129.19842529296875,130.89967338014966,128.36222531763528,129.23687969761525,841600
2022-01-07,128.57366943359375,129.3618086680367,127.39143858284392,129.0830802556995,910600
2022-01-10,126.51680755615234,127.7662970291247,125.3057431550048,127.7662970291247,1196800
2022-01-11,126.96854400634766,126.98775654113021,125.04623457198089,126.68019465798122,1087100
2022-01-12,126.69947052001953,127.64139839812752,125.67102753793398,127.45877658515437,1393800
2022-01-13,125.56525421142578,127.05504698646982,125.18079818318226,127.05504698646982,1141700
2022-01-14,124.8155746459961,125.20003073570759,123.75829840019988,124.76751396826722,1235900
2022-01-18,123.61412811279297,124.3446005324119,122.38385105550877,123.73908293872412,1443500
2022-01-19,124.13314056396484,125.36341757442692,123.13354599273647,123.70062382320313,1025700
2022-01-20,123.36422729492188,125.68059927020292,123.25849967783829,124.3445946539967,1238300
2022-01-21,123.01820373535156,125.08468807128698,122.48957298254999,123.41227339958333,1167500
2022-01-24,122.64334106445312,122.93169041427362,119.50997461738653,121.7879139484885,1858900
2022-01-25,119.98095703125,121.93210012777855,118.94290807358983,121.0958928008252,1633900
2022-01-26,120.23085021972656,122.46073639186582,119.36581676753431,120.53842679494231,1740800
2022-01-27,118.78911590576172,122.43189340699783,118.33737931827706,120.85560015224515,1323100
2022-01-28,121.66297149658203,121.67257776441829,117.57806375933457,118.91406829146261,1196200
2022-01-31,122.70101165771484,122.80673192758415,120.78830853840486,120.78830853840486,1389300
2022-02-01,121.08628845214844,123.43150124589565,119.62532900716225,122.67218805184864,1733500
2022-02-02,123.69100952148438,123.96973795132142,120.2020130182212,120.78831801372743,1988300
2022-02-03,122.1435546875,124.0466370997052,121.95131932619745,122.55685154801394,1046200
2022-02-04,121.5476303100586,122.93169551376552,120.43269459942825,121.50918323961908,1167100
2022-02-07,121.50919342041016,122.8451980647492,121.2496848394863,121.60530743804752,1023200
2022-02-08,122.0185775756836,122.29731329887325,120.90364201595287,121.82634958253178,1289300
2022-02-09,122.68179321289062,123.30653794165474,120.39424751963398,120.56725567008391,1829800
2022-02-10,120.84599304199219,123.2200391756081,120.16356669893244,120.99016039176497,2133000
2022-02-11,115.51158142089844,120.60570467343238,114.56004024468824,119.8463915194567,3188300
2022-02-14,113.9641342163086,115.82877703642694,112.45512134289184,115.51159416501983,2768100
2022-02-15,113.85838317871094,115.58846454604021,113.33935876851216,115.3097288072467,2250700
2022-02-16,112.98373413085938,113.9352751987146,111.1767586622932,113.70460013169507,2384800
2022-02-17,112.19560241699219,113.81994903364962,112.13792814284774,112.98374905536105,1204700
2022-02-18,112.97412872314453,113.54120649840287,111.35938847086011,112.10908799280847,1952700
2022-02-22,112.60889434814453,114.26207436307308,111.85918748128128,113.8968381969311,1385600
2022-02-23,111.45551300048828,113.42588333155211,111.3593989842721,112.8299646981648,1701800
2022-02-24,112.90684509277344,113.38742244835142,109.15834025265956,109.93687322212675,1604000
2022-02-25,116.1939926147461,116.26127315130417,112.9356787258097,113.42586968246333,1114800
2022-02-28,115.60769653320312,116.87642055791126,114.67537521712421,115.06945219939637,1880300
2022-03-01,116.51118469238281,117.00137568800632,115.34818827769107,115.62692404645622,1766700
2022-03-02,120.00017547607422,121.10550496417851,116.73224768503816,116.73224768503816,2176700
2022-03-03,121.34578704833984,122.05703950927611,120.44229923780675,120.50957977690844,1236600
2022-03-04,124.9212875366211,125.11351555880432,120.08668018172551,120.25007473388416,2232900
2022-03-07,122.98934936523438,125.03660615033856,122.22043003735385,124.58486228703184,2297400
2022-03-08,118.32777404785156,123.73908054089793,118.24126629826559,122.72025141449079,1972400
2022-03-09,120.88444519042969,121.46114398084312,118.9525291748458,119.87523697326566,1429100
2022-03-10,121.86480712890625,121.9417012659915,119.81755022695371,119.84638369510355,920300
2022-03-11,121.62451934814453,123.29692651043814,121.54762521049162,122.3934387255879,899100
2022-03-14,123.47956848144531,123.49879568552245,121.25930305747035,122.3838525060008,1648600
2022-03-15,124.04664611816406,124.73867880310704,122.74908850041088,124.65217838400405,970400
2022-03-16,124.97895812988281,125.5460359450197,122.96053450584301,124.62333554514585,948600
2022-03-17,126.42068481445312,126.55524589464183,124.82516438788866,125.09428654826607,900200
2022-03-18,126.3822250366211,126.92046927202675,124.95009938694461,126.72824128310408,1429700
2022-03-21,126.42068481445312,127.02621700833119,125.71904594390188,126.29573000211441,714900
2022-03-22,124.48878479003906,127.02623309935522,124.43111784351863,126.97817242190166,901900
2022-03-23,124.4503173828125,125.49798724405642,123.61411741348817,124.05625506739621,790100
2022-03-24,125.13274383544922,125.85360992437049,124.15236184802002,124.76750032392384,769000
2022-03-25,126.39186096191406,126.48798231195886,124.91168896721308,125.54604001290842,614700
2022-03-28,127.89122009277344,128.06423553543823,126.22842685355947,126.7378375838739,849400
2022-03-29,128.43911743164062,128.79474000568194,127.30494716941955,128.34299608760125,1242800
2022-03-30,129.4579620361328,129.46756830581197,128.03545682240886,128.4103066647436,545700
2022-03-31,127.78943634033203,130.46096301684594,127.77979715244476,129.73762658473086,1269000
2022-04-01,128.51278686523438,128.6574482809941,127.02754237026494,127.91483339166888,1054800
2022-04-04,127.44224548339844,128.68637778098156,126.72854817634166,128.27167192056007,948600
2022-04-05,128.53207397460938,130.09447605734027,126.99858945736493,127.3457915553405,1104200
2022-04-06,128.69602966308594,129.51580218230717,127.57726570192916,127.97269317866329,1281100
2022-04-07,130.47061157226562,131.04928664603239,128.09807614572253,128.49348890593407,1303000
2022-04-08,131.0010528564453,131.70509620179746,130.2777164188552,130.9721205762471,937200
2022-04-11,130.9431915283203,131.85941476195416,130.51883178651485,131.14571749470701,1171200
2022-04-12,129.14932250976562,131.52185795233652,128.83105268867567,130.4802516423108,863900
2022-04-13,128.4163055419922,129.78583529466673,127.52901473180106,129.0432058657998,849600
2022-04-14,127.99198150634766,129.84372107156156,127.92446303981608,128.91784393079564,890700
2022-04-18,127.5965805053711,128.9564568593786,127.01790533284677,128.37778168685426,761500
2022-04-19,128.96603393554688,129.3518073872153,128.07874322365842,128.2909230369702,906200
2022-04-20,129.5447540283203,130.56706727661543,129.16860491467918,129.78586619881705,790800
2022-04-21,130.017333984375,131.43507482801328,129.59297417861657,130.14271703143638,1032400
2022-04-22,127.6929931640625,130.26808396536723,127.55797094405146,129.95945333887443,1501500
2022-04-25,127.74121856689453,127.9726915368147,125.75445673644751,127.57726406515377,1261700
2022-04-26,130.18125915527344,132.76598888198586,128.81174400130482,129.39041900892727,2081700
2022-04-27,132.18731689453125,133.1421262640284,129.9980145491299,130.19091603362256,1799200
2022-04-28,133.1999969482422,133.47968056751085,131.0782129681034,131.984797008168,999600
2022-04-29,129.49649047851562,132.71774459488748,129.26501756519656,132.4477002208392,1610500
2022-05-02,126.33309173583984,130.4223432266058,124.83819388473034,129.27464736210035,1943200
2022-05-03,126.56458282470703,128.6670883781347,126.1305839076842,126.48742517247581,1202200
2022-05-04,128.82142639160156,129.01431319802353,125.64838176812832,126.75749194229458,1270600
2022-05-05,125.69657897949219,128.78281133956122,124.79963419197652,128.31022626086445,1332800
2022-05-06,130.3838348388672,131.25183286709466,125.97629678566236,126.30422056008494,2450200
2022-05-09,126.29454040527344,129.94980881663625,125.47476793039617,129.25540465184747,1595300
2022-05-10,124.51994323730469,127.93408436476089,123.38189374209998,127.10465808733248,1377500
2022-05-11,124.54890441894531,126.57425257367773,123.94129702926173,124.18240920404801,1146000
2022-05-12,123.17935943603516,125.51332296123078,122.11846759350604,124.78998661066667,1866600
2022-05-13,126.23667907714844,126.6224526379917,124.07630887399934,124.89609608618879,1743300
2022-05-16,126.16918182373047,127.59656173193852,124.9153956119461,126.23668557801119,967600
2022-05-17,127.62547302246094,127.67369839119708,125.1275549148821,126.72852825618101,1332600
2022-05-18,123.53621673583984,127.6544163481983,123.37226224100073,126.94071909155949,1159700
2022-05-19,122.97683715820312,123.99915762880286,120.95149666680737,122.5042520689559,1395700
2022-05-20,124.8478775024414,125.00219282169908,122.19564365751526,123.74840660628841,1142900
2022-05-23,126.30419921875,126.844288097618,124.69355705426533,125.37832205760613,1177500
2022-05-24,128.7056427001953,128.96604790224535,126.12092791820831,126.67065588218566,1113000
2022-05-25,128.2234344482422,129.05286080715962,127.61584185619054,128.70565873327982,2718700
2022-05-26,129.37115478515625,130.01733368194164,128.82142664993526,129.22649335912968,1108700
2022-05-27,132.0040740966797,132.07159256196178,129.38077274875945,129.78585410781685,1129200
2022-05-31,129.081787109375,131.88833585024315,128.53205910237415,131.29038247370832,3575800
2022-06-01,129.20716857910156,129.7472573922524,128.67671895321538,128.67671895321538,1186600
2022-06-02,130.5767059326172,130.77924663018814,128.127012765549,129.38078427395965,838300
2022-06-03,129.6315460205078,130.21020637822627,128.95643491167706,129.8147936178301,854400
2022-06-06,128.5031280517578,130.29700291481925,128.40667731176828,130.21984526609097,1072300
2022-06-07,130.55740356445312,130.58633584543395,127.71228310956836,128.04019210489628,895100
2022-06-08,127.48079681396484,129.76654978664007,127.24933859032325,129.76654978664007,759100
2022-06-09,123.91234588623047,127.92445539595076,123.84484214005035,127.34578037800988,1253700
2022-06-10,122.04132080078125,123.51693326798052,121.26011982732639,122.45603397296958,1494400
2022-06-13,119.77487182617188,121.53016795215507,119.21548988231294,120.26673530541728,1386100
2022-06-14,118.68504333496094,120.63323364351089,117.97135342539103,119.68807077016783,1285900
2022-06-15,118.97437286376953,120.44033141167088,117.6144968861019,119.4180183106102,1387500
2022-06-16,117.43126678466797,118.39571541085377,116.51503617489601,117.63380011318789,1355300
2022-06-17,116.43787384033203,118.0099222895684,115.46377876829611,117.65307368583132,1925200
2022-06-21,120.102783203125,120.48856411547123,117.38303844041438,117.61450404455857,1263300
2022-06-22,120.52714538574219,122.20528392658336,118.74291690790125,119.17691584423912,1140300
2022-06-23,122.20527648925781,122.34994524528568,120.63322798109013,121.03829461144127,951300
2022-06-24,125.28189086914062,125.60981463935583,122.75503977005025,122.96721967935163,1781700
2022-06-27,124.7996597290039,125.83162693355314,124.42352531309675,124.98290734224683,1153200
2022-06-28,123.36261749267578,126.18844467874611,123.23723447202522,125.2143569416709,990700
2022-06-29,125.58085632324219,125.81231456445292,122.79359315207037,123.73875599991366,946000
2022-06-30,126.66484832763672,126.90681526630401,124.3419716238267,124.61297341365486,1387800
2022-07-01,128.76513671875,128.9199991245433,125.95832576408293,126.75198451740467,983600
2022-07-05,125.39695739746094,127.83598853631452,123.81933544626885,127.64241791829251,1224200
2022-07-06,127.58436584472656,128.55223383710896,125.16469586377052,126.07447937107543,906200
2022-07-07,125.7357177734375,127.97149017661685,125.32921504272231,127.63273051677507,1815800
2022-07-08,125.68732452392578,126.32612087443117,124.87431904245997,125.75506759646862,836800
2022-07-11,125.93895721435547,126.36482142217815,125.37759210117929,125.37759210117929,456300
2022-07-12,124.27423095703125,126.66486582274065,123.76126954192989,125.56149702075876,651900
2022-07-13,123.54833221435547,124.42908811580217,122.60949922076976,123.04503679846107,703400
2022-07-14,124.24519348144531,124.409729246776,121.99006696117367,122.26106878271733,549800
2022-07-15,124.8549575805664,125.77442912067839,123.84837409070659,125.65828970000923,686500
2022-07-18,122.67724609375,125.0969156419502,122.45463324624758,125.0969156419502,756500
2022-07-19,124.74849700927734,124.85496307240436,123.3644455728723,123.7806290784835,854200
2022-07-20,125.11627197265625,125.55180951966884,124.2645436009052,125.38727376939698,830400
2022-07-21,127.02299499511719,127.07137657779258,124.73882604380779,125.62926278503106,697400
2022-07-22,126.81004333496094,127.63272210415063,126.04541950234221,127.23590753006648,673100
2022-07-25,127.80693817138672,127.92307757440695,126.45191447269528,126.92617498251074,587500
2022-07-26,127.2746353149414,127.90374357450024,126.57776921006457,127.74889592668873,885200
2022-07-27,128.66835021972656,129.29745839467486,127.31332641204352,127.55529336679147,860000
2022-07-28,132.84951782226562,133.06244990197123,128.89094239512949,129.3555147651738,995800
2022-07-29,134.2045135498047,135.76278084405376,133.2559927491409,133.6334752587938,1639800
2022-08-01,133.3043975830078,134.12709093293853,132.93661794538664,133.50765627282752,1316600
2022-08-02,133.7883758544922,134.34006764708045,132.54950612237266,133.61416672114356,1304300
2022-08-03,135.8886260986328,136.44031780462643,133.94321723913447,134.1174411136287,1065300
2022-08-04,136.99200439453125,138.03730340967851,135.51116781519534,135.56925228977923,1132100
2022-08-05,137.34043884277344,139.0729305247056,135.21113257553878,136.2757930934016,1374800
2022-08-08,138.25025939941406,139.66335315530827,137.14689048752155,138.24058603622404,1202700
2022-08-09,138.2308807373047,139.6052511859287,137.96955230661513,138.84062738426033,714300
2022-08-10,138.34703063964844,139.95369478951028,137.76630403149633,139.95369478951028,770100
2022-08-11,137.24366760253906,138.58900335779296,136.64357947757907,138.5309336482627,1353400
2022-08-12,140.06015014648438,140.1085317197265,137.38882567516737,137.6791889570701,1494800
2022-08-15,141.2990264892578,141.6958410661554,139.32456789222238,140.03110725629833,942400
2022-08-16,142.39271545410156,143.00247693446022,139.97304579362,140.5537724195322,913900
2022-08-17,143.1863555908203,143.3605646948682,141.63776130188748,141.95715942779825,735300
2022-08-18,142.5766143798828,143.4960859079284,141.6668162139354,143.4960859079284,665900
2022-08-19,141.7345733642578,142.98311641946535,141.61843394567805,142.770184306408,889500
2022-08-22,141.64747619628906,142.20882659439602,140.23438253298818,140.61185043157315,669000
2022-08-23,141.05706787109375,141.39581276253105,140.20533942452388,141.02803301664173,684300
2022-08-24,141.96685791015625,142.4507918650207,140.98931663798732,141.17321390379456,684300
2022-08-25,142.81857299804688,142.86696934269145,141.5603418797424,142.16042997005152,673900
2022-08-26,140.03111267089844,143.2541143657055,139.7988338400238,142.95407769683158,708900
2022-08-29,140.79574584960938,141.7248907715367,139.08261551615982,139.1890815768486,680100
2022-08-30,139.2180938720703,141.1828642267112,138.92773059283735,141.1828642267112,587300
2022-08-31,138.1341094970703,139.9440177654784,138.09538651025846,139.46008380977636,1578200
2022-09-01,139.3439178466797,139.38262605762682,137.10814576012342,137.38882090283622,937500
2022-09-02,138.20184326171875,140.6505624996337,137.84373688453948,140.07950924631837,740400
2022-09-06,139.42135620117188,140.1569303948804,138.1921599894636,138.95678380348704,1222100
2022-09-07,142.72177124023438,143.1863435805507,139.1406490935179,139.46973532104337,1568500
2022-09-08,143.24444580078125,144.2316751705319,141.97654124482762,142.27657792374893,1011400
2022-09-09,142.96377563476562,144.0381096067365,142.29594441320367,144.0381096067365,1121300
2022-09-12,143.3412322998047,144.37684320384815,142.702435984138,143.07990384912446,728000
2022-09-13,141.60873413085938,143.2153982082732,141.18286993988312,141.74423503085268,1101300
2022-09-14,141.26998901367188,143.35089885311322,140.85379818468934,141.91845866023496,1601400
2022-09-15,140.9893035888672,141.8894283412209,140.44729997254237,141.35709808644086,1115600
2022-09-16,139.02455139160156,139.54719358512764,138.22121922293755,139.01487802878376,2338800
2022-09-19,141.2893524169922,141.37647175236077,138.0760386570054,138.90840564475062,955900
2022-09-20,139.70205688476562,140.57314690414242,138.1437888886565,140.350526641489,974800
2022-09-21,138.65675354003906,141.80232429450132,138.63740681486468,140.57314266376451,1325700
2022-09-22,137.01136779785156,138.53092738144662,136.39193297673108,138.3567034922456,882100
2022-09-23,135.9951171875,136.20804931304684,134.4658840897057,135.92737411218556,1029300
2022-09-26,135.5692596435547,136.7210100033538,135.12403392520594,135.83057333514796,1208900
2022-09-27,134.146484375,136.508069425896,133.42058351749134,136.45968785018803,1116100
2022-09-28,135.54986572265625,136.13057744465067,133.15923147413451,134.80460350585088,916300
2022-09-29,133.033447265625,135.3466510839372,132.0655793120468,135.3466510839372,1083900
2022-09-30,132.14462280273438,133.72795410996864,132.0280636268929,133.33941364258453,1619200
2022-10-03,135.31130981445312,135.99126316590838,132.25149750009734,133.20344701400612,1163500
2022-10-04,138.4390869140625,139.08017721149795,136.10779961346532,136.6809168199235,1189400
2022-10-05,137.1277313232422,138.20594813587377,136.68091128016582,137.21515070273082,984500
2022-10-06,129.58995056152344,136.21465943138782,129.45395990501214,135.81641060852112,2136800
2022-10-07,125.52961730957031,128.8225472804065,125.3742100225105,128.49228641533574,1482300
2022-10-10,126.3747329711914,127.01582331954485,125.27708455749381,126.18044789764235,1231300
2022-10-11,125.92789459228516,127.39465199730678,125.53935409960398,125.83075205818001,1168400
2022-10-12,124.77196502685547,126.41357600797062,124.74282523136925,126.41357600797062,910400
2022-10-13,126.93811798095703,127.49180378618357,121.52761637717522,122.68354443633595,1119100
2022-10-14,123.80059814453125,128.09403423880894,123.50919278071412,127.97747505765597,1080000
2022-10-17,127.03524780273438,127.96776571011115,125.37422019710638,125.40335999216165,940900
2022-10-18,129.8230743408203,129.83279748789263,128.26889746191637,128.95855909800554,928200
2022-10-19,130.1436309814453,130.45447526001342,128.91971498379314,129.36653510689604,983800
2022-10-20,128.5019989013672,130.52244191727178,127.97746779408004,130.52244191727178,753600
2022-10-21,129.71620178222656,129.9881978829631,127.06437690232487,128.17173348682311,1114100
2022-10-24,130.70703125,132.38749059694186,130.50305265176036,130.92073299607026,878200
2022-10-25,131.26068115234375,131.71722431924016,130.36702628702056,130.94012862099942,1891000
2022-10-26,129.79391479492188,133.05770501245917,129.68706394647785,132.3777518050281,1489700
2022-10-27,130.78472900390625,132.0863559996854,130.13391550601668,130.40589682388486,1350600
2022-10-28,129.3665313720703,129.4442424394688,125.48106693336875,128.28832921932639,2370800
2022-10-31,128.82257080078125,131.02757605544724,128.0163351381171,128.70601160873804,1934300
2022-11-01,127.42378997802734,130.60016107808642,126.81183945186513,129.65793483379326,1213800
2022-11-02,126.58842468261719,130.1047648720669,126.55927006639459,127.14209559720534,1208500
2022-11-03,127.99691772460938,129.4151039589201,125.57821075103031,125.57821075103031,1585200
2022-11-04,126.1901626586914,129.86192501234189,124.86910428444521,128.81284793674615,2127600
2022-11-07,127.72492218017578,128.38544395345812,126.38443234138988,126.79240428757058,1201600
2022-11-08,128.7254180908203,129.03624748321522,126.81182600963491,127.70548089283872,1115300
2022-11-09,128.288330078125,129.48310625090014,128.16204774002324,128.72544186603096,965800
2022-11-10,130.9886932373047,132.10575805683263,127.88031060200335,131.57150386502352,1541500
2022-11-11,127.3072280883789,131.8143658240089,125.91818179559986,131.31897449015392,2259700
2022-11-14,126.25817108154297,128.61859859052373,126.16104335731579,127.57922967037926,1271700
2022-11-15,125.13137817382812,128.17174374637534,124.48054989529557,127.23924066471747,1731400
2022-11-16,127.07411193847656,127.4043728334535,125.20907610619277,125.54906014752572,2154700
2022-11-17,128.13290405273438,128.28832618385388,126.01531827637423,126.44272172601777,1831700
2022-11-18,130.05618286132812,130.31845581070894,128.90025504124836,129.5704998997395,1027500
2022-11-21,130.79441833496094,131.70750469315038,130.26988724720744,130.64871937221497,751200
2022-11-22,131.51324462890625,132.0669303738519,130.57101840537604,131.14412079894248,892300
2022-11-23,132.03775024414062,132.853708806495,130.96925672355852,131.37722859380256,1405000
2022-11-25,132.96060180664062,133.50456447280666,132.14464298552056,132.58176960542707,510200
2022-11-28,132.61090087890625,134.06794999327172,132.13492616567365,132.46518707434765,1437600
2022-11-29,132.73716735839844,132.9605922259446,131.43554038359616,132.24177599923726,1334800
2022-11-30,135.3015594482422,135.3015594482422,132.14462004554235,132.23205424746791,2107000
2022-12-01,135.74839782714844,136.9431738511031,135.44727674013998,136.38950294121926,1044600
2022-12-02,136.4963836669922,136.57409474223903,133.87369787036786,135.00047140676676,809900
2022-12-05,135.12673950195312,135.67070214942504,134.21365299146646,135.24329869159126,760900
2022-12-06,132.97999572753906,135.05871831614314,132.30976565677756,134.835308292556,841100
2022-12-07,131.68812561035156,132.95088983933755,131.01788054679523,131.26072210188826,844400
2022-12-08,132.4457550048828,132.99942589650942,131.6006565380678,131.62008800745403,707200
2022-12-09,131.9212188720703,133.50455025248124,131.8920790767632,132.6497433984872,643000
2022-12-12,132.9022979736328,133.62109929918336,131.70750716918235,132.77601565563359,767100
2022-12-13,132.4943084716797,134.40790056189277,132.096059700345,134.40790056189277,896400
2022-12-14,132.03775024414062,134.16504378473667,131.48407942804738,132.853708806495,1029200
2022-12-15,129.58021545410156,131.30924570809324,128.58943282891659,131.00812462660357,1006300
2022-12-16,127.783203125,128.71570620562895,127.2295173781078,128.50200449509538,2485700
2022-12-19,125.9375991821289,127.3072288342972,125.36449678476575,127.24894924431035,1768800
2022-12-20,126.31642150878906,126.72440825068553,124.92737531596887,125.7821820942386,1117400
2022-12-21,127.7152099609375,127.8026441740682,126.16103310278424,127.02554833405641,922600
2022-12-22,125.73361206054688,127.35579143288615,124.50968146663864,127.35579143288615,806300
2022-12-23,127.02555084228516,127.21982110065656,125.02453901950555,125.32566014326181,519500
2022-12-27,127.17124938964844,127.375242794447,126.22902307685003,127.06439852463407,778600
2022-12-28,125.7044906616211,127.54037199925601,125.61707126979812,127.28780732705124,900700
2022-12-29,127.00609588623047,127.62776949119275,126.03472995211015,126.41356207354237,969200
2022-12-30,125.77267456054688,126.89398475458985,124.80736226190156,126.64047515614628,801300
2023-01-03,125.47037506103516,126.74771271169791,124.55382619305611,126.44543242972158,1354500
2023-01-04,125.05111694335938,125.96767331940099,124.39783024256704,125.7629047101636,1513300
2023-01-05,122.38921356201172,124.83660995866535,121.94068800677333,124.55384239227843,1874000
2023-01-06,125.15838623046875,125.86042884840796,123.19851849523822,123.19851849523822,2265700
2023-01-09,124.54409790039062,126.4357043941152,124.13456809617546,125.77267243483944,2350700
2023-01-10,122.04794311523438,122.78898888376524,120.1270786873481,122.4087170612911,3225000
2023-01-11,123.75428771972656,123.80304356705854,122.07718774323713,123.218010594564,2086500
2023-01-12,120.1953353881836,123.89080422544144,119.86381940719556,123.89080422544144,1893400
2023-01-13,121.77491760253906,121.85292397960967,119.44453102101203,119.85405334198636,2365400
2023-01-17,122.54521942138672,123.32526834943724,121.68717155180948,122.46721304076209,1858300
2023-01-18,119.08375549316406,123.53976743536568,119.07401027548542,122.59396802281312,1158800
2023-01-19,118.58649444580078,119.76631311435672,118.44998699251983,118.75225243348507,1449900
2023-01-20,120.07833099365234,120.1953331310517,117.57243355000644,118.39147826819502,1194000
2023-01-23,120.24409484863281,120.926632147096,119.25928465590853,120.26359272611806,1176400
2023-01-24,120.13682556152344,121.15088618566867,119.15201547014526,120.42934576738955,1269200
2023-01-25,121.18013763427734,121.19964294900136,119.18127434274501,119.46403445436198,909100
2023-01-26,120.7803726196289,121.79443329063034,120.00032366067451,121.66767105731878,898700
2023-01-27,120.7608642578125,120.94612755468778,119.46403605788161,120.5463504275565,1018300
2023-01-30,121.02413940429688,122.36971607428936,120.72186652114402,120.7413718370111,1230000
2023-01-31,121.70667266845703,121.73592320219572,120.31234019382684,121.22889659282934,1582700
2023-02-01,121.67742156982422,122.88649073969866,118.96676301585018,120.3610954840071,2259500
2023-02-02,119.48353576660156,121.4629011162026,119.33727566746256,121.4629011162026,1936600
2023-02-03,120.01007843017578,120.32209653142834,118.14771504147267,119.33728637721626,1499700
2023-02-06,120.79987335205078,121.10213879722035,119.38604294950457,119.80531797301319,1111100
2023-02-07,121.18988037109375,121.34588568062577,119.45427945762773,119.73704698519539,1504700
2023-02-08,121.316650390625,121.70667487209843,120.53660886677638,120.78037323781,1151000
2023-02-09,122.31121063232422,122.89624362274988,121.56041221934785,121.66766913548733,1807300
2023-02-10,124.18331146240234,124.3393167785782,122.39895462922436,122.54521472751885,1850900
2023-02-13,122.89624786376953,125.06086925913347,122.61348029683454,124.49534156436182,1463600
2023-02-14,121.74566650390625,123.34476003091841,121.41414312244895,122.66222283247329,1145400
2023-02-15,122.6719741821289,123.071751303414,121.17038483139355,121.39465131586289,2021600
2023-02-16,126.74771881103516,127.97628579855089,123.63728327473434,125.09010930194519,2401100
2023-02-17,128.66856384277344,129.29259990018946,126.9719588375205,127.03045989318557,2108300
2023-02-21,127.06948852539062,129.1268453727708,126.03591517544376,128.59057570103974,1979800
2023-02-22,126.01644134521484,128.11280909694187,125.92867485951955,127.70328671708717,1323500
2023-02-23,125.5093994140625,126.19193667115057,124.71960523956083,125.90917654971278,1127700
2023-02-24,126.37718963623047,126.63069920293098,125.20712373717369,125.73364818438095,1091000
2023-02-27,126.02618408203125,128.2395688116882,125.64591224549962,126.89398467710073,1543700
2023-02-28,125.71415710449219,126.97198961899686,125.42165175525558,126.09444381489341,1823400
2023-03-01,125.41189575195312,125.99693622591735,124.7196132318993,125.92867505673604,1223000
2023-03-02,125.90916442871094,125.97741070875165,124.98284801376978,125.35337457974624,1206000
2023-03-03,125.72390747070312,126.29918778393812,124.44657717814613,125.82140428683691,1260100
2023-03-06,126.20167541503906,126.79646103959986,125.20712755353392,125.78240786369396,910600
2023-03-07,124.41732025146484,126.62095201412045,124.31981600124413,125.86040844766255,1408400
2023-03-08,124.7878646850586,124.93412480088094,123.82255238409023,124.38808753108408,990800
2023-03-09,125.119384765625,126.7574742139322,124.68060442988701,125.47039118037944,1710000
2023-03-10,123.88105010986328,126.13343040451969,123.82254160516848,125.36314157716714,2116500
2023-03-13,125.19737243652344,126.74772511183885,123.42277558856084,123.54953038081585,1572500
2023-03-14,128.73683166503906,129.21461516327156,126.15293541934292,126.26993755025877,2581800
2023-03-15,129.48765563964844,130.05319084781183,127.2742706639087,128.08357027844258,3085300
2023-03-16,130.23841857910156,131.6327434608947,129.08784315885626,129.1658495329572,2111400
2023-03-17,127.46926879882812,130.3456855833503,127.20601397375954,130.3456855833503,1887500
2023-03-20,128.4833221435547,129.75089978240214,127.6350120594653,127.85928598141074,1378700
2023-03-21,127.35225677490234,129.39988341355183,126.8842333551125,128.91235467846352,1239300
2023-03-22,126.24068450927734,127.92752966864647,126.16267813081812,127.2644977690361,1084900
2023-03-23,124.76834869384766,126.6209593111954,124.5050864591704,126.065169430803,1109800
2023-03-24,127.6545181274414,127.91778780186405,124.74885112514023,124.80735219096843,1177200
2023-03-27,127.2352294921875,129.81912532618492,127.08896197365219,128.46379630564024,1738100
2023-03-28,128.0347900390625,128.65882620540393,127.088983132205,127.22549057864856,927500
2023-03-29,129.64364624023438,129.78015368930883,128.22005580428998,128.70758453358386,776800
2023-03-30,131.4864959716797,131.55474225282634,130.1019013747599,130.89171036422377,1044200
2023-03-31,132.33302307128906,132.94957720484638,131.7654044128254,132.11771892728524,1146600
2023-04-03,133.2235870361328,133.800986769128,131.8241102147106,132.2449373464423,906400
2023-04-04,133.21380615234375,133.7618476516993,132.32324618239642,133.23338332960955,1295000
2023-04-05,132.3428192138672,134.59371692655668,131.88285257519973,133.92824217538544,1118200
2023-04-06,132.80276489257812,133.18443768857298,131.91219005758686,132.55810246096578,919800
2023-04-10,132.06878662109375,132.53853434064135,131.42287417358406,132.12750321941084,768400
2023-04-11,132.1764373779297,132.9593601913774,130.9531251484834,131.66753530923705,1011800
2023-04-12,134.05545043945312,134.6034919586805,132.35260928085543,132.51897796112007,858100
2023-04-13,135.14173889160156,135.42555567843286,133.51717674073464,133.67376428291675,914400
2023-04-14,134.43710327148438,135.083015651454,134.12394313553528,134.3490283832183,781400
2023-04-17,135.70938110351562,135.8268143140441,134.58393968125083,135.12220011786061,1087100
2023-04-18,134.70135498046875,136.20846906956191,134.51540913318226,135.8365923079995,1083900
2023-04-19,134.60348510742188,135.36684567950405,134.44691249062026,135.0536705798795,875400
2023-04-20,135.3766326904297,135.40599099067026,134.09460380322054,134.86773059790767,827000
2023-04-21,135.6506805419922,136.1008661239502,135.39623691141594,135.6800388480966,1008300
2023-04-24,136.13018798828125,136.13018798828125,134.9655923811855,135.70936082508223,947200
2023-04-25,135.91488647460938,137.0011883297251,135.621288553468,136.33569871293724,1080800
2023-04-26,134.31967163085938,135.56256093393216,134.16308409458057,134.7209215926953,1167300
2023-04-27,134.75030517578125,135.26898842065546,132.4406908477894,134.40777174251917,1927100
2023-04-28,141.5323486328125,141.83572772297677,135.76810112065294,136.9914135377752,2154500
2023-05-01,141.88462829589844,142.60883444453032,141.31700968205334,141.63018475162687,1174800
2023-05-02,141.86508178710938,142.85351271067876,140.62219235803892,142.06080876079497,1106200
2023-05-03,142.91224670410156,143.6462341445183,142.09018435475787,142.32505077856308,1490600
2023-05-04,142.69691467285156,143.84193306443538,142.3641773487352,142.882860510743,1035500
2023-05-05,142.74588012695312,143.67559457866915,141.79658849529204,141.82594679870317,1482900
2023-05-08,142.72628784179688,143.92024183086576,142.24675898148993,142.32503782695983,1092900
2023-05-09,143.85174560546875,144.25298069147172,142.90245406439135,143.38198292969068,1116900
2023-05-10,144.92823791503906,145.45671714260297,144.03766305848475,144.4389130399666,1077300
2023-05-11,144.95761108398438,145.19249242399906,143.90066745343566,144.6933863761059,1012300
2023-05-12,145.026123046875,146.11242497309706,144.53679812394634,145.42737306759926,833500
2023-05-15,144.6542205810547,145.6230892323639,143.9495915497408,144.9575996214517,824600
2023-05-16,143.60707092285156,144.69337275199106,143.2058209379869,144.69337275199106,967400
2023-05-17,142.4326934814453,144.2040622646562,141.4931979821077,143.93982262227485,1280300
2023-05-18,141.62039184570312,141.9041936625046,140.36770660465987,141.8356810218582,1052300
2023-05-19,141.99229431152344,142.40332543096946,141.49318829498412,141.92379659145445,921000
2023-05-22,140.88641357421875,142.1684422572827,140.28943667603528,141.74761513249322,1163500
2023-05-23,139.65333557128906,140.74943359668924,139.31081707142388,140.29924807916578,1077300
2023-05-24,139.4380340576172,140.71028191866185,139.25208818668597,139.8980007068642,884500
2023-05-25,138.68447875976562,139.34995349925666,137.6960328402703,139.15422651311292,1028900
2023-05-26,138.06793212890625,139.43803603996346,137.8232696495737,138.9976465637674,1065700
2023-05-30,138.96829223632812,139.27167133009718,137.07950500969474,138.058154955021,1298600
2023-05-31,138.60618591308594,139.83927937381463,137.96027341474675,139.2520834784132,4090500
2023-06-01,139.68267822265625,139.69247427753422,138.3517139311629,138.98784524480183,949500
2023-06-02,141.41490173339844,141.5812704140646,139.7120456376796,139.7120456376796,849000
2023-06-05,140.67112731933594,142.46205824136902,140.61239578773564,141.4442540891154,894000
2023-06-06,140.2600860595703,141.7182645958621,139.77076119600721,141.29745238104252,889900
2023-06-07,138.82150268554688,139.80015264474562,138.21472955639462,139.45761918582073,1382600
2023-06-08,140.37753295898438,140.64177259235956,138.41043725820757,138.82148332479616,778600
2023-06-09,140.2405242919922,140.61240107471156,139.0269931211417,139.83927427586283,696800
2023-06-12,140.70050048828125,140.92558578433218,139.34995884595077,140.60262952494827,813300
2023-06-13,140.0447998046875,140.55368697599647,139.4086684410338,140.1622330083724,917800
2023-06-14,140.49497985839844,141.2681216562134,139.01722385789682,139.87842563140836,1104500
2023-06-15,141.4638214111328,141.99228569463304,140.24050924903898,140.69067976220404,999300
2023-06-16,142.61862182617188,143.17645934345893,142.139093012725,142.2858844999006,1516300
2023-06-20,142.75567626953125,143.48966379805714,142.13913690001937,142.32506786351374,1188500
2023-06-21,143.23519897460938,143.5581552313461,141.54213884051592,142.71651572582343,818200
2023-06-22,144.46829223632812,144.4976505384386,142.81437153004867,143.2351987486523,1191300
2023-06-23,143.4015655517578,144.9967696328306,142.94159891406213,144.4389320340461,1515200
2023-06-26,144.61509704589844,144.84996346012832,142.20761176895738,143.1960577055485,983000
2023-06-27,146.98341369628906,147.00299087324507,144.36062450557736,144.87930769733183,1111800
2023-06-28,145.63287353515625,147.30637125433222,145.22184241341373,146.9638378530414,1102000
2023-06-29,148.2067413330078,148.35353284290883,144.84018333116367,145.28057279387895,1027300
2023-06-30,150.39137268066406,150.60738290439252,148.0054620030938,148.3883864938884,1012900
2023-07-03,148.65345764160156,149.40949332267553,148.07416438427626,149.40949332267553,369900
2023-07-05,148.40798950195312,148.6632824435705,147.5341355462186,148.0643478234392,824400
2023-07-06,148.68292236328125,149.1542255374586,147.1610526820258,147.8385378856719,850300
2023-07-07,147.60287475585938,148.643642965644,147.3770513662975,147.7403344254162,625100
2023-07-10,148.15272521972656,149.3800491462542,147.4065176659111,147.90726043442103,894000
2023-07-11,147.13160705566406,148.66330500995215,145.37407069843633,148.13309265224785,1216800
2023-07-12,146.4737548828125,148.40801879276748,146.2282900717216,148.25093269997646,1073600
2023-07-13,146.88613891601562,147.2003260621191,145.7962746299397,146.3952093273685,1166300
2023-07-14,147.2592315673828,147.3181407194439,146.11045815624652,146.86649389898776,798800
2023-07-17,147.41632080078125,148.64364464352852,147.1610428350028,147.1610428350028,785900
2023-07-18,146.35589599609375,147.8385126325527,145.73732004938685,147.1021184034174,874000
2023-07-19,146.75848388671875,147.09231239189276,145.98280679189426,146.7879384617646,1146300
2023-07-20,151.71688842773438,151.79543896190816,147.0432290272799,147.27888062980128,1177900
2023-07-21,152.1390838623047,153.1111298882168,151.7168915870592,151.78561394215328,1353000
2023-07-24,151.50086975097656,152.1096176293791,150.7448340109729,151.91324879589266,1041800
2023-07-25,151.1572265625,152.0016261057264,149.9004479375095,150.85285259610149,729400
2023-07-26,150.0968017578125,151.4812267392301,148.93821516535112,149.42914473476318,1380200
2023-07-27,148.849853515625,150.79393044267016,146.86649383256906,150.33245544242476,1528900
2023-07-28,148.7516632080078,150.2833611053098,148.30000140091477,149.7826183256478,1249300
2023-07-31,148.36874389648438,148.47674900746173,147.24942501089296,148.45710762856157,1575400
2023-08-01,149.33096313476562,153.80823871970387,148.88912948819615,150.66629225500884,1909600
2023-08-02,149.80226135253906,150.72519639113563,149.12477612543427,149.5371551806324,1244100
2023-08-03,146.41482543945312,149.73351401983152,146.28719394311776,149.17384713673437,1632500
2023-08-04,145.83554077148438,147.21013761150695,145.52135362890004,146.41483408392375,1320900
2023-08-07,146.18899536132812,147.13158665433428,145.8748082516463,146.0417224945992,1017300
2023-08-08,144.59840393066406,146.51302631271972,144.17619669760558,146.35592525009415,992600
2023-08-09,145.7962646484375,146.32646197580593,144.2252840795263,144.3529305580699,1002100
2023-08-10,144.73587036132812,146.41484122770484,144.0583851064109,145.71772957553105,1145400
2023-08-11,144.89297485351562,145.19734881999034,144.1762068231906,144.93224263093884,766200
2023-08-14,145.3347930908203,145.7471721289254,144.49039363699137,144.80458076898418,793400
2023-08-15,143.420166015625,145.24640956003466,143.3808832616918,145.0402275388185,750300
2023-08-16,145.07949829101562,145.94353911152456,143.40052758441357,143.42016896178365,1461000
2023-08-17,143.14524841308594,145.26606791390714,143.09616743790482,144.9125979971036,885500
2023-08-18,143.62637329101562,144.70642448437323,142.72306455747267,142.9096202165057,1386300
2023-08-21,144.0780029296875,144.51000832844085,143.1157702700609,143.49869470171467,958200
2023-08-22,143.74417114257812,144.8438635597764,143.63616603862064,143.83254985089343,992300
2023-08-23,143.64599609375,144.60821386212672,143.29252620181833,144.38239045344253,813900
2023-08-24,142.37939453125,144.20565320831744,142.36958133294752,143.4299910469204,855000
2023-08-25,143.4005126953125,144.0092604927485,142.82121946988278,142.92922456123236,690300
2023-08-28,142.80160522460938,143.9994746537066,142.43832211286073,143.3612571810334,545200
2023-08-29,143.29254150390625,143.3416374628583,141.515378656517,142.43832874967637,1045500
2023-08-30,143.25323486328125,144.51001329663353,142.74267892484363,144.00927055555715,794100
2023-08-31,141.51535034179688,143.70489183872522,141.505522162783,143.70489183872522,1190800
2023-09-01,142.27137756347656,142.78194849031016,141.5644378130857,141.8099025880275,947600
2023-09-05,142.43829345703125,142.85067244248168,141.22078289381128,142.12409138317597,1209800
2023-09-06,141.53500366210938,142.2517716953951,141.18153373590835,142.0553878615188,811800
2023-09-07,144.09764099121094,144.21547427493925,141.80990741307605,142.03574580073283,1131500
2023-09-08,143.56744384765625,145.37406105949228,143.18451938447382,145.07950032274084,816800
2023-09-11,144.65731811523438,144.99114664843876,143.53799922356254,143.53799922356254,842100
2023-09-12,145.87481689453125,146.1399080703496,144.59839703999316,144.9911346958597,974700
2023-09-13,148.28036499023438,148.39818328761376,145.78643449451124,146.20864169675545,1381900
2023-09-14,147.71090698242188,149.03640797189567,147.01378032749656,148.5454783501684,1208500
2023-09-15,147.41632080078125,148.99711450951895,147.1217600821258,147.6715987665597,1494100
2023-09-18,146.25775146484375,147.64216153577817,145.85518560145965,147.27887842988542,867500
2023-09-19,146.54248046875,146.65048557624746,145.5213535285775,146.2577479027923,655700
2023-09-20,146.591552734375,147.88759883292272,145.9140676224612,146.70937102097585,712500
2023-09-21,144.67694091796875,147.3966797729023,144.5001984935653,146.62101769452318,1024000
2023-09-22,143.7049102783203,145.17769904928616,143.5281678351737,144.02892560577064,717200
2023-09-25,143.69508361816406,144.362740607102,143.2237804685812,143.50852799420176,1147700
2023-09-26,143.0372314453125,144.03873195691608,142.6346805866909,143.5576305697392,1163100
2023-09-27,142.10446166992188,143.4103360553384,141.37789553296972,143.17469946258882,874800
2023-09-28,142.34991455078125,143.056854233937,142.2517376393304,142.55611153419312,829400
2023-09-29,140.44300842285156,142.6702386718442,140.196634459908,141.9606804555689,1093100
2023-10-02,139.1125946044922,140.37402806056375,138.28478171847138,140.16706732032208,1455700
2023-10-03,140.4331512451172,140.62039785277295,138.19607157268513,138.77752552210893,1128800
2023-10-04,141.09344482421875,141.5172158765776,139.50679583917412,140.62041100731895,1647700
2023-10-05,141.41864013671875,142.05920635928314,140.87661446667948,141.1525520737046,1062900
2023-10-06,142.2957305908203,142.55195407206006,139.7433002100074,140.91604255726514,1164700
2023-10-09,144.49337768554688,144.57221914766043,142.00993929759105,142.30557598367773,854100
2023-10-10,144.2667236328125,144.91715444308076,143.2319500778352,144.5328116983717,1160600
2023-10-11,144.3455810546875,144.5821054766057,142.7195188867365,144.20761223460363,1035000
2023-10-12,143.87252807617188,145.88293276341662,143.13340627332914,145.52815369655326,1249500
2023-10-13,145.21279907226562,145.21279907226562,143.66556358756807,144.05975585709206,1015600
2023-10-16,146.0800323486328,146.48408921937633,144.72990796892174,145.08468704415253,918400
2023-10-17,145.9420928955078,146.84874737289442,145.34093975928164,145.86325141432528,1054600
2023-10-18,145.08468627929688,146.42496110782855,144.68062941068345,146.1884367130976,878300
2023-10-19,143.6754150390625,145.65627106902303,143.2220954268374,144.2765680324256,900000
2023-10-20,143.0348663330078,144.6215152448592,142.88704797125618,143.88239336115464,1140200
2023-10-23,142.3253173828125,144.96645423859593,142.2661900342644,143.67544196624115,1433500
2023-10-24,141.2215576171875,143.5670275031577,140.58097629535743,142.5716821130487,1467700
2023-10-25,145.43946838378906,146.18843975983873,141.46792161067523,141.46792161067523,1648200
2023-10-26,143.90211486816406,145.53802662617701,143.21227074882438,144.966452239777,2502000
2023-10-27,143.88238525390625,147.55828033791448,143.48819295313106,145.92236875597234,1865200
2023-10-30,145.1142578125,145.40004498049845,144.0302064080797,144.29629448688698,1092700
2023-10-31,146.33628845214844,146.52352003763693,144.69051213909825,145.8632396033574,865800
2023-11-01,146.5826416015625,147.47943129538572,145.22265267003723,146.5629274762946,1071900
2023-11-02,149.5095672607422,149.6081078135305,146.20815047416127,146.20815047416127,1363500
2023-11-03,151.2243194580078,151.35243871718362,150.0121638989817,150.5147613167555,1263300
2023-11-06,152.40692138671875,152.43648505809566,150.90897857871303,151.02723326422065,1317500
2023-11-07,152.6631622314453,153.08691821924006,152.25910533321803,152.75185324691776,1284000
2023-11-08,153.35301208496094,153.52054457743853,152.24926152865044,153.26432106614462,901200
2023-11-09,154.082275390625,154.47646769831107,152.6730085675757,153.46140822042045,1276300
2023-11-10,155.50137329101562,155.59992888449972,153.91472447574475,154.5060279617046,1381100
2023-11-13,156.1025390625,156.2405078821554,154.85097014043794,154.969224832293,924300
2023-11-14,156.75296020507812,157.7187418826711,155.11703356116465,155.7083370586549,1417000
2023-11-15,154.74253845214844,157.5807558321705,154.55529186384564,156.63468838465346,1947500
2023-11-16,156.57557678222656,156.6051404530902,155.1761745572813,155.29442924073592,1334900
2023-11-17,156.4178924560547,156.88107667876605,156.05326382699474,156.66426640271084,1321500
2023-11-20,157.18658447265625,157.38368063064462,155.61964971606028,156.09268350272694,723700
2023-11-21,157.71875,157.91586120095656,156.38833961838344,156.95992901871605,1207200
2023-11-22,157.6891632080078,158.42828499080966,157.41322561209282,157.86656025536524,726700
2023-11-24,158.07351684570312,158.08338142746967,156.9204885894329,157.60048308254738,371700
2023-11-27,157.92568969726562,159.00974100814804,157.77787135372319,159.00974100814804,792200
2023-11-28,157.5216522216797,158.16223354327482,157.04861842667466,157.5512158940254,1012600
2023-11-29,157.6103515625,157.73847084107996,156.7924032011058,157.44281906453529,1200600
2023-11-30,159.49264526367188,159.50250984618626,157.06833388592514,157.462526212193,1621900
2023-12-01,161.54246520996094,161.57202888013566,159.49263219883866,159.61090191700964,976400
2023-12-04,160.2021942138672,161.40450028815087,159.7882877839868,160.80334725100903,1505000
2023-12-05,159.1181640625,160.49785221587703,158.83236184949635,160.12335898675767,1286500
2023-12-06,159.50250244140625,159.85728153356632,158.06367194612577,158.99004041107,1233800
2023-12-07,159.24624633789062,160.42883816879151,158.27061522019613,159.50248484352434,924600
2023-12-08,159.443359375,159.6995979078012,158.093234936677,159.6995979078012,864600
2023-12-11,160.0839385986328,160.68509163227594,159.1871338203751,159.58132612154628,854600
2023-12-12,162.77435302734375,162.92218643212973,159.71932481559236,160.2317718472572,684700
2023-12-13,164.68621826171875,164.74534560893707,162.78420338051117,162.9320367860308,1042000
2023-12-14,160.33030700683594,164.38069516693986,159.99524205866965,164.38069516693986,2212000
2023-12-15,159.72914123535156,160.192325406837,158.31987459685075,158.4775575142651,2886300
2023-12-18,161.1975555419922,162.17318676193446,160.28103662669838,160.50769645065324,1063500
2023-12-19,160.43870544433594,161.60158317030226,159.9262434619327,161.2271050240014,1615100
2023-12-20,159.847412109375,161.1975515500849,159.827697983332,160.03465871310303,1389900
2023-12-21,159.30540466308594,161.04973659953095,158.8520849745018,159.65033423970448,1311400
2023-12-22,160.33030700683594,160.51755360653823,158.99988172077255,159.64046298488418,1213000
2023-12-26,160.70480346679688,161.03986842176133,159.59118842753432,159.98538072308403,545000
2023-12-27,161.38479614257812,161.44393852548083,160.20220412157207,160.50770543127234,569600
2023-12-28,161.92681884765625,162.48855869369143,161.3355303669316,161.7100085601486,758800
2023-12-29,163.04901123046875,163.19731246125698,161.87243784423146,162.3272383430455,676100
2024-01-02,163.07867431640625,164.14648845646155,161.8526621363586,161.8526621363586,1068000
2024-01-03,161.8724365234375,165.24395861740197,161.84277627752186,163.889408678676,1343900
2024-01-04,162.30746459960938,164.0278191139208,161.92186633744362,162.8413640831488,713000
2024-01-05,161.67469787597656,162.63375273286857,160.91338302237673,162.3569137109405,693500
2024-01-08,162.4953155517578,162.54473923226,160.43878655064185,162.08004197742838,956600
2024-01-09,161.96142578125,162.7622826362918,161.36820574513558,162.17894432047072,694000
2024-01-10,162.4458770751953,162.52497608537126,161.0221250652153,161.6252418170376,629200
2024-01-11,162.08006286621094,162.8512745417921,161.32864480393135,162.6732979746286,778100
2024-01-12,164.26512145996094,164.34422047611295,161.605475502404,162.56453032917943,1064100
2024-01-16,163.77078247070312,164.72983740608979,163.19732585360413,163.81032443995983,952300
2024-01-17,164.32443237304688,166.32164092634574,163.3851561267023,163.7312124163737,840300
2024-01-18,165.85693359375,165.90637235878654,164.11680070525134,164.32442239717471,743400
2024-01-19,166.77645874023438,167.24115605228084,165.74820165637126,166.18323872182714,1487500
2024-01-22,166.92477416992188,167.35981123305862,165.61966298051166,166.79623637765093,928000
2024-01-23,167.90359497070312,167.95301865332067,166.11400807944003,166.77644534441393,1109000
2024-01-24,167.42901611328125,168.45728829464016,167.29059659885934,168.08157171838263,2188900
2024-01-25,168.35838317871094,168.44736390485545,166.67757075407755,166.8159902458334,1506300
2024-01-26,169.35699462890625,169.42621192411562,168.42761515271107,168.66489710978456,1298200
2024-01-29,169.53497314453125,169.80193043592158,168.6550173414839,169.16915339874814,1257300
2024-01-30,170.9290771484375,171.00817616952807,169.376787146902,169.83160274652383,968000
2024-01-31,169.1889190673828,171.59150454836978,168.54626030227897,171.55194749681567,2427300
2024-02-01,171.86834716796875,171.89800741395908,167.9134867789087,168.79344261201075,982700
2024-02-02,171.70025634765625,172.49123139181776,170.84006400958083,171.9474351060446,801200
2024-02-05,171.29489135742188,172.15506866812964,170.731316507927,171.50252816686609,832400
2024-02-06,171.72003173828125,171.78924903701292,170.54347343919937,171.45308952298953,1009200
2024-02-07,172.59010314941406,173.3711965165311,171.26522855379687,172.18472634301637,967200
2024-02-08,172.66920471191406,173.0943600505625,171.13669328736395,173.0350244717362,1131600
2024-02-09,171.53219604492188,173.09436778539418,170.84008337371066,173.03503220391644,1006300
2024-02-12,170.05897521972656,171.2553269741989,169.12958073199638,170.99825142600525,1172700
2024-02-13,173.6282501220703,174.5477478748237,170.2863884332879,171.25534004233725,1828300
2024-02-14,176.7229461669922,176.76248813373203,174.31047885778392,174.33025738445158,2308900
2024-02-15,177.83029174804688,177.94893272783884,175.03222631072808,176.48563865955788,1441700
2024-02-16,178.3938446044922,179.29357889744628,177.45456834866488,178.1664443731347,902800
2024-02-20,177.9785919189453,180.21309760242684,177.8006304503111,179.36280205023186,1283600
2024-02-21,179.31338500976562,179.47158305878543,177.5930151715168,177.9786134868799,1074600
2024-02-22,181.26112365722656,181.9136791812377,179.13537734475273,179.73849410120053,1072000
2024-02-23,182.89251708984375,183.22869169354567,181.45888319557545,181.51820368840657,1233200
2024-02-26,182.78375244140625,184.09874531128767,182.61567268780266,183.23856801737674,1468900
2024-02-27,182.43771362304688,182.85297215271342,181.2611402456941,182.62557190502355,1324600
2024-02-28,183.8515625,190.39686646001175,182.40804696002675,190.39686646001175,2064200
2024-02-29,181.52809143066406,183.06058770759668,180.6975593127135,182.91228648292406,1933800
2024-03-01,181.56765747070312,181.99281284879746,179.98570712698876,180.83600279658083,1248400
2024-03-04,182.85296630859375,183.12980531952348,181.40943567737912,181.5972939533517,914500
2024-03-05,181.686279296875,183.48574800015723,180.509721013877,182.91229143822977,1008800
2024-03-06,181.72584533691406,182.65523998026023,180.68769142495086,181.05351119821003,1081700
2024-03-07,181.923583984375,182.79365812679347,181.33034887152684,182.71455910597402,925600
2024-03-08,182.11141967773438,182.63543742487528,180.70744617722542,181.32044465427467,816100
2024-03-11,182.19053649902344,182.44759699497482,180.75690261506486,181.92357919660785,1037600
2024-03-12,183.3473358154297,183.99989142092488,181.80494262905603,182.0224611642211,974300
2024-03-13,183.79225158691406,183.93067109914585,182.15098088002637,183.57473305532196,795300
2024-03-14,184.227294921875,184.6722137201527,182.33884537266968,184.4349166539932,880000
2024-03-15,184.20748901367188,184.50410653063236,182.3091580263558,182.33881826939248,1790600
2024-03-18,185.46316528320312,186.03662180525998,184.17783273973734,184.2074929834132,788500
2024-03-19,186.02674865722656,186.3530264657489,185.3445478793299,186.15528645389787,1097200
2024-03-20,185.68069458007812,186.53099015022974,185.1665585155087,186.38267383664126,1193100
2024-03-21,186.9857940673828,187.26263308724575,185.18634043827376,185.85865946177086,2009900
2024-03-22,188.360107421875,188.56774423004214,186.8374928128313,187.60868938043194,1239200
2024-03-25,187.58889770507812,188.4490900367946,186.86713996016616,188.30077373090154,1112100
2024-03-26,187.54937744140625,188.2711352698249,187.19343938731288,187.5889194089296,1316700
2024-03-27,189.3587188720703,189.40815764404886,187.5592501608982,188.18214549731854,1228300
2024-03-28,189.2796173095703,189.89261583139685,188.86435878640444,189.7146543585807,1187400
2024-04-01,188.21376037597656,189.2349895892948,187.65853072161403,189.06643881056857,1473400
2024-04-02,187.3115234375,188.7095222547876,187.3115234375,188.02539453020538,1171000
2024-04-03,187.62879943847656,188.02538775173778,186.8157737287543,187.2520299506663,1051500
2024-04-04,185.1897430419922,188.8384191756763,184.84271691073187,188.56078919334314,1605500
2024-04-05,186.7959442138672,186.87526490417946,184.7931535167624,185.88377896858808,735600
2024-04-08,186.91493225097656,187.64862215862522,185.9234463183705,186.0225858343063,1222000
2024-04-09,187.19253540039062,187.74776506732263,185.9036007427991,187.36108618293258,1175000
2024-04-10,188.07496643066406,188.52113206852204,186.0225833160931,186.39935280662291,1412000
2024-04-11,187.56930541992188,187.89649760003954,186.18123113658186,187.45033194674275,1260400
2024-04-12,186.22088623046875,187.73785842459912,185.4376039089478,187.18261362060213,1006400
2024-04-15,185.6458282470703,188.29309382574021,185.15008528936715,187.79735086803706,961900
2024-04-16,185.88377380371094,187.3710026657746,185.36821202431838,186.84551634482204,1479900
2024-04-17,187.3412628173828,187.53955697694067,185.50702293037924,187.01407064611874,1460500
2024-04-18,187.36109924316406,188.2137777564963,186.57781687859878,187.47016330169058,1586300
2024-04-19,188.1443634033203,189.04661922466568,187.24212271084951,188.63019695224656,1576400
2024-04-22,190.12733459472656,191.10891110203457,188.6004529344553,188.96729788365775,1262700
2024-04-23,188.9871368408203,191.3468782343969,188.41207317646655,190.6726599238572,1348400
2024-04-24,190.3553924560547,190.95027494707077,188.53104681519721,188.83842016709502,1135700
2024-04-25,191.91201782226562,192.1698138514244,188.9871372991849,190.0480193973481,1358400
2024-04-26,190.2859649658203,192.03097463788694,189.9488634034109,191.77319375996333,1893300
2024-04-29,191.76329040527344,191.9714939708611,190.09758623620164,190.1868314646133,1139400
2024-04-30,190.06784057617188,195.08475671906717,189.93895769913087,191.8128654111782,2047800
2024-05-01,184.4163818359375,186.15148220267346,179.8257971672762,186.15148220267346,3286500
2024-05-02,184.85264587402344,186.3993615599648,184.07928803105276,185.65574708565643,2025700
2024-05-03,183.9305419921875,186.2010531522679,182.36399247065307,185.0509258890339,1219300
2024-05-06,185.12034606933594,185.13025548231718,183.85123015062027,184.55519182303385,1185100
2024-05-07,186.95458984375,187.06365390429895,185.6061683355427,185.79455308820678,1097600
2024-05-08,185.7350616455078,187.70812409858496,185.55658631055184,186.9744190617655,1489100
2024-05-09,186.5282440185547,186.6571268957163,185.4673468618367,185.7053089201622,954200
2024-05-10,187.62879943847656,188.26334981701916,187.18261867496466,187.20245262929006,689900
2024-05-13,186.6273956298828,188.21377919716113,186.42910146619175,187.4999081047734,839000
2024-05-14,185.74496459960938,187.6089629300848,185.63590054561615,186.61747703155518,804100
2024-05-15,185.3781280517578,186.64722884902685,184.9517812290718,185.50702606564252,670700
2024-05-16,186.10189819335938,186.35969420677628,184.72373341388675,185.90360404148993,907700
2024-05-17,186.55799865722656,187.0239982607251,184.7733209341337,186.4092666884585,711700
2024-05-20,184.39654541015625,186.32993990997645,184.11893056550895,186.32993990997645,908500
2024-05-21,184.8922882080078,185.21948037367946,184.20816050968295,184.6939940518392,718700
2024-05-22,185.17982482910156,185.40786234884695,183.99004478098004,184.93195335537317,694600
2024-05-23,184.7435760498047,185.53676782343274,184.29741040491226,185.17983228174384,605300
2024-05-24,185.219482421875,185.3979577546124,183.28608790232113,185.15999568725402,832800
2024-05-28,181.9475555419922,184.58491142745333,181.7790047697613,184.58491142745333,866700
2024-05-29,180.04391479492188,181.26345330301902,179.8951979665557,181.26345330301902,787200
2024-05-30,180.5198516845703,181.2337076401438,179.37963378049687,180.043927542355,1210000
2024-05-31,183.61328125,183.67276798500274,179.96460517146127,180.3909519871052,2388000
2024-06-03,183.74217224121094,184.46595270421386,182.24501886609815,183.09769733593174,1668700
2024-06-04,185.7648162841797,185.81439360961295,182.9291657385784,183.6826896469871,1428300
2024-06-05,186.46876525878906,186.80586684250773,183.85122789191587,185.9928411217896,1173400
2024-06-06,185.47727966308594,187.25203281606838,184.40647304624545,186.70671253033368,871500
2024-06-07,185.35829162597656,187.66845565881826,185.04102399532593,185.8639591328607,883100
2024-06-10,186.12173461914062,186.52824746964012,185.02118466344334,185.28889009290327,585500
2024-06-11,185.0608367919922,186.03250386472627,184.10901880217511,185.5863231075707,770200
2024-06-12,185.67556762695312,186.09198988701644,183.4943016856755,184.56509313791022,781900
2024-06-13,185.83419799804688,185.9829299627908,183.5339585396442,185.58632651901482,701400
2024-06-14,187.0338897705078,187.19253113712503,184.42627714890364,185.050918074413,653900
2024-06-17,190.0579376220703,190.50410325840951,186.53815959517303,186.6174802839027,1014400
2024-06-18,190.21658325195312,190.66274889826667,189.0862898878172,189.9587872255999,771800
2024-06-20,190.19674682617188,190.74206711074828,189.03671010927732,189.9290413903117,815100
2024-06-21,190.21658325195312,190.68258285311111,189.7208402829659,190.68258285311111,1305900
2024-06-24,193.00265502929688,193.18111523508168,190.40495160150118,190.94036247660495,770300
2024-06-25,192.84400939941406,193.6173671985208,192.23920238945888,193.1414581980415,1129300
2024-06-26,192.43748474121094,193.260419811088,191.51541016378897,191.8029344032046,1495800
2024-06-27,193.16128540039062,193.7065905284598,192.4969765508313,193.02246285419258,707400
2024-06-28,192.68536376953125,194.14284923464552,192.41767347266259,193.28026135365405,4550500
2024-07-01,191.23780822753906,193.4091648031569,190.46445042374017,193.16129332427585,1427700
2024-07-02,192.04811096191406,192.4557545076934,190.4374259000664,191.12345645980372,1653400
2024-07-03,192.42591857910156,192.81367301436933,191.57086839223487,192.40604462823492,713300
2024-07-05,193.76815795898438,193.9868927910326,191.32231173287937,192.88328165513664,2240900
2024-07-08,194.1658477783203,194.99107187952742,193.7979824597052,194.02665426552363,1362400
2024-07-09,194.19569396972656,194.65303759295693,192.95288929862485,193.8775286918659,577200
2024-07-10,195.7467041015625,195.93561283152044,193.70850148663172,194.65302996546652,923200
2024-07-11,197.55621337890625,198.22235481454058,196.01513266258,196.21399353252227,1213800
2024-07-12,199.0972900390625,200.1810119717792,197.9141376734003,198.16269858480987,893800
2024-07-15,200.03189086914062,200.38981920518526,198.96804283638542,199.3458602941422,1082200
2024-07-16,203.00466918945312,203.07427352975907,200.07165334035014,200.5588382096274,953300
2024-07-17,204.237548828125,205.29144477331403,202.8456136497538,203.41232469703507,1017100
2024-07-18,203.39244079589844,205.35108692574056,202.86547767812556,203.7901322071349,869000
2024-07-19,202.28883361816406,204.87385818339618,201.98060532186184,204.87385818339618,1141900
2024-07-22,203.89950561523438,203.9889839097499,201.90108118294472,202.88537276452598,590400
2024-07-23,197.89425659179688,203.14387721130313,197.0988737797382,202.99473155582612,2081100
2024-07-24,198.5206298828125,199.53476266444738,196.67133606733915,197.1485687765391,1952000
2024-07-25,188.25010681152344,201.3840733424438,188.1805176383538,200.75769492913915,2370300
2024-07-26,189.20457458496094,190.89478580004123,187.7330981922862,188.36941353811483,1860600
2024-07-29,191.0538787841797,192.34639866727844,189.40343055146832,190.75560263100994,1299600
2024-07-30,191.25271606445312,193.55935352730168,191.00415514292888,191.09363343364848,1007800
2024-07-31,193.20144653320312,193.8377619057841,191.53110919833114,191.71008095643947,1478100
2024-08-01,196.4029083251953,196.4128604723413,192.68444632203474,193.74827927069174,1585400
2024-08-02,198.84873962402344,198.89845484312042,195.1501518533402,196.83042613051597,1634400
2024-08-05,194.0266571044922,200.47930434923853,192.63472195615884,198.8487452450672,1912600
2024-08-06,195.56773376464844,198.35161917320013,194.23545084080502,194.5635530840121,1268800
2024-08-07,200.39976501464844,202.040276281735,196.16429216053984,196.16429216053984,2852700
2024-08-08,200.33016967773438,201.13550465181646,199.2364955333297,200.1611500683182,1141100
2024-08-09,200.0617218017578,200.36993492644905,196.4824383547996,200.22080443739043,901400
2024-08-12,198.36155700683594,199.95235301030596,197.62582637126897,199.95235301030596,1051900
2024-08-13,199.2364959716797,199.4254047034884,197.93403914199442,198.9083937276364,640000
2024-08-14,201.28463745117188,201.47354618473472,198.35162152052308,198.8487433789705,484600
2024-08-15,201.71217346191406,202.10986488684264,200.5091318694287,201.65252126527034,583900
2024-08-16,202.0999298095703,202.62687777948074,201.394010077092,202.07010371096825,747900
2024-08-19,203.7801971435547,203.81996021666944,201.66245319001246,202.0004924098304,574400
2024-08-20,204.11822509765625,204.37672298602263,203.33276411565723,204.2872446982367,450300
2024-08-21,204.63523864746094,204.71476479031247,203.62110586012858,204.5258712373471,455800
2024-08-22,205.71896362304688,206.56406164910354,204.94345476574566,205.50022879960758,547700
2024-08-23,205.08265686035156,206.8026942521777,204.28725884826753,206.10672668071237,675500
2024-08-26,205.63941955566406,207.41910904514904,205.32125430002742,205.42068473515246,536800
2024-08-27,205.77862548828125,206.72315399518732,204.76449263839368,206.04707554256584,575000
2024-08-28,206.15643310546875,207.11089854248365,205.22184161896547,206.39504187924518,531600
2024-08-29,204.75454711914062,207.48871725559988,204.27731439773504,206.72314536952396,1164700
2024-08-30,207.01148986816406,207.4489443576673,204.60540673564338,204.72472629728523,885400
2024-09-03,204.6451873779297,207.38929459256744,203.66088063036412,207.0015401473365,1122100
2024-09-04,206.51437377929688,206.69333037032445,204.4165188823927,204.8142103097576,792100
2024-09-05,204.2474822998047,206.60385025763063,203.19358637269727,206.51437196290385,672100
2024-09-06,201.6525115966797,205.80844292045478,201.63262247510028,204.3469034889375,1033400
2024-09-09,204.11822509765625,206.0072819709238,201.930892094148,202.76605312205865,882700
2024-09-10,205.12240600585938,205.91780396393452,203.46202092276542,204.62528417843168,704800
2024-09-11,203.62112426757812,204.34691796160686,199.5844970454801,203.48193074857323,829000
2024-09-12,204.05859375,204.13813507091947,201.6425735363079,202.9152043291079,885300
2024-09-13,204.60540771484375,205.60960357778032,203.29301389814304,203.98898146540517,763000
2024-09-16,204.17788696289062,206.63367011705907,204.068519548986,205.34115027208279,657800
2024-09-17,200.5886688232422,203.94921742328887,200.1412621871955,203.48192166514198,856900
2024-09-18,198.03346252441406,200.8770002516786,197.0193448241333,200.4991979435361,838200
2024-09-19,199.75350952148438,200.10148572107718,196.5520435278813,198.7692027766711,1316100
2024-09-20,200.23074340820312,200.33017384920308,196.81054256279702,196.81054256279702,1951100
2024-09-23,201.64256286621094,202.17946296126783,200.2009125318517,200.47929955486086,740300
2024-09-24,202.1894073486328,202.33853784108496,200.47930690405607,200.99631789614926,1557900
2024-09-25,203.31289672851562,203.66087291590048,202.12974431530685,203.0543836608504,864200
2024-09-26,199.6143035888672,203.91938045120335,199.494984033584,202.36834760015563,751200
2024-09-27,198.23231506347656,200.35999598862136,197.96386501484494,199.24643272105376,1565100
2024-09-30,199.68389892578125,199.81315546010083,197.2082418487386,197.9737985664421,1266200
2024-10-01,200.12136840820312,200.65826849572937,198.15277015283453,199.644135685589,698900
2024-10-02,199.5131378173828,200.6598315016581,198.92484243616573,200.0316429199664,666200
2024-10-03,201.3179168701172,201.45751264198017,199.0245599344822,199.0245599344822,1379900
2024-10-04,200.09146118164062,200.5601073762176,198.92483614879933,200.3606870245417,957800
2024-10-07,198.0373992919922,199.3535857625648,197.2397026840223,198.8849547907347,2229500
2024-10-08,201.47744750976562,201.74667334510886,198.56586785560035,199.42338903705155,752900
2024-10-09,204.2494354248047,204.53860786489278,200.33077305611445,201.7965362116025,609600
2024-10-10,202.49452209472656,204.7978599293232,202.38483861618394,204.4688094936954,553900
2024-10-11,203.85060119628906,204.25942281640047,202.25520791598976,203.21244692712892,780800
2024-10-14,205.17677307128906,206.3832761428837,203.9802356925479,204.5685310816659,702100
2024-10-15,205.89468383789062,207.93876140715008,205.4360033478166,206.4630325859158,983900
2024-10-16,204.9374542236328,206.59267208251052,204.37907114227596,205.05710339398132,515100
2024-10-17,205.02719116210938,206.2037971251436,204.02010847684954,205.67532633621738,626400
2024-10-18,204.20956420898438,205.40610156348197,203.40190187506846,204.8776307717889,780200
2024-10-21,203.52154541015625,204.8078196072921,202.3947983650173,203.9004547275936,666000
2024-10-22,203.33209228515625,203.571405837153,201.42759520602596,202.8036215041114,552700
2024-10-23,203.3919219970703,204.08990085616017,202.18541894381457,202.85348551000044,554700
2024-10-24,200.94898986816406,203.25232772758466,200.719657215939,202.67399803583606,642400
2024-10-25,199.25389099121094,201.55722881592428,199.01457743501814,200.7296198840718,517300
2024-10-28,199.84217834472656,200.60996266040962,199.32367326785516,200.40056140529703,707900
2024-10-29,203.72096252441406,205.10695448247435,200.00172054454822,200.63987478678897,1182600
2024-10-30,198.23683166503906,206.9017809749354,197.9376935170554,203.41187141632204,1391000
2024-10-31,197.42916870117188,199.5430519013581,197.04029367444332,197.43913439398096,1434100
2024-11-01,198.0074920654297,199.59290441489068,197.2796009288818,198.2767179106506,1010800
2024-11-04,200.01168823242188,200.6897356798915,198.31659243594393,199.42339287499203,1061500
2024-11-05,201.55722045898438,201.96604206164736,199.4233907861643,200.31082426657085,730700
2024-11-06,206.4730224609375,207.2108792962046,202.14552316028352,205.07704954579827,1442300
2024-11-07,207.4801025390625,208.48718520918067,206.26361860912297,207.22085760219582,865800
2024-11-08,210.97998046875,212.6351983253192,203.80074117669292,208.53704688382197,1011900
2024-11-11,211.20932006835938,214.34026668893804,210.9002010328205,211.887352292593,891100
2024-11-12,211.62811279296875,212.70500095450063,210.85036276766198,211.8973234222535,929700
2024-11-13,214.06106567382812,215.55674114180556,210.85036300018373,211.7577278875105,1056100
2024-11-14,208.8561248779297,213.64227410817531,208.29772660059018,213.25339910284794,1113400
2024-11-15,207.44021606445312,209.0056970732454,206.60264142761048,207.89889658356114,984400
2024-11-18,208.4772186279297,209.2948466344374,206.60263384916937,206.97157747539623,683100
2024-11-19,210.30194091796875,210.4215900839971,206.3433853840258,207.44020490714618,907000
2024-11-20,212.0070037841797,212.10672156638918,208.93588171265583,210.30194229789825,990600
2024-11-21,213.44285583496094,214.61946176944272,210.68083757217332,212.38591428275706,1108200
2024-11-22,216.16497802734375,216.23478351731177,214.3901110642383,214.3901110642383,755400
2024-11-25,217.23190307617188,218.26889802751742,215.3972115081311,216.0752437427037,2052300
2024-11-26,218.1193389892578,219.305910627727,217.14216861072927,218.33870594165367,835600
2024-11-27,217.65069580078125,219.94406792538513,217.31167967504618,219.3258602590685,771300
2024-11-29,217.67063903808594,219.36573485537247,217.3715009021418,217.95979626679343,631500
2024-12-02,214.34027099609375,217.75040921456542,213.87162480206894,217.75040921456542,792600
2024-12-03,214.17074584960938,215.07812593775068,213.08389201117942,214.37018141410442,996900
2024-12-04,214.92857360839844,215.32741432473472,213.51266928616712,213.82177312354747,1219900
2024-12-05,214.8587646484375,215.24763966577072,212.894442961837,214.45992393853598,1102400
2024-12-06,216.0552978515625,217.95979491665187,215.77610631702345,216.26469910986555,1053800
2024-12-09,211.72781372070312,217.05241468800753,210.85036113332103,216.04533202581322,1022400
2024-12-10,211.07969665527344,212.97421283785886,210.09254536435708,212.86452936109038,651700
2024-12-11,209.74356079101562,212.39588036879903,208.98574215610822,211.50844687381337,835900
2024-12-12,209.52420043945312,210.6310009199505,208.89601185963627,210.39168736221126,501300
2024-12-13,208.36753845214844,209.79340844361408,208.10829351228134,209.79340844361408,805700
2024-12-16,207.53993225097656,209.79341119885646,207.021427149635,209.03560775443265,1013400
2024-12-17,205.02719116210938,207.7194192141309,204.55854495837514,206.891810284447,1077900
2024-12-18,202.87342834472656,206.21376111365694,202.78367625288243,205.3462742059463,2226300
2024-12-19,203.36199951171875,204.74799146773094,201.88627068149216,202.58424950559953,1603000
2024-12-20,203.14263916015625,205.0072582687768,202.23527426675662,203.85059891424814,2366700
2024-12-23,201.6768798828125,203.37199096255284,200.09146749697345,203.32213206936083,1027600
2024-12-24,203.5514678955078,203.5514678955078,201.18830542636377,201.26807661375577,326800
2024-12-26,203.51158142089844,205.79497260741198,201.91618816919805,202.91330514781137,394100
2024-12-27,202.29510498046875,204.1796555312379,201.6569506991183,202.61417451374487,559600
2024-12-30,200.60997009277344,201.51735020721645,199.95186922637754,201.07861629628584,880800
2024-12-31,200.59999084472656,201.06863705211558,199.15417423705313,200.88916329514004,832200
2025-01-02,200.08999633789062,202.72000122070312,199.4499969482422,201.2100067138672,877500
2025-01-03,201.0399932861328,201.5399932861328,199.42999267578125,200.32000732421875,779500
2025-01-06,200.9499969482422,202.49000549316406,200.24000549316406,201.0500030517578,864200
2025-01-07,203.0500030517578,203.6699981689453,201.8699951171875,201.89999389648438,1057300
2025-01-08,206.9600067138672,207.24000549316406,203.6199951171875,203.88999938964844,1114500
2025-01-10,206.2899932861328,208.7100067138672,205.80999755859375,207.13999938964844,1315600
2025-01-13,207.22000122070312,207.25,203.91000366210938,205.77999877929688,1350600
2025-01-14,207.0,207.0800018310547,205.16000366210938,207.0,849200
2025-01-15,209.75999450683594,210.2100067138672,207.66000366210938,208.1699981689453,1207000
2025-01-16,211.9199981689453,212.8699951171875,209.52000427246094,209.75999450683594,909300
2025-01-17,213.72999572753906,214.67999267578125,212.2100067138672,212.47000122070312,1252800
2025-01-21,214.94000244140625,217.16000366210938,214.42999267578125,214.97999572753906,931200
2025-01-22,212.47999572753906,214.39999389648438,211.8000030517578,214.1300048828125,981700
2025-01-23,212.27000427246094,213.02999877929688,211.27000427246094,212.8300018310547,655600
2025-01-24,211.8300018310547,212.7899932861328,211.66000366210938,212.7100067138672,736500
2025-01-27,215.57000732421875,215.77000427246094,211.99000549316406,212.88999938964844,1057300
2025-01-28,216.05999755859375,216.24000549316406,214.02000427246094,215.52999877929688,1318100
2025-01-29,212.30999755859375,216.14999389648438,212.13999938964844,216.1300048828125,1140500
2025-01-30,218.36000061035156,218.9199981689453,212.58999633789062,214.0800018310547,863200
2025-01-31,216.8699951171875,219.55999755859375,216.6999969482422,218.5399932861328,943900
2025-02-03,221.05999755859375,221.75,215.0800018310547,215.39999389648438,1130500
2025-02-04,219.24000549316406,220.32000732421875,218.6199951171875,220.02999877929688,724500
2025-02-05,221.0,221.3699951171875,219.6300048828125,220.74000549316406,892600
2025-02-06,221.57000732421875,221.67999267578125,219.44000244140625,220.24000549316406,650800
2025-02-07,221.07000732421875,222.64999389648438,220.75999450683594,221.94000244140625,616500
2025-02-10,222.10000610351562,223.42999267578125,220.25,221.77999877929688,740200
2025-02-11,223.25,223.27000427246094,221.0,222.1999969482422,751400
2025-02-12,223.5,224.4499969482422,221.5,222.00999450683594,1145400
2025-02-13,224.49000549316406,224.67999267578125,220.69000244140625,223.49000549316406,1382300
2025-02-14,231.3699951171875,232.52000427246094,227.36000061035156,228.52999877929688,1506700
2025-02-18,228.5500030517578,231.14999389648438,227.4600067138672,228.6199951171875,1224900
2025-02-19,229.66000366210938,230.41000366210938,227.75999450683594,229.89999389648438,1133400
2025-02-20,230.86000061035156,231.35000610351562,227.25999450683594,228.55999755859375,1143200
2025-02-21,230.8699951171875,231.44000244140625,228.27000427246094,229.5500030517578,1231700
2025-02-24,232.7100067138672,233.4199981689453,230.27000427246094,230.63999938964844,1063200
2025-02-25,233.50999450683594,234.02999877929688,232.17999267578125,232.72000122070312,1525500
2025-02-26,231.57000732421875,233.97999572753906,231.3300018310547,231.99000549316406,947600
2025-02-27,232.69000244140625,233.69000244140625,230.47000122070312,231.33999633789062,642800
2025-02-28,237.02000427246094,237.52000427246094,233.25999450683594,233.60000610351562,1509900
2025-03-03,239.6199951171875,240.63999938964844,237.25999450683594,237.25999450683594,1126900
2025-03-04,235.94000244140625,240.9499969482422,235.35000610351562,239.6199951171875,1555100
2025-03-05,235.75999450683594,237.0800018310547,225.0,233.14999389648438,1367700
2025-03-06,231.49000549316406,235.27999877929688,229.44000244140625,233.94000244140625,1109200
2025-03-07,234.17999267578125,234.61000061035156,229.22000122070312,230.07000732421875,972300
2025-03-10,233.3000030517578,238.13999938964844,232.47999572753906,232.97999572753906,1050100
2025-03-11,231.7100067138672,233.86000061035156,231.38999938964844,233.4499969482422,1107000
2025-03-12,230.6300048828125,232.7899932861328,229.94000244140625,231.52999877929688,1118900
2025-03-13,229.27999877929688,230.6999969482422,228.80999755859375,230.13999938964844,928800
2025-03-14,232.00999450683594,232.1699981689453,228.6300048828125,229.47000122070312,940200
2025-03-17,235.75999450683594,236.24000549316406,231.1999969482422,231.1999969482422,788100
2025-03-18,234.0399932861328,236.1300048828125,233.4199981689453,235.2100067138672,946100
2025-03-19,234.55999755859375,235.32000732421875,232.97999572753906,234.1199951171875,732900
2025-03-20,234.86000061035156,235.5,233.0,234.9199981689453,957700
2025-03-21,233.33999633789062,235.02999877929688,231.9199981689453,234.41000366210938,1625600
2025-03-24,235.99000549316406,236.5,233.10000610351562,234.4199981689453,2079300
2025-03-25,237.7899932861328,238.1999969482422,235.75999450683594,236.82000732421875,832400
2025-03-26,237.75,240.30999755859375,237.5500030517578,238.5,1554500
2025-03-27,239.77000427246094,241.08999633789062,237.47999572753906,239.14999389648438,1256500
2025-03-28,238.5399932861328,240.8800048828125,238.30999755859375,239.88999938964844,1043992
